Industry,Business Name,Category,Address,Suburb,Google Maps,Website,Email,Phone,Latitude,Longitude,Permanently Closed,Mon,Tue,Wed,Thu,Fri,Sat,Sun,Assistive Hearing Loop,Wheelchair Accessible Entrance,Wheelchair Accessible Parking Lot,Wheelchair Accessible Restroom,Wheelchair Accessible Seating,Reviews Count,Total Score
Hospitality,Hospitality World Direct,Kitchen supply store,"106 Fairbank Rd, Clayton South VIC 3169, Australia",Clayton South,https://www.google.com/maps/search/?api=1&query=Hospitality%20World%20Direct&query_place_id=ChIJZ6ekWC9r1moRvRruweT1cwA,https://hwd.com.au/,claytonsales@hwd.com.au,+61 3 9543 1611,-37.9422087,145.1253246,False,9 AM to 5 PM,9 AM to 5 PM,9 AM to 5 PM,9 AM to 5 PM,9 AM to 5 PM,Closed,Closed,False,True,True,False,False,78.0,4.4
Hospitality,Lumas Hospitality Supplies,Restaurant supply store,"1663 Centre Rd, Springvale VIC 3171, Australia",Springvale,https://www.google.com/maps/search/?api=1&query=Lumas%20Hospitality%20Supplies&query_place_id=ChIJ-8SR-tcU1moRt6fbIJysJcU,https://www.lumashospitality.com.au/,info@lumashospitality.com.au,+61 3 8555 9926,-37.931964,145.147973,False,9 AM to 5 PM,9 AM to 5 PM,9 AM to 5 PM,9 AM to 5 PM,9 AM to 5 PM,Closed,Closed,False,True,True,False,False,24.0,4.3
Hospitality,Hotel Agencies,Countertop store,"298 Nicholson St, Fitzroy VIC 3065, Australia",Fitzroy,https://www.google.com/maps/search/?api=1&query=Hotel%20Agencies&query_place_id=ChIJhQGFAydD1moRgd3_5ry1giU,https://hotelagenciesrestaurantsupplies.com.au/,,+61 3 9411 8888,-37.7961425,144.9754638,False,8:30 AM to 5:30 PM,8:30 AM to 5:30 PM,8:30 AM to 5:30 PM,8:30 AM to 5:30 PM,8:30 AM to 5:30 PM,9 AM to 1:30 PM,Closed,False,True,True,False,False,191.0,4.8
Hospitality,Bencorp Australia - Restaurant Bookings Diary & Hospitality Industry Supplies,Restaurant supply store,"Unit 1/23 Kelletts Rd, Rowville VIC 3178, Australia",Rowville,https://www.google.com/maps/search/?api=1&query=Bencorp%20Australia%20-%20Restaurant%20Bookings%20Diary%20%26%20Hospitality%20Industry%20Supplies&query_place_id=ChIJq6qqqgNakWsR6i76cLpptl0,https://www.bencorp.com.au/,,+61 2 9567 9166,-37.9110221,145.2430813,False,9 AM to 4:30 PM,9 AM to 4:30 PM,9 AM to 4:30 PM,9 AM to 4:30 PM,9 AM to 4:30 PM,Closed,Closed,False,True,True,False,False,4.0,3.5
Hospitality,Rhyton hospitality supplier,Wholesaler,"Unit 11/1366 Centre Rd, Clayton VIC 3168, Australia",Clayton,https://www.google.com/maps/search/?api=1&query=Rhyton%20hospitality%20supplier&query_place_id=ChIJs_LYc2dr1moRRN-xSsYnyXw,,,+61 459 336 789,-37.9299373,145.121377,False,10 AM to 5:30 PM,10 AM to 5:30 PM,10 AM to 5:30 PM,10 AM to 5:30 PM,10 AM to 5:30 PM,10 AM to 3 PM,Closed,False,False,True,False,False,,
Hospitality,SevenOaks Hospitality Group,,"202 Jells Rd, Wheelers Hill VIC 3150, Australia",Wheelers Hill,https://www.google.com/maps/search/?api=1&query=SevenOaks%20Hospitality%20Group&query_place_id=ChIJq6rq8oYV1moRJR1AJ9PGyjA,,,+61 1800 076 257,-37.9112776,145.1894188,False,,,,,,,,False,False,False,False,False,,
Hospitality,ohio hospitality,Hotel,"11 Paterson St, Hawthorn VIC 3122, Australia",Hawthorn,https://www.google.com/maps/search/?api=1&query=ohio%20hospitality&query_place_id=ChIJn4llvJtD1moRx_OT5S_82hg,,,,-37.8244271,145.0407597,False,,,,,,,,False,False,False,False,False,1.0,5.0
Hospitality,Menucorp - Menus for the hospitality industry.,Restaurant supply store,"23 Moncrief Road Ground Floor A, Nunawading VIC 3131, Australia",Nunawading,https://www.google.com/maps/search/?api=1&query=Menucorp%20-%20Menus%20for%20the%20hospitality%20industry.&query_place_id=ChIJq6qqqrVC1moR2src2jgXZr8,https://www.menucorp.com.au/,sales@menucorp.com.au,+61 3 9415 1844,-37.8208474,145.170117,False,9 AM to 5 PM,9 AM to 5 PM,9 AM to 5 PM,9 AM to 5 PM,9 AM to 5 PM,Closed,Closed,False,False,False,False,False,22.0,4.1
Hospitality,Cedar Hospitality Supplies,Kitchen supply store,"223-231 Brunswick Rd, Brunswick VIC 3056, Australia",Brunswick,https://www.google.com/maps/search/?api=1&query=Cedar%20Hospitality%20Supplies&query_place_id=ChIJt5ac2DRD1moRJ3UNcq5EBkg,https://cedarhospitality.com/,Some-of-the-new-Winterhalter-chemicals-range-e1607596846696@2x.png,+61 3 8388 6800,-37.7771789,144.9621261,False,8:30 AM to 5:30 PM,8:30 AM to 5:30 PM,8:30 AM to 5:30 PM,8:30 AM to 5:30 PM,8:30 AM to 5:30 PM,9 AM to 4 PM,Closed,False,True,True,True,True,160.0,4.4
Hospitality,Hospitality Furniture Wholesale,Furniture wholesaler,"5 Howleys Rd, Notting Hill VIC 3168, Australia",Notting Hill,https://www.google.com/maps/search/?api=1&query=Hospitality%20Furniture%20Wholesale&query_place_id=ChIJ37WSEdIV1moRbQkHrCxXIdw,,,+61 3 8628 5816,-37.9012001,145.137799,False,,,,,,,,False,False,False,False,False,,
Hospitality,Complete Hospitality Training - Melbourne,Training center,"Level 3/28 Elizabeth St, Melbourne VIC 3000, Australia",Melbourne,https://www.google.com/maps/search/?api=1&query=Complete%20Hospitality%20Training%20-%20Melbourne&query_place_id=ChIJDbNPcLRC1moR00NHPj8TcRw,https://cht.edu.au/,info@cht.edu.au,+61 3 9654 1554,-37.8173269,144.9648461,False,8:30 AM to 5 PM,8:30 AM to 5 PM,8:30 AM to 5 PM,8:30 AM to 5 PM,8:30 AM to 5 PM,Closed,Closed,False,False,False,False,False,476.0,4.8
Hospitality,Hospitality Design,Commercial refrigerator supplier,"15a Manton Rd, Oakleigh South VIC 3167, Australia",Oakleigh South,https://www.google.com/maps/search/?api=1&query=Hospitality%20Design&query_place_id=ChIJwyRzuA1s1moR7CVatt8_XjE,http://www.hospitalitydesign.com.au/,,+61 408 174 655,-37.9140375,145.110126,False,9 AM to 5 PM,9 AM to 5 PM,9 AM to 5 PM,9 AM to 5 PM,9 AM to 5 PM,Closed,Closed,False,False,True,False,False,,
Hospitality,Hospitality Emergency,Coffee machine supplier,"19 Gale St, Brunswick East VIC 3057, Australia",Brunswick East,https://www.google.com/maps/search/?api=1&query=Hospitality%20Emergency&query_place_id=ChIJ93HEwxlD1moRzTFbrLtzvpo,https://hospitalityemergency.com.au/,,+61 419 984 999,-37.7692016,144.9728432,False,Open 24 hours,Open 24 hours,Open 24 hours,Open 24 hours,Open 24 hours,Open 24 hours,Open 24 hours,False,False,False,False,False,,
Hospitality,Hospitality Equipment Rental & Leasing,Equipment rental agency,"17-21 George St, Blackburn VIC 3130, Australia",Blackburn,https://www.google.com/maps/search/?api=1&query=Hospitality%20Equipment%20Rental%20%26%20Leasing&query_place_id=ChIJEcKe5LQ41moRFHX57-X3Skg,,,+61 3 9894 0466,-37.820136,145.155957,False,,,,,,,,False,False,True,False,False,,
Hospitality,Hospitality Suppliers Association Incorporated,Social services organization,"Unit 2/28 Sydney Rd, Bayswater VIC 3153, Australia",Bayswater,https://www.google.com/maps/search/?api=1&query=Hospitality%20Suppliers%20Association%20Incorporated&query_place_id=ChIJZ0DGFI071moReQGLFY4DlSU,,,+61 3 9729 7202,-37.845188,145.2496596,False,,,,,,,,False,False,True,False,False,,
Hospitality,Holmesglen Institute's ZEST Restaurant,Restaurant,"595 Waverley Rd, Glen Waverley VIC 3150, Australia",Glen Waverley,https://www.google.com/maps/search/?api=1&query=Holmesglen%20Institute's%20ZEST%20Restaurant&query_place_id=ChIJ1_kN3eU_1moRoxx4OtS43eo,https://holmesglen.edu.au/About-Us/Restaurants-and-Retail-Services/Zest-Restaurant/,,+61 3 9564 6241,-37.8865774,145.1546985,False,,,,,,,,False,True,True,True,True,86.0,4.3
Hospitality,JBS Hospitality Group,Function room facility,"10 Brighton Rd, St Kilda East VIC 3183, Australia",St Kilda East,https://www.google.com/maps/search/?api=1&query=JBS%20Hospitality%20Group&query_place_id=ChIJ5ekFum5o1moRq7nK6so70Cs,http://www.jbshospitality.com.au/,,,-37.8724075,144.9903572,False,9 AM to 5 PM,9 AM to 5 PM,9 AM to 5 PM,9 AM to 5 PM,9 AM to 5 PM,Closed,Closed,False,True,True,False,False,5.0,2.6
Hospitality,Hospitality Kitchen Equipment,Equipment supplier,"80 Buckland St, Clayton VIC 3168, Australia",Clayton,https://www.google.com/maps/search/?api=1&query=Hospitality%20Kitchen%20Equipment&query_place_id=ChIJUW4pyotr1moRAaNASPo6kvw,,,+61 488 666 439,-37.9283204,145.1324519,False,,,,,,,,False,False,False,False,False,,
Hospitality,Cathies Lane Receptions,Wedding venue,"90 Cathies Ln, Wantirna South VIC 3152, Australia",Wantirna South,https://www.google.com/maps/search/?api=1&query=Cathies%20Lane%20Receptions&query_place_id=ChIJH925848-1moRt5JWi04Qgws,https://cathieslane.com.au/,info@cathieslane.com.au,+61 3 9088 2013,-37.8701803,145.2135144,False,10 AM to 5 PM,10 AM to 5 PM,10 AM to 5 PM,10 AM to 5 PM,10 AM to 7 PM,12 to 7 PM,12 to 5 PM,False,True,True,True,False,591.0,4.4
Hospitality,Whisk Hospitality,Equipment supplier,"86A Albert St, Preston VIC 3072, Australia",Preston,https://www.google.com/maps/search/?api=1&query=Whisk%20Hospitality&query_place_id=ChIJmyzOwYRSkw4RxlXLJbxN4IA,https://whiskhospitality.com.au/,sales@whiskhospitality.com.au,+61 1300 012 479,-37.7431312,145.0228659,False,9 AM to 4 PM,9 AM to 4 PM,9 AM to 4 PM,9 AM to 4 PM,9 AM to 4 PM,9 AM to 1 PM,Closed,False,False,False,True,False,24.0,5.0
Hospitality,Strand Hospitality Furniture,Furniture wholesaler,"490-492 Bridge Rd, Richmond VIC 3121, Australia",Richmond,https://www.google.com/maps/search/?api=1&query=Strand%20Hospitality%20Furniture&query_place_id=ChIJNziMr3FD1moRFLsVubh10Gg,https://strand.furniture/,,+61 3 9421 4717,-37.8196813,145.007953,False,10 AM to 5 PM,10 AM to 5 PM,10 AM to 5 PM,10 AM to 5 PM,10 AM to 4 PM,Closed,Closed,False,True,False,False,False,37.0,5.0
Hospitality,Calvary The Highbury - Residential Aged Care,Aged care,"684 Highbury Rd, Glen Waverley VIC 3150, Australia",Glen Waverley,https://www.google.com/maps/search/?api=1&query=Calvary%20The%20Highbury%20-%20Residential%20Aged%20Care&query_place_id=ChIJtQi90Uo_1moRO_SsnKQpLGg,https://www.calvarycare.org.au/residential-aged-and-respite-care/calvary-the-highbury-glen-waverley?utm_source=google&utm_medium=business&utm_campaign=gmb&utm_term=agedcare,Media@calvarycare.org.au,+61 3 8871 2400,-37.8625162,145.1718947,False,Open 24 hours,Open 24 hours,Open 24 hours,Open 24 hours,Open 24 hours,Open 24 hours,Open 24 hours,False,True,True,False,False,28.0,4.6
Hospitality,Hospitality Suppliers Association,,"7/109 Whitehorse Rd, Blackburn VIC 3130, Australia",Blackburn,https://www.google.com/maps/search/?api=1&query=Hospitality%20Suppliers%20Association&query_place_id=ChIJq6pmS7I41moRvvnxWBuoIfE,,,+61 438 549 341,-37.8169316,145.1512721,False,,,,,,,,False,False,False,False,False,,
Hospitality,Hospitality Training Australia,College,"6/250 Collins St, Melbourne VIC 3000, Australia",Melbourne,https://www.google.com/maps/search/?api=1&query=Hospitality%20Training%20Australia&query_place_id=ChIJ52Ujy7VC1moRA0b9DW6umhU,,,+61 1300 659 557,-37.815461,144.9654732,False,,,,,,,,False,True,False,False,False,16.0,3.4
Hospitality,M-Hospitality,Corporate office,"99 Chapel St, Windsor VIC 3181, Australia",Windsor,https://www.google.com/maps/search/?api=1&query=M-Hospitality&query_place_id=ChIJmbotT4tp1moR7UM9ySnEFds,http://www.mhospo.com.au/,,+61 3 9529 5999,-37.854224,144.992719,False,9 AM to 5 PM,9 AM to 5 PM,9 AM to 5 PM,9 AM to 5 PM,9 AM to 5 PM,Closed,Closed,False,True,False,False,False,,
Hospitality,Supreme Hospitality Services,Corporate office,"Level 27/101 Collins St, Melbourne VIC 3000, Australia",Melbourne,https://www.google.com/maps/search/?api=1&query=Supreme%20Hospitality%20Services&query_place_id=ChIJnWloHwJD1moROCaNEgHuxtI,https://supremehospitality.com.au/,info@supremehospitality.com.au,+61 3 8680 2476,-37.8147254,144.9704985,False,8 AM to 5 PM,8 AM to 5 PM,8 AM to 5 PM,8 AM to 5 PM,8 AM to 5 PM,Closed,Closed,False,False,False,False,False,14.0,4.6
Hospitality,Crown Hospitality Supplies,Packaging supply store,"3/257-259 Governor Rd, Braeside VIC 3195, Australia",Braeside,https://www.google.com/maps/search/?api=1&query=Crown%20Hospitality%20Supplies&query_place_id=ChIJswz8fxZt1moRz26nVeXY-YE,http://www.crown-hospitality.com.au/,,+61 402 650 022,-38.007997,145.112775,False,9:30 AM to 3 PM,9:30 AM to 3 PM,9:30 AM to 3 PM,9:30 AM to 3 PM,9:30 AM to 3 PM,Closed,Closed,False,True,True,False,False,3.0,5.0
Hospitality,SYS Trading - Food Packaging and Hospitality Supplies,Packaging supply store,"112 Main Rd, Clayton South VIC 3169, Australia",Clayton South,https://www.google.com/maps/search/?api=1&query=SYS%20Trading%20-%20Food%20Packaging%20and%20Hospitality%20Supplies&query_place_id=ChIJifON2wxr1moRJDJxYS_JYYM,http://syspack.com.au/,info@mysite.com,+61 468 578 111,-37.9401453,145.1261994,False,9 AM to 5 PM,9 AM to 5 PM,9 AM to 5 PM,9 AM to 5 PM,9 AM to 5 PM,Closed,Closed,False,False,True,False,False,4.0,5.0
Hospitality,Tennis Shop Melbourne-Tension 24,Tennis store,"629 High St Rd, Mount Waverley VIC 3149, Australia",Mount Waverley,https://www.google.com/maps/search/?api=1&query=Tennis%20Shop%20Melbourne-Tension%2024&query_place_id=ChIJN943oMA_1moRjedWde48VKo,http://www.tension24.com.au/,info@tension24.com.au,+61 3 9802 3000,-37.8719155,145.1479175,False,10 AM to 5 PM,10 AM to 5 PM,10 AM to 5 PM,10 AM to 5 PM,10 AM to 5 PM,9 AM to 4 PM,Closed,False,True,True,False,False,330.0,4.9
Hospitality,The Hot & Crusty,Restaurant,"256 Blackburn Rd, Glen Waverley VIC 3150, Australia",Glen Waverley,https://www.google.com/maps/search/?api=1&query=The%20Hot%20%26%20Crusty&query_place_id=ChIJKVO2W40_1moRp2vX8j8bYDU,http://thehotandcrusty.com.au/?utm_source=gmb&utm_medium=referral,,+61 3 9802 8359,-37.8744851,145.1481806,False,11 AM to 10 PM,Closed,11 AM to 10 PM,11 AM to 10 PM,11 AM to 10 PM,11 AM to 10 PM,11 AM to 10 PM,False,False,False,False,False,394.0,4.1
Hospitality,Frontier Hospitality Co-Operative Ltd,Non-profit organization,"2/11-15 Smeaton Ave, Dandenong South VIC 3175, Australia",Dandenong South,https://www.google.com/maps/search/?api=1&query=Frontier%20Hospitality%20Co-Operative%20Ltd&query_place_id=ChIJQbK0P1w41moRFmaLuhaOaf0,http://frontierhospitality.com.au/,admin@frontierhospitality.com.au,+61 3 9792 4628,-38.0065355,145.2004025,False,9 AM to 5 PM,9 AM to 5 PM,9 AM to 5 PM,9 AM to 5 PM,9 AM to 5 PM,Closed,Closed,False,True,True,False,False,1.0,1.0
Hospitality,CJ Hospitality & Packaging,Packaging company,"2/23 Swift Way, Dandenong South VIC 3175, Australia",Dandenong South,https://www.google.com/maps/search/?api=1&query=CJ%20Hospitality%20%26%20Packaging&query_place_id=ChIJX1AphTcS1moRQeTTWBbfZbU,,,+61 3 9768 2777,-38.0342896,145.2060954,False,9 AM to 5 PM,9 AM to 5 PM,9 AM to 5 PM,9 AM to 5 PM,9 AM to 5 PM,Closed,Closed,False,True,True,False,False,2.0,3.0
Hospitality,Castello's Pakenham International Buffet Hotel,Buffet restaurant,"226-230 Princes Hwy, Pakenham VIC 3810, Australia",Pakenham,https://www.google.com/maps/search/?api=1&query=Castello's%20Pakenham%20International%20Buffet%20Hotel&query_place_id=ChIJ9VNA6G0e1moRm9Tu4tGwte0,https://castellos.com.au/venues/pakenham-hotel/,CardiniaHotel@castellos.com.au,+61 3 5941 1233,-38.0637893,145.4648437,False,10 AM to 4 AM,10 AM to 4 AM,10 AM to 4 AM,10 AM to 4 AM,10 AM to 4 AM,10 AM to 4 AM,10 AM to 4 AM,False,True,True,True,True,1364.0,3.9
Hospitality,Dynamic Short Stays - Holiday Rental Management,Property management company,"10/18 Main St, Pakenham VIC 3810, Australia",Pakenham,https://www.google.com/maps/search/?api=1&query=Dynamic%20Short%20Stays%20-%20Holiday%20Rental%20Management&query_place_id=ChIJc0cT2vMl1moR65I-c4YLiCs,https://dynamicresidential.com.au/short-term-rental-management/,,+61 481 188 599,-38.0729087,145.4771881,False,,,,,,,,False,False,False,False,False,7.0,4.4
Hospitality,Robert Gordon Hospitality,Kitchen supply store,"114 Mulcahy Rd, Pakenham VIC 3810, Australia",Pakenham,https://www.google.com/maps/search/?api=1&query=Robert%20Gordon%20Hospitality&query_place_id=ChIJf4eVJGke1moROUKO8fLyk_4,http://robertgordonhospitality.com/,sales@robertgordonhospitality.com,+61 3 5941 3144,-38.0591228,145.4616133,False,,,,,,,,False,True,True,False,False,,
Hospitality,Serenity Home 11 by Hiverooms,Guest house,"Tremont St, Pakenham VIC 3810, Australia",Pakenham,https://www.google.com/maps/search/?api=1&query=Serenity%20Home%2011%20by%20Hiverooms&query_place_id=ChIJK5zK9P3hKWsRYiOM6LrAGVc,https://book.hiverooms.com//booking/serenity-home-11_14757.html,,+63 32 234 6236,-38.0781707,145.491615,False,,,,,,,,False,False,False,False,False,,
Hospitality,Pakenham Institute,College,"2/68 Main St, Pakenham VIC 3810, Australia",Pakenham,https://www.google.com/maps/search/?api=1&query=Pakenham%20Institute&query_place_id=ChIJqyT1k8Yf1moR9lwVKCuHP_k,https://pakenham.edu.au/,,+61 479 075 090,-38.0762652,145.4807449,False,9 AM to 4 PM,9 AM to 4 PM,9 AM to 4 PM,9 AM to 4 PM,9 AM to 4 PM,Closed,Closed,False,True,True,False,False,2.0,5.0
Hospitality,Mercure Pakenham,Hotel,"77 Racecourse Rd, Pakenham VIC 3810, Australia",Pakenham,https://www.google.com/maps/search/?api=1&query=Mercure%20Pakenham&query_place_id=ChIJDwq0aa3hKWsRGMxM7H2F9tE,https://all.accor.com/lien_externe.svlt?goto=fiche_hotel&code_hotel=C0A4&merchantid=seo-maps-AU-C0A4&sourceid=aw-cen&utm_medium=seo%20maps&utm_source=google%20Maps&utm_campaign=seo%20maps,reservations@mercurepakenham.com.au,+61 3 5941 1103,-38.07636,145.4931869,False,,,,,,,,False,False,False,False,False,257.0,4.5
Hospitality,I Shine Commercial And Industrial Cleaning Hygiene Services,,"Pakenham VIC 3810, Australia",,https://www.google.com/maps/search/?api=1&query=I%20Shine%20Commercial%20And%20Industrial%20Cleaning%20Hygiene%20Services&query_place_id=ChIJfc257fId1moRY_-vsBC6wsc,,,,-38.0978165,145.4820294,False,,,,,,,,False,False,False,False,False,4.0,5.0
Hospitality,Castello's Cardinia Hotel,Pub,"108-110 Princes Hwy, Pakenham VIC 3810, Australia",Pakenham,https://www.google.com/maps/search/?api=1&query=Castello's%20Cardinia%20Hotel&query_place_id=ChIJn8IiRg4e1moRbnjf1gPoRww,https://castellos.com.au/venues/cardinia-hotel/,CardiniaHotel@castellos.com.au,+61 3 5941 5111,-38.0707282,145.4769539,False,10 AM to 4 AM,10 AM to 4 AM,10 AM to 4 AM,10 AM to 4 AM,10 AM to 4 AM,10 AM to 4 AM,10 AM to 4 AM,False,True,True,True,True,1103.0,3.8
Hospitality,Biryani Buzz Pakenham,Restaurant,"Chuck Wagon Food Village, 7 Station St, Pakenham VIC 3810, Australia",Pakenham,https://www.google.com/maps/search/?api=1&query=Biryani%20Buzz%20Pakenham&query_place_id=ChIJeb2kQnwf1moRjnesadsxni8,https://biryanibuzz.chuckwagon.com.au/,,+61 415 472 707,-38.0795499,145.4841995,False,Closed,5 PM to 12 AM,5 PM to 12 AM,5 PM to 12 AM,5 PM to 12 AM,5 PM to 12 AM,5 PM to 12 AM,False,False,True,False,False,137.0,4.8
Hospitality,Tassie Fine Foods Pty Ltd,Butcher shop,"53 Southeast Blvd, Pakenham VIC 3810, Australia",Pakenham,https://www.google.com/maps/search/?api=1&query=Tassie%20Fine%20Foods%20Pty%20Ltd&query_place_id=ChIJHSAOyJt1JwARuH6L3A2J8I8,https://shop.tffdirect.com.au/about-us/,orders@tassiefinefoods.com.au,+61 3 9588 2388,-38.0970686,145.473509,False,9 AM to 5 PM,9 AM to 5:30 PM,9 AM to 5 PM,9 AM to 6 PM,9 AM to 5 PM,9 AM to 2 PM,Closed,False,False,True,False,False,85.0,4.5
Hospitality,Railway Hotel Pakenham,Pub,"153 Main St, Pakenham VIC 3810, Australia",Pakenham,https://www.google.com/maps/search/?api=1&query=Railway%20Hotel%20Pakenham&query_place_id=ChIJ4ymqJuEf1moR1LtOYIZIQjo,https://railwayhotelpakenham.com.au/,admin@railwayhotelpakenham.com.au,+61 3 5941 8893,-38.0795401,145.4834421,False,11 AM to 9 PM,11 AM to 9 PM,11 AM to 10 PM,11 AM to 10 PM,11 AM to 1 AM,11:30 AM to 1 AM,11 AM to 9 PM,False,True,True,True,True,1194.0,4.4
Hospitality,Victoria Hospitality Products,Material handling equipment supplier,"6/9 Industrial Cct, Cranbourne West VIC 3977, Australia",Cranbourne West,https://www.google.com/maps/search/?api=1&query=Victoria%20Hospitality%20Products&query_place_id=ChIJkR8gVKQP1moRRj_ZLtRc0s8,https://www.victoriahospitalityproducts.com.au/,sales@victoriahospitalityproducts.com.au,+61 416 043 600,-38.0834298,145.2472448,False,9:30 AM to 5 PM,9:30 AM to 5 PM,9:30 AM to 5 PM,9:30 AM to 5 PM,9:30 AM to 5 PM,Closed,Closed,False,True,True,False,False,36.0,3.1
Hospitality,Hospitality & Beverage Solutions,Distribution service,"41B Access Way, Carrum Downs VIC 3201, Australia",Carrum Downs,https://www.google.com/maps/search/?api=1&query=Hospitality%20%26%20Beverage%20Solutions&query_place_id=ChIJe9p9CbcM1moRAmESOgnOK0Y,,,+61 3 9937 2111,-38.0888594,145.1711779,False,8:30 AM to 5 PM,8:30 AM to 5 PM,8:30 AM to 5 PM,8:30 AM to 5 PM,8:30 AM to 5 PM,Closed,Closed,False,True,True,False,False,3.0,5.0
Hospitality,Khan's Hospitality Services,Caterer,,,https://www.google.com/maps/search/?api=1&query=Khan's%20Hospitality%20Services&query_place_id=ChIJibT31gwwPqsRxuPt9lhHfkc,https://www.khanshospitalityservices.com.au/,eastbournealley@gmal.com,+61 405 210 267,-37.9725665,145.0531353,False,8 AM to 9 PM,8 AM to 9 PM,8 AM to 9 PM,8 AM to 9 PM,8 AM to 9 PM,8 AM to 9 PM,8 AM to 9 PM,False,False,False,False,False,10.0,5.0
Hospitality,AUSREO - Pakenham,Steel distributor,"34 Southeast Blvd, Pakenham VIC 3810, Australia",Pakenham,https://www.google.com/maps/search/?api=1&query=AUSREO%20-%20Pakenham&query_place_id=ChIJ07lK5QLiKWsR1IWxjg_FaOE,https://www.ausreo.com.au/,,+61 3 5940 6100,-38.0970332,145.4763071,False,6:30 AM to 4 PM,6:30 AM to 4 PM,6:30 AM to 4 PM,6:30 AM to 4 PM,6:30 AM to 4 PM,Closed,Closed,False,True,True,False,False,23.0,4.4
Hospitality,Punjab Hospitality Equipments & Appliances Clyde North,Kitchen supply store,"14 Argon Cct, Clyde North VIC 3978, Australia",Clyde North,https://www.google.com/maps/search/?api=1&query=Punjab%20Hospitality%20Equipments%20%26%20Appliances%20Clyde%20North&query_place_id=ChIJF3ZunGob1moRwBuuUm0x_4I,https://punjabhospitality.com.au/,,+61 466 147 322,-38.0901333,145.3338769,False,,,,,,,,False,True,True,False,False,,
Hospitality,Hospitality Equipment Service PTY Ltd.,Equipment rental agency,"3-4 Serenity Ct, Pearcedale VIC 3912, Australia",Pearcedale,https://www.google.com/maps/search/?api=1&query=Hospitality%20Equipment%20Service%20PTY%20Ltd.&query_place_id=ChIJ1_NfpxgJ1moR2mAkRtBVbBU,,,+61 3 5978 5444,-38.1756007,145.2636697,False,,,,,,,,False,True,True,False,False,,
Hospitality,Finix Institute of Hospitality,,"53-59 Walker St, Dandenong VIC 3175, Australia",Dandenong,https://www.google.com/maps/search/?api=1&query=Finix%20Institute%20of%20Hospitality&query_place_id=ChIJucekaUNd1moRf17fWGqvZu0,https://finixinstitute.edu.au/contact/,info@finixinstitute.edu.au,+61 3 9125 4493,-37.9880632,145.2129318,False,,,,,,,,False,False,False,False,False,2.0,5.0
Hospitality,Dan Murphy's Pakenham,Liquor store,"8 Portobello Rd, Pakenham VIC 3810, Australia",Pakenham,https://www.google.com/maps/search/?api=1&query=Dan%20Murphy's%20Pakenham&query_place_id=ChIJxYWY3noe1moRSIAU33a477o,https://danmurphys.com.au/stores/VIC-Pakenham-3262,,+61 1300 723 388,-38.0625442,145.4560906,False,9 AM to 9 PM,9 AM to 9 PM,9 AM to 9 PM,9 AM to 9 PM,9 AM to 10 PM,9 AM to 9 PM,10 AM to 7 PM,False,True,True,False,False,834.0,4.5
Hospitality,Village Kebabs Pakenham,Kebab shop,"Shop 8/1 Hunt Way, Pakenham VIC 3810, Australia",Pakenham,https://www.google.com/maps/search/?api=1&query=Village%20Kebabs%20Pakenham&query_place_id=ChIJERzNDJThKWsRoP9pxtX4y2k,https://oo.abacus.co/en/store/6463860/menu/,,+61 405 433 429,-38.0795218,145.4925025,False,11 AM to 9 PM,11 AM to 9 PM,11 AM to 9 PM,11 AM to 9 PM,11 AM to 9 PM,11 AM to 9 PM,Closed,False,False,True,False,False,357.0,4.7
Hospitality,Chilli Lounge Indian Restaurant,Indian restaurant,"Shop 7/33-35 John St, Pakenham VIC 3810, Australia",Pakenham,https://www.google.com/maps/search/?api=1&query=Chilli%20Lounge%20Indian%20Restaurant&query_place_id=ChIJz782NwYe1moRW-pN96PA5Ww,https://www.chillilounge.com.au/,sanjhcapital.chillilounge@gmail.com,+61 3 5940 4000,-38.0777126,145.4813675,False,Closed,4 to 10 PM,4 to 10 PM,4 to 10 PM,4 to 10 PM,4 to 10 PM,4 to 10 PM,False,True,True,False,True,717.0,4.6
Hospitality,Kohali Kitchen,Indian restaurant,"33 Alfa Ct, Pakenham VIC 3810, Australia",Pakenham,https://www.google.com/maps/search/?api=1&query=Kohali%20Kitchen&query_place_id=ChIJIzP-VE3oN2wRi-9wpezauj8,https://kohalikitchenpakenham.com.au/,,+61 3 5908 2769,-38.1032688,145.4927025,False,7 AM to 9 PM,7 AM to 9 PM,7 AM to 9 PM,7 AM to 9 PM,7 AM to 9 PM,7 AM to 9 PM,7 AM to 9 PM,False,True,True,False,False,138.0,4.6
Hospitality,Brandon Hospitality Solutions,Commercial refrigerator supplier,"55-57 Progress St, Dandenong South VIC 3175, Australia",Dandenong South,https://www.google.com/maps/search/?api=1&query=Brandon%20Hospitality%20Solutions&query_place_id=ChIJp2bP0gRs1moReX9Cr7FRn70,http://www.brandon.com.au/,enquiry@brandon.com.au,+61 3 9555 3333,-38.0079864,145.2359454,False,7 AM to 5 PM,7 AM to 5 PM,7 AM to 5 PM,7 AM to 5 PM,7 AM to 5 PM,Closed,Closed,False,True,True,False,False,20.0,4.4
Hospitality,Royal Hotel,Pub,"96-100 Station St, Koo Wee Rup VIC 3981, Australia",Koo Wee Rup,https://www.google.com/maps/search/?api=1&query=Royal%20Hotel&query_place_id=ChIJDzSr6H4C1moRGp8tp5JDg-c,http://www.royalhotelkwr.com.au/,mick@royalhotelkwr.com.au,+61 3 5997 1414,-38.1981994,145.4878921,False,11 AM to 9 PM,11 AM to 9 PM,11 AM to 9 PM,11 AM to 11 PM,11 AM to 12 AM,11 AM to 12 AM,11 AM to 9 PM,False,True,True,True,True,676.0,4.4
Hospitality,XS Roasting Kitchen,Cafe,"3 Nexus Ct, Mulgrave VIC 3170, Australia",Mulgrave,https://www.google.com/maps/search/?api=1&query=XS%20Roasting%20Kitchen&query_place_id=ChIJPUhfbUIV1moR-oflhza692c,http://www.xsroastingkitchen.com/,,+61 3 9560 0036,-37.9089855,145.1588294,False,6 AM to 3 PM,6 AM to 3 PM,6 AM to 3 PM,6 AM to 3 PM,6 AM to 3 PM,Closed,Closed,False,True,True,True,True,167.0,4.3
Hospitality,Facility Co,Cleaning service,"519 Springvale Rd, Glen Waverley VIC 3150, Australia",Glen Waverley,https://www.google.com/maps/search/?api=1&query=Facility%20Co&query_place_id=ChIJuTCjIZwV1moRLUGlwTXKG3M,http://www.facilityco.com.au/,info@facilityco.com.au,+61 1300 935 425,-37.9007203,145.1615168,False,Open 24 hours,Open 24 hours,Open 24 hours,Open 24 hours,Open 24 hours,Open 24 hours,Open 24 hours,False,False,True,False,False,19.0,4.9
Hospitality,Village Green Hotel,Pub,"Springvale Rd &, Ferntree Gully Rd, Mulgrave VIC 3170, Australia",Mulgrave,https://www.google.com/maps/search/?api=1&query=Village%20Green%20Hotel&query_place_id=ChIJ9VQPSGcV1moRJKoA7XX40oI,https://www.thevillagegreen.com.au/,villagegreenhotel@alhgroup.com.au,+61 3 9560 8400,-37.9044523,145.1594954,False,10 AM to 4 AM,10 AM to 4 AM,10 AM to 4 AM,10 AM to 4 AM,10 AM to 4 AM,10 AM to 4 AM,10 AM to 4 AM,False,True,True,True,True,2479.0,4.1
Hospitality,Campbells Wholesale,Wholesaler,"31/41 McNaughton Rd, Clayton VIC 3168, Australia",Clayton,https://www.google.com/maps/search/?api=1&query=Campbells%20Wholesale&query_place_id=ChIJjwtgHysV1moRDq3xDOdpiTQ,https://campbells.com.au/convenience/store-finder?q=clayton,605a7baede844d278b89dc95ae0a9123@sentry-next.wixpress.com,+61 3 8541 6000,-37.9256799,145.1384504,False,7 AM to 5 PM,7 AM to 5 PM,7 AM to 5 PM,7 AM to 5 PM,7 AM to 5 PM,7 AM to 4 PM,Closed,False,True,True,False,False,130.0,4.0
Hospitality,Best Ever Hospitality,Cleaners,"8 Prince St, Clayton VIC 3168, Australia",Clayton,https://www.google.com/maps/search/?api=1&query=Best%20Ever%20Hospitality&query_place_id=ChIJywUd4HZr1moRmbCvumpiRcU,https://besteverhospitality.com.au/,,+61 428 757 972,-37.9163873,145.1246994,False,,,,,,,,False,False,False,False,False,,
Hospitality,Norfolk,Kitchen supply store,"Unit 9/2-4 Sarton Rd, Clayton VIC 3168, Australia",Clayton,https://www.google.com/maps/search/?api=1&query=Norfolk&query_place_id=ChIJmRWpu_sV1moRVdbMi8yv08c,http://norfolk.net.au/,service@norfolk.net.au,+61 1300 304 455,-37.9181226,145.1453064,False,8 AM to 4:30 PM,8 AM to 4:30 PM,8 AM to 4:30 PM,8 AM to 4:30 PM,8 AM to 4:30 PM,Closed,Closed,False,True,True,False,False,24.0,3.7
Hospitality,Taptouch POS,Software company,"4/158 Wellington Rd, Clayton VIC 3168, Australia",Clayton,https://www.google.com/maps/search/?api=1&query=Taptouch%20POS&query_place_id=ChIJSa6tP4MT1moRpVbI18P3Ip0,https://taptouchpos.com/,,+61 3 8806 1828,-37.9174338,145.1453491,False,9 AM to 5 PM,9 AM to 5 PM,9 AM to 5 PM,9 AM to 5 PM,9 AM to 5 PM,Closed,Closed,False,True,True,True,True,21.0,5.0
Hospitality,CHUM CHUMS,Sri Lankan restaurant,"47 Morton St, Clayton VIC 3168, Australia",Clayton,https://www.google.com/maps/search/?api=1&query=CHUM%20CHUMS&query_place_id=ChIJ8fr8gdUV1moRO0MADoGf6Kk,http://www.chumchums.com.au/,chumchumscafe@gmail.com,+61 475 935 804,-37.9171361,145.139545,False,8 AM to 12 AM,8 AM to 12 AM,8 AM to 12 AM,8 AM to 12 AM,8 AM to 2 AM,8 AM to 2 AM,8 AM to 12 AM,False,False,False,False,False,814.0,3.8
Hospitality,The Clayton Hotel,Pub,"319 Clayton Rd, Clayton VIC 3168, Australia",Clayton,https://www.google.com/maps/search/?api=1&query=The%20Clayton%20Hotel&query_place_id=ChIJL353GCFr1moRISiyUAZzfLo,https://theclaytonhotel.com.au/,info@theclaytonhotel.com.au,+61 3 9562 8778,-37.924361,145.1196333,False,10 AM to 4 AM,10 AM to 4 AM,10 AM to 4 AM,10 AM to 4 AM,10 AM to 4 AM,10 AM to 4 AM,10 AM to 4 AM,False,True,True,True,False,1024.0,4.2
Hospitality,Sahib E Swad - Clayton,Punjabi restaurant,"333 Clayton Rd, Clayton VIC 3168, Australia",Clayton,https://www.google.com/maps/search/?api=1&query=Sahib%20E%20Swad%20-%20Clayton&query_place_id=ChIJrS7V5hNr1moR5ON81K1je0w,https://clayton.sahibeswad.com.au/,SahibESwadClayton@gmail.com,+61 483 962 111,-37.9249583,145.1195772,False,5 to 11 PM,5 to 11 PM,5 to 11 PM,5 to 11 PM,5 to 11 PM,12 to 11 PM,12 to 11 PM,False,False,False,False,True,1559.0,4.6
Hospitality,McDonald's Clayton II,Fast food restaurant,"1736-1740 Dandenong Rd, Clayton VIC 3168, Australia",Clayton,https://www.google.com/maps/search/?api=1&query=McDonald's%20Clayton%20II&query_place_id=ChIJcyLLN8Vq1moRWA4vMjs-O5A,https://mcdonalds.com.au/?utm_medium=local&utm_source=google%20my%20business&utm_campaign=local%20search&utm_content=vic&utm_term=mcdonalds%20clayton%20ii,,+61 3 9543 2520,-37.913707,145.1250239,False,Open 24 hours,Open 24 hours,Open 24 hours,Open 24 hours,Open 24 hours,Open 24 hours,Open 24 hours,False,True,True,True,True,3072.0,3.6
Hospitality,HR Staff n’ Stuff,Human resource consulting,"Unit 11/27-31 Duerdin St, Notting Hill VIC 3168, Australia",Notting Hill,https://www.google.com/maps/search/?api=1&query=HR%20Staff%20n%E2%80%99%20Stuff&query_place_id=ChIJe6S-eCUV1moRdECD7YGJri0,https://hrstaffnstuff.com.au/,,+61 3 9590 0844,-37.9096342,145.146071,False,9 AM to 5:30 PM,9 AM to 5:30 PM,9 AM to 5:30 PM,9 AM to 5:30 PM,9 AM to 5:30 PM,Closed,Closed,False,True,True,False,False,45.0,5.0
Hospitality,Newhand Equipment,Restaurant supply store,"3/3 Treforest Dr, Clayton VIC 3168, Australia",Clayton,https://www.google.com/maps/search/?api=1&query=Newhand%20Equipment&query_place_id=ChIJSY1kqktr1moR27KaqVCELI8,https://newhand.com.au/,sales@newhandequipment.com.au,+61 1300 077 771,-37.9216476,145.1329119,False,9 AM to 5 PM,9:30 AM to 5 PM,9 AM to 5 PM,9 AM to 5 PM,9 AM to 5 PM,Closed,Closed,False,True,True,False,False,120.0,4.9
Hospitality,Monash Hotel,Pub,"2077 Dandenong Rd, Clayton VIC 3168, Australia",Clayton,https://www.google.com/maps/search/?api=1&query=Monash%20Hotel&query_place_id=ChIJ3_TF0NJq1moRIVAqEOzM5pA,https://www.monashhotel.com.au/,monash.hotel@alhgroup.com.au,+61 3 9544 8011,-37.9199293,145.1377489,False,10 AM to 4 AM,10 AM to 4 AM,10 AM to 4 AM,10 AM to 4 AM,10 AM to 4 AM,10 AM to 4 AM,10 AM to 4 AM,False,True,True,True,False,631.0,4.2
Hospitality,Jani-King Victoria,Cleaning service,"13 Business Park Dr, Notting Hill VIC 3168, Australia",Notting Hill,https://www.google.com/maps/search/?api=1&query=Jani-King%20Victoria&query_place_id=ChIJTRfkLblr1moRs1Z1jFRmG2o,https://janiking.com.au/melbourne/?utm_source=gmb&utm_medium=organic,info@janiking.com.au,+61 3 9265 2200,-37.9019437,145.130287,False,8:30 AM to 5 PM,8:30 AM to 5 PM,8:30 AM to 5 PM,8:30 AM to 5 PM,8:30 AM to 5 PM,Closed,Closed,False,True,True,False,False,12.0,4.3
Hospitality,PARKROYAL Monash Melbourne,Hotel,"872 Blackburn Rd, Clayton VIC 3168, Australia",Clayton,https://www.google.com/maps/search/?api=1&query=PARKROYAL%20Monash%20Melbourne&query_place_id=ChIJD2vtV54V1moRKgsO7F_cg4U,https://www.panpacific.com/en/hotels-and-resorts/pr-monash-melbourne/offers.html?utm_source=google&utm_medium=business_listing&utm_campaign=googlemybusiness,enquiry.prmon@parkroyalhotels.com,+61 3 9518 8888,-37.9215029,145.1397695,False,,,,,,,,False,False,False,False,False,451.0,4.4
Hospitality,Ferguson Plarre's Bakehouse - Clayton,Bakery,"M-City Shopping Centre, Shop K13/2107-2125 Dandenong Rd, Clayton VIC 3168, Australia",Clayton,https://www.google.com/maps/search/?api=1&query=Ferguson%20Plarre's%20Bakehouse%20-%20Clayton&query_place_id=ChIJgTGrdQVr1moR0l4rVreGoco,http://www.fergusonplarre.com.au/?utm_source=google&utm_medium=organic&utm_campaign=gbp&utm_content=clayton,customerservice@fergusonplarre.com.au,+61 3 9548 9419,-37.9213839,145.1399318,False,7 AM to 6 PM,7 AM to 6 PM,7 AM to 6 PM,7 AM to 6 PM,7 AM to 6 PM,7 AM to 6 PM,7 AM to 5 PM,False,True,True,False,False,85.0,3.8
Hospitality,Hotel Carpet,Carpet wholesaler,"669 Blackburn Rd, Clayton VIC 3168, Australia",Clayton,https://www.google.com/maps/search/?api=1&query=Hotel%20Carpet&query_place_id=ChIJTcX2fjQV1moR0MCIYKqrvVY,http://hotelcarpet.com.au/,sales@hotelcarpet.com.au,+61 493 025 774,-37.9203053,145.1391027,False,8 AM to 5 PM,8 AM to 5 PM,8 AM to 5 PM,8 AM to 5 PM,8 AM to 5 PM,8 AM to 4 PM,10 AM to 4 PM,False,False,False,False,False,3.0,5.0
Hospitality,Clayton SC/Clayton Rd,Bus stop,"Clayton VIC 3168, Australia",,https://www.google.com/maps/search/?api=1&query=Clayton%20SC%2FClayton%20Rd&query_place_id=ChIJG0FNXSFr1moRj_EcEP0z1OU,,,,-37.9257777,145.1196987,False,,,,,,,,False,False,False,False,False,8.0,2.8
Hospitality,Kutumbari Restora,Restaurant,"1895 Dandenong Rd, Clayton VIC 3168, Australia",Clayton,https://www.google.com/maps/search/?api=1&query=Kutumbari%20Restora&query_place_id=ChIJq3ZbFwBr1moRlHhYgsqAVm0,https://kutambarirestora.com.au/,,+61 478 917 770,-37.9110534,145.1225438,False,Closed,5:30 to 11 PM,5:30 to 11 PM,5:30 to 11 PM,5:30 PM to 12 AM,"11 AM to 2:30 PM, 5:30 PM to 12 AM",5:30 to 11 PM,False,False,False,False,False,131.0,4.1
Hospitality,Retail Zoo,Corporate office,"Level 8, M-City Building and Business District, 2107/2125 Dandenong Rd, Clayton VIC 3168, Australia",Clayton,https://www.google.com/maps/search/?api=1&query=Retail%20Zoo&query_place_id=ChIJfTnIBmZq1moRYO0WVTFNyhY,http://retailzoo.com.au/,reception@retailzoo.com.au,+61 3 9508 4400,-37.9214223,145.1400549,False,9 AM to 5 PM,9 AM to 5 PM,9 AM to 5 PM,9 AM to 5 PM,9 AM to 5 PM,Closed,Closed,False,True,True,True,False,17.0,2.9
Hospitality,Andre J Menswear,Men's clothing store,"Unit 5/35 Garden Rd, Clayton VIC 3168, Australia",Clayton,https://www.google.com/maps/search/?api=1&query=Andre%20J%20Menswear&query_place_id=ChIJ--aCNnxD1moRuIdAMgdVAss,https://andrejmenswear.com.au/,,+61 405 181 190,-37.9201238,145.1454486,False,Closed,10 AM to 5:30 PM,10 AM to 5:30 PM,10 AM to 5:30 PM,10 AM to 5:30 PM,10 AM to 4 PM,Closed,False,True,True,False,False,136.0,4.7
Hospitality,Hondworld,Mechanic,"40 Sarton Rd, Clayton VIC 3168, Australia",Clayton,https://www.google.com/maps/search/?api=1&query=Hondworld&query_place_id=ChIJUxRYZS4V1moR_mHHEv7W5Nw,http://www.hondworld.com.au/,,+61 3 9548 7055,-37.9222185,145.1444421,False,8 AM to 5 PM,8 AM to 5 PM,8 AM to 5 PM,8 AM to 5 PM,8 AM to 5 PM,Closed,Closed,False,False,False,False,False,526.0,4.3
Hospitality,Clayton RSL,Rsl club,"171 Carinish Rd, Clayton VIC 3168, Australia",Clayton,https://www.google.com/maps/search/?api=1&query=Clayton%20RSL&query_place_id=ChIJUQxV2yZr1moRcxG4il8AiQk,http://claytonrsl.com.au/,,+61 3 9544 1035,-37.9255685,145.1225544,False,10 AM to 11 PM,10 AM to 11 PM,10 AM to 11 PM,10 AM to 12 AM,10 AM to 1 AM,10 AM to 1 AM,11 AM to 11 PM,False,True,True,False,False,331.0,3.9
Retail,The Grain Emporium - Retail,Bakery,"318 Clayton Rd, Clayton VIC 3168, Australia",Clayton,https://www.google.com/maps/search/?api=1&query=The%20Grain%20Emporium%20-%20Retail&query_place_id=ChIJjSDwXyFr1moRPZzP8kLIRFU,http://www.thegrainemporium.com.au/,info@thegrainemporium.com.au,+61 3 9544 2025,-37.9263379,145.1196477,False,6:30 AM to 4:30 PM,6:30 AM to 4:30 PM,6:30 AM to 4:30 PM,6:30 AM to 4:30 PM,6:30 AM to 4:30 PM,7 AM to 4 PM,8 AM to 1:30 PM,,True,True,False,False,258.0,4.5
Retail,Smart Tech Laptops,Computer store,"Suite 4b/325 Clayton Rd, Clayton VIC 3168, Australia",Clayton,https://www.google.com/maps/search/?api=1&query=Smart%20Tech%20Laptops&query_place_id=ChIJI1dr-IJr1moRoFwkHYdqkew,https://smarttechlaptops.com.au/?utm_source=google&utm_medium=wix_google_business_profile&utm_campaign=2864537975382350895,admin@smarttechlaptops.com.au,+61 414 076 611,-37.9246853,145.1196079,False,10 AM to 6 PM,10 AM to 6 PM,10 AM to 6 PM,10 AM to 6 PM,10 AM to 6 PM,1 to 3 PM,Closed,,False,False,False,False,70.0,4.8
Retail,Monash Mini Merchant,Convenience store,"Ground Campus Centre, 21 Chancellors Walk, Clayton VIC 3168, Australia",Clayton,https://www.google.com/maps/search/?api=1&query=Monash%20Mini%20Merchant&query_place_id=ChIJb_vq9stq1moRrFmngyAbzZI,https://www.monash.edu/food-and-retail/vendors/monash-mini-merchant,,,-37.9119611,145.1330052,False,9 AM to 6 PM,9 AM to 6 PM,9 AM to 6 PM,9 AM to 6 PM,9 AM to 6 PM,Closed,10 AM to 4 PM,,True,False,False,False,15.0,3.7
Retail,Monash Merchant,Grocery store,"Clayton campus Monash University, 3/28 Sports Walk, Clayton VIC 3168, Australia",Clayton,https://www.google.com/maps/search/?api=1&query=Monash%20Merchant&query_place_id=ChIJNW3BFctq1moRZBS0lFpxqm4,https://www.monash.edu/retail/the-monash-merchant,,+61 3 9905 2292,-37.9117633,145.1360335,False,8:30 AM to 10 PM,8:30 AM to 10 PM,8:30 AM to 10 PM,8:30 AM to 10 PM,8:30 AM to 10 PM,10:30 AM to 5:30 PM,10:30 AM to 5:30 PM,,True,True,False,False,285.0,4.2
Retail,The Monash Shop,Book store,"Campus Centre, Ground Floor/21 Chancellors Walk, Clayton VIC 3800, Australia",Clayton,https://www.google.com/maps/search/?api=1&query=The%20Monash%20Shop&query_place_id=ChIJAac79Mtq1moRAHMJTorjdIA,https://www.monash.edu/retail/books-and-merchandise-store,,+61 3 9905 3111,-37.9118511,145.1329483,False,9 AM to 4:30 PM,9 AM to 4:30 PM,9 AM to 4:30 PM,9 AM to 4:30 PM,9:30 AM to 4 PM,Closed,Closed,,True,True,False,False,65.0,4.1
Retail,Clayton Shopping Plaza,Shopping mall,"Cooke St & Centre Road, Clayton Rd, Clayton VIC 3168, Australia",Clayton,https://www.google.com/maps/search/?api=1&query=Clayton%20Shopping%20Plaza&query_place_id=ChIJxcWgzSNr1moRId4PyUDWeEI,,,+61 3 8419 0872,-37.9251676,145.1195351,False,9 AM to 9 PM,9 AM to 9 PM,9 AM to 9 PM,9 AM to 9 PM,9 AM to 9 PM,9 AM to 9 PM,9 AM to 9 PM,,True,True,True,False,702.0,4.1
Retail,Centre Com Clayton,Computer store,"6/1866 Princes Hwy, Clayton VIC 3168, Australia",Clayton,https://www.google.com/maps/search/?api=1&query=Centre%20Com%20Clayton&query_place_id=ChIJw43jci0V1moRbMTf4Mm2QHI,https://www.centrecom.com.au/centre-com-clayton/?utm_source=google&utm_medium=organic&utm_campaign=gmb_clayton_victoria,support@centrecom.com.au,+61 3 7503 5920,-37.9214719,145.1371438,False,10 AM to 6 PM,10 AM to 6 PM,10 AM to 6 PM,10 AM to 6 PM,10 AM to 6 PM,10 AM to 5 PM,11 AM to 5 PM,,True,True,False,False,1379.0,4.1
Retail,Woolworths Clayton M City,Supermarket,"2125 Dandenong Rd, Clayton VIC 3168, Australia",Clayton,https://www.google.com/maps/search/?api=1&query=Woolworths%20Clayton%20M%20City&query_place_id=ChIJFQ1JD-gV1moRDN8ED-XLTRg,https://www.woolworths.com.au/shop/storelocator/vic-clayton-3806?utm_source=google&utm_medium=organic&utm_campaign=googleplaces&utm_content=woolworths_supermarkets_3806,,+61 3 8551 8714,-37.921894,145.140213,False,7 AM to 11 PM,7 AM to 11 PM,7 AM to 11 PM,7 AM to 11 PM,7 AM to 11 PM,7 AM to 11 PM,7 AM to 11 PM,,True,True,True,False,1105.0,4.3
Retail,Kmart Clayton,Department store,"M.01/2107 Dandenong Rd, Clayton VIC 3168, Australia",Clayton,https://www.google.com/maps/search/?api=1&query=Kmart%20Clayton&query_place_id=ChIJn8HhdgQV1moR_nA-3KAGudI,https://www.kmart.com.au/store-detail/Kmart+Clayton?utm_source=google&utm_medium=organic&utm_campaign=googleplaces&utm_content=kmart+clayton,,+61 3 9538 2000,-37.9206624,145.1397278,False,8 AM to 10 PM,8 AM to 10 PM,8 AM to 10 PM,8 AM to 10 PM,8 AM to 10 PM,8 AM to 8 PM,8 AM to 8 PM,,True,True,True,True,1005.0,4.1
Retail,Fowles Auctions + Sales,Carpet store,"2099 Princes Hwy, Clayton VIC 3168, Australia",Clayton,https://www.google.com/maps/search/?api=1&query=Fowles%20Auctions%20%2B%20Sales&query_place_id=ChIJYaep2CwV1moRA3wNX861SlA,https://www.fowles.com.au/,,+61 3 9265 5555,-37.9206051,145.1384456,False,8 AM to 5 PM,8 AM to 5 PM,8 AM to 5 PM,8 AM to 5 PM,8 AM to 5 PM,8 AM to 4 PM,10 AM to 4 PM,,True,True,False,False,938.0,4.8
Retail,Linuxt,Computer store,"1 Irwin St, Clayton VIC 3168, Australia",Clayton,https://www.google.com/maps/search/?api=1&query=Linuxt&query_place_id=ChIJowv6YXpr1moRQ6h6GVU5NWM,,,,-37.9162088,145.1334224,False,,,,,,,,,False,False,False,False,,
Retail,DS EXPRESS,Kitchen supply store,"Shop T11, M-City Retail Shopping Centre,2107, 2125 Dandenong Rd, Clayton VIC 3168, Australia",Clayton,https://www.google.com/maps/search/?api=1&query=DS%20EXPRESS&query_place_id=ChIJOdclMPkV1moRU3v-iBjzXZ0,https://dsexpress.com.au/,micah@micahrich.com,+61 425 178 179,-37.9214223,145.1400549,False,10 AM to 6 PM,10 AM to 6 PM,10 AM to 6 PM,10 AM to 6 PM,10 AM to 6 PM,10 AM to 6 PM,10 AM to 6 PM,,True,True,False,False,13.0,2.8
Retail,Smart Drone Station,Drone shop,"3 Koonawarra St, Clayton VIC 3168, Australia",Clayton,https://www.google.com/maps/search/?api=1&query=Smart%20Drone%20Station&query_place_id=ChIJk3WDftxr1moRJtJY-OTc29o,,,,-37.9071303,145.1251678,False,,,,,,,,,False,True,False,False,,
Retail,Scorptec Clayton,Computer store,"Unit 6/2 Garden Rd, Clayton VIC 3168, Australia",Clayton,https://www.google.com/maps/search/?api=1&query=Scorptec%20Clayton&query_place_id=ChIJuf36kDAV1moRUmlZCK_5pNE,https://www.scorptec.com.au/stores/Clayton?utm_source=google&utm_medium=organic&utm_campaign=gmb,,+61 3 8561 3200,-37.9187015,145.1473258,False,9:30 AM to 6 PM,9:30 AM to 6 PM,9:30 AM to 6 PM,9:30 AM to 6 PM,9:30 AM to 6 PM,10 AM to 3 PM,Closed,,True,True,False,False,2030.0,4.3
Retail,First Blood,Electronics store,"12/35 Garden Rd, Clayton VIC 3168, Australia",Clayton,https://www.google.com/maps/search/?api=1&query=First%20Blood&query_place_id=ChIJNT0nDTAV1moR_xX31lnJFnE,http://www.aufb.com.au/,support@aufb.net,+61 481 367 235,-37.9200037,145.1463801,False,10 AM to 6 PM,10 AM to 6 PM,10 AM to 6 PM,10 AM to 6 PM,10 AM to 6 PM,10 AM to 5 PM,11 AM to 5 PM,,False,False,False,False,174.0,4.7
Retail,QAD,Software company,"758 Blackburn Rd, Clayton VIC 3168, Australia",Clayton,https://www.google.com/maps/search/?api=1&query=QAD&query_place_id=ChIJpeLmkjUV1moRF_SMj0DUeSc,http://www.qad.com/,,+61 3 9550 0500,-37.9110726,145.1416359,False,8 AM to 5:30 PM,8 AM to 5:30 PM,8 AM to 5:30 PM,8 AM to 5:30 PM,8 AM to 5:30 PM,Closed,Closed,,False,True,False,False,1.0,5.0
Retail,Canda Computer Warehouse,Computer store,"1/1 Garden Rd, Clayton VIC 3168, Australia",Clayton,https://www.google.com/maps/search/?api=1&query=Canda%20Computer%20Warehouse&query_place_id=ChIJ61WAyTAV1moRCsO8LHekdtU,http://www.canda.net.au/,sales@canda.net.au,+61 3 9574 9760,-37.9178544,145.146541,False,9 AM to 5 PM,9 AM to 5 PM,9 AM to 5 PM,9 AM to 5 PM,9 AM to 5 PM,10 AM to 3 PM,Closed,,True,True,False,False,1.0,1.0
Retail,Extron Australia - Melbourne,Audio visual equipment supplier,"Building 2/45-53 Duerdin St, Notting Hill VIC 3168, Australia",Notting Hill,https://www.google.com/maps/search/?api=1&query=Extron%20Australia%20-%20Melbourne&query_place_id=ChIJz33pdrFq1moRes8yGR7gyOA,http://www.extron.com.au/,,+61 1800 398 766,-37.910489,145.1483297,False,8:30 AM to 5 PM,8:30 AM to 5 PM,8:30 AM to 5 PM,8:30 AM to 5 PM,8:30 AM to 5 PM,Closed,Closed,,False,True,False,False,6.0,5.0
Retail,Chemist Discount Centre - M-City Clayton,Drug store,"Shops MM01/MM02, M-City , 2107, 2125 Dandenong Rd, Clayton VIC 3168, Australia",Clayton,https://www.google.com/maps/search/?api=1&query=Chemist%20Discount%20Centre%20-%20M-City%20Clayton&query_place_id=ChIJnxzyp6dr1moRPMKumXzJakc,https://www.chemistdiscountcentre.com.au/,,+61 3 7023 1777,-37.9206832,145.1401845,False,8 AM to 10 PM,8 AM to 10 PM,8 AM to 10 PM,8 AM to 10 PM,8 AM to 10 PM,8 AM to 8 PM,8 AM to 8 PM,,True,True,False,True,193.0,4.5
Retail,e&s Clearance Centre & Outlet,Appliance store,"Warehouse 1/2167 Dandenong Rd, Clayton VIC 3168, Australia",Clayton,https://www.google.com/maps/search/?api=1&query=e%26s%20Clearance%20Centre%20%26%20Outlet&query_place_id=ChIJi2KM-1EV1moRV5kkaB_aLvw,https://www.eands.com.au/,,+61 3 8791 6060,-37.9244693,145.1445415,False,10 AM to 5 PM,10 AM to 5 PM,10 AM to 5 PM,10 AM to 5 PM,10 AM to 5 PM,10 AM to 5 PM,10 AM to 5 PM,,True,True,False,False,213.0,4.5
Retail,Sedco Communications - Nurse call systems,Safety equipment supplier,"Unit 2/200 Wellington Rd, Clayton VIC 3168, Australia",Clayton,https://www.google.com/maps/search/?api=1&query=Sedco%20Communications%20-%20Nurse%20call%20systems&query_place_id=ChIJF7VkACoV1moRENo-Pg5xsvw,http://www.sedco.net.au/,,+61 1800 824 082,-37.917988,145.147597,False,,,,,,,,,False,False,False,False,,
Retail,Harvey Norman Springvale,Department store,"Homemaker Centre, Westall Rd, Springvale VIC 3171, Australia",Springvale,https://www.google.com/maps/search/?api=1&query=Harvey%20Norman%20Springvale&query_place_id=ChIJ5S_sdykV1moRfUxJ-wVUAqo,https://stores.harveynorman.com.au/harvey-norman-springvale-vic?utm_source=google&utm_medium=organic&utm_campaign=gmb_page,,+61 3 9518 8500,-37.9279171,145.1430245,False,10 AM to 6 PM,10 AM to 6 PM,10 AM to 6 PM,10 AM to 9 PM,10 AM to 9 PM,10 AM to 6 PM,10 AM to 6 PM,,True,True,True,False,1281.0,3.7
Retail,PC COM CLAYTON,Computer service,"1477 Centre Rd, Clayton VIC 3168, Australia",Clayton,https://www.google.com/maps/search/?api=1&query=PC%20COM%20CLAYTON&query_place_id=ChIJy4fSzglr1moRcIYvHitxAFE,http://www.pccom.com.au/,,+61 3 9558 9452,-37.9296544,145.1292341,False,10 AM to 6 PM,10 AM to 6 PM,10 AM to 6 PM,10 AM to 6 PM,10 AM to 5:30 PM,12 to 5 PM,Closed,,False,True,False,False,393.0,4.9
Retail,Tait Mitre 10 Clayton,Hardware store,"1834 Princes Hwy, Clayton VIC 3168, Australia",Clayton,https://www.google.com/maps/search/?api=1&query=Tait%20Mitre%2010%20Clayton&query_place_id=ChIJ6W6urI0_1moRoWXNTPm7euY,https://www.mitre10.com.au/stores/vic/clayton-tait-mitre-10-856096,,+61 3 7066 3888,-37.9193854,145.1339415,False,7 AM to 4 PM,7 AM to 4 PM,7 AM to 4 PM,7 AM to 4 PM,7 AM to 4 PM,8 AM to 12 PM,Closed,,False,True,False,False,48.0,4.0
Retail,Clayton Rd,Association / Organization,"shop 2/384 Haughton Rd, Clayton VIC 3168, Australia",Clayton,https://www.google.com/maps/search/?api=1&query=Clayton%20Rd&query_place_id=ChIJPz1X2Qtr1moRxk8R2O-DGDs,https://www.claytonrd.com.au/,,+61 3 9562 8778,-37.9241689,145.1193151,False,,,,,,,,,True,True,False,False,,
Retail,Abcd Dreamz Pty Ltd,Grocery store,"335 Clayton Rd, Clayton VIC 3168, Australia",Clayton,https://www.google.com/maps/search/?api=1&query=Abcd%20Dreamz%20Pty%20Ltd&query_place_id=ChIJXRDcFCFr1moRnJ1GlKTTIXY,,,,-37.9250403,145.1194485,False,6 AM to 9 PM,6 AM to 9 PM,6 AM to 9 PM,6 AM to 9 PM,6 AM to 9 PM,6 AM to 9 PM,6 AM to 9 PM,,False,False,False,False,,
Retail,Coles Clayton (Centre Rd),Supermarket,"Centre Rd &, Cooke St, Clayton VIC 3168, Australia",Clayton,https://www.google.com/maps/search/?api=1&query=Coles%20Clayton%20(Centre%20Rd)&query_place_id=ChIJFZTvMiJr1moRwMLUGDPG0ws,http://www.coles.com.au/find-stores/coles/vic/clayton-536,,+61 3 7505 8100,-37.9279477,145.1181806,False,7 AM to 11 PM,7 AM to 11 PM,7 AM to 11 PM,7 AM to 11 PM,7 AM to 11 PM,7 AM to 11 PM,7 AM to 11 PM,,True,True,False,False,1756.0,4.1
Retail,Hong Kong Supermarket,Asian grocery store,"359-365 Clayton Rd, Clayton VIC 3168, Australia",Clayton,https://www.google.com/maps/search/?api=1&query=Hong%20Kong%20Supermarket&query_place_id=ChIJLYRa2CNr1moRAWvnh1a8YT4,https://www.hongkongsupermarket.com.au/,,+61 3 9562 8412,-37.9262649,145.1193461,False,8 AM to 8 PM,8 AM to 8 PM,8 AM to 8 PM,8 AM to 8 PM,8 AM to 8 PM,8 AM to 8 PM,8 AM to 8 PM,,True,True,False,False,4032.0,4.4
Retail,D3SKTOP STUDIO,Computer store,"1 Greenfield Dr, Clayton VIC 3168, Australia",Clayton,https://www.google.com/maps/search/?api=1&query=D3SKTOP%20STUDIO&query_place_id=ChIJibfoya1r1moRNV1QptvDAOQ,https://www.instagram.com/d3sktop_studio,,+61 420 889 602,-37.9231052,145.1282384,False,Open 24 hours,Open 24 hours,Open 24 hours,Open 24 hours,Open 24 hours,Open 24 hours,Open 24 hours,,False,False,False,False,,
Retail,Boost Juice M-City,Juice shop,"M-City Retail Shopping Centre, K12, Clayton VIC 3168, Australia",Clayton,https://www.google.com/maps/search/?api=1&query=Boost%20Juice%20M-City&query_place_id=ChIJ4bPFJeoV1moRxwu1qBBv-78,https://www.boostjuice.com.au/,,,-37.9214064,145.1401796,False,9:30 AM to 6 PM,9:30 AM to 6 PM,9:30 AM to 6 PM,9:30 AM to 8 PM,9:30 AM to 8 PM,9:30 AM to 6 PM,10 AM to 6 PM,,True,False,False,False,8.0,2.4
Retail,Save Time Visuals,Electronics store,"45 Normanby Rd, Notting Hill VIC 3168, Australia",Notting Hill,https://www.google.com/maps/search/?api=1&query=Save%20Time%20Visuals&query_place_id=ChIJ0yTOKhBA1moRnjm2_bVePLs,https://www.savetimevisuals.com.au/,,+61 1300 658 986,-37.9042405,145.1338328,False,8 AM to 6 PM,8 AM to 6 PM,8 AM to 6 PM,8 AM to 6 PM,8 AM to 6 PM,Closed,Closed,,True,True,False,False,14.0,4.4
Retail,Metro Hobbies Radio Control Store & Fulfilment Centre,Hobby store,"9/29 Business Park Dr, Notting Hill VIC 3168, Australia",Notting Hill,https://www.google.com/maps/search/?api=1&query=Metro%20Hobbies%20Radio%20Control%20Store%20%26%20Fulfilment%20Centre&query_place_id=ChIJLdQ3XDAT1moRqYDhFzL_dqU,https://www.metrohobbies.com.au/,support@metrohobbies.com.au,+61 3 9890 1144,-37.9027421,145.1328532,False,9:30 AM to 5 PM,9:30 AM to 5 PM,9:30 AM to 5 PM,9:30 AM to 5 PM,9:30 AM to 5 PM,9:30 AM to 5 PM,Closed,,True,True,False,False,164.0,4.5
Retail,Carpet Call Notting Hill Head Office,Flooring store,"65 Normanby Rd, Notting Hill VIC 3168, Australia",Notting Hill,https://www.google.com/maps/search/?api=1&query=Carpet%20Call%20Notting%20Hill%20Head%20Office&query_place_id=ChIJeXfjqrVq1moRJ_agZPj_oNg,https://www.carpetcall.com.au/find-a-store/vic/notting-hill/?utm_source=google&utm_medium=organic_search&utm_campaign=gmb&utm_term=notting_hill&utm_content=website,,+61 3 9913 0398,-37.9051801,145.134778,False,8:30 AM to 5 PM,8:30 AM to 5 PM,8:30 AM to 5 PM,8:30 AM to 5 PM,8:30 AM to 5 PM,Closed,Closed,,True,True,False,False,26.0,3.1
Retail,B&H Australia,Audio visual equipment supplier,"6 Industrial Ave, Notting Hill VIC 3168, Australia",Notting Hill,https://www.google.com/maps/search/?api=1&query=B%26H%20Australia&query_place_id=ChIJ49Y0X7Zq1moRe6vHvYpkpMs,http://www.bhaustralia.com.au/,,+61 3 9594 9100,-37.9043422,145.1303545,False,8 AM to 6 PM,8 AM to 6 PM,8 AM to 6 PM,8 AM to 6 PM,8 AM to 6 PM,Closed,Closed,,False,True,False,False,6.0,3.7
Retail,M-City Shopping Centre,Shopping mall,"2107/2125 Princes Hwy, Clayton VIC 3168, Australia",Clayton,https://www.google.com/maps/search/?api=1&query=M-City%20Shopping%20Centre&query_place_id=ChIJxcxE5CwV1moR3YTGsi1--s8,https://www.m-city.com.au/,info@m-city-developments.com.au,+61 3 8419 0872,-37.9209974,145.1399161,False,,,,,,,,,True,True,True,False,824.0,4.3
Retail,五金工具,Tool store,"56 Renver Rd, Clayton VIC 3168, Australia",Clayton,https://www.google.com/maps/search/?api=1&query=%E4%BA%94%E9%87%91%E5%B7%A5%E5%85%B7&query_place_id=ChIJRxBia-5O1moRBSEjmAuYj1o,https://www.ebay.com.au/str/ozwonderful,,+61 418 616 568,-37.9216449,145.1428416,False,10 AM to 5 PM,10 AM to 5 PM,10 AM to 5 PM,10 AM to 5 PM,10 AM to 5 PM,12 to 5 PM,Closed,,True,True,False,False,55.0,4.3
Retail,KD Trading Australia,Wholesaler,"19-23 McNaughton Rd, Clayton VIC 3168, Australia",Clayton,https://www.google.com/maps/search/?api=1&query=KD%20Trading%20Australia&query_place_id=ChIJeff3RysV1moRe6sjcIuSNvw,,,+61 3 9540 0077,-37.9247552,145.1395008,False,9 AM to 5 PM,9 AM to 5 PM,9 AM to 5 PM,9 AM to 5 PM,9 AM to 5 PM,Closed,Closed,,True,True,False,False,10.0,3.2
Retail,Bunnings Notting Hill,Home improvement store,"232-256 Ferntree Gully Rd, Notting Hill VIC 3168, Australia",Notting Hill,https://www.google.com/maps/search/?api=1&query=Bunnings%20Notting%20Hill&query_place_id=ChIJ32ivl7Bq1moR4E3wIZIFaqA,https://www.bunnings.com.au/stores/vic/notting-hill?utm_source=google&utm_medium=places&utm_content=bunnings-notting-hill&utm_campaign=googleplaces,NottingHill@bunnings.com.au,+61 3 9518 4400,-37.9004949,145.1269677,False,6 AM to 9 PM,6 AM to 9 PM,6 AM to 9 PM,6 AM to 9 PM,6 AM to 9 PM,7 AM to 7 PM,7 AM to 7 PM,,True,True,False,False,2091.0,4.2
Retail,CUBE Led Video Walls - Best Digital Signage System in Melbourne,Audio visual consultant,"16/45 Normanby Rd, Notting Hill VIC 3168, Australia",Notting Hill,https://www.google.com/maps/search/?api=1&query=CUBE%20Led%20Video%20Walls%20-%20Best%20Digital%20Signage%20System%20in%20Melbourne&query_place_id=ChIJA8dFQBdr1moRPLkHbtZ954E,https://cubevideowalls.com/,,+61 1300 302 884,-37.9043303,145.134053,False,9 AM to 4 PM,9 AM to 4 PM,9 AM to 4 PM,9 AM to 4 PM,9 AM to 4 PM,Closed,Closed,,False,True,False,False,,
Retail,Metro Bolts,Fastener supplier,"44 Renver Rd, Clayton VIC 3168, Australia",Clayton,https://www.google.com/maps/search/?api=1&query=Metro%20Bolts&query_place_id=ChIJSQ-CTvVC1moR3HNl-1ILyTM,http://www.metrobolts.com.au/,,+61 3 9429 3099,-37.920738,145.14301,False,8 AM to 4:30 PM,8 AM to 4:30 PM,8 AM to 4:30 PM,8 AM to 4:30 PM,8 AM to 4:30 PM,Closed,Closed,,False,False,False,False,39.0,4.8
Retail,The Office Co,Office supply store,"1/2 Garden Rd, Clayton VIC 3168, Australia",Clayton,https://www.google.com/maps/search/?api=1&query=The%20Office%20Co&query_place_id=ChIJu-EIlTAV1moRrP6vCIZ41oU,http://theofficeco.biz/,,+61 3 9562 5355,-37.9193279,145.1457252,False,9 AM to 4:30 PM,9 AM to 4:30 PM,9 AM to 4:30 PM,9 AM to 4:30 PM,9 AM to 4:30 PM,Closed,Closed,,True,True,True,False,7.0,4.7
Retail,Sushi Hub M-City,Sushi takeaway,"City, Shop 38, M/2107 Dandenong Rd, Clayton VIC 3168, Australia",Clayton,https://www.google.com/maps/search/?api=1&query=Sushi%20Hub%20M-City&query_place_id=ChIJ9_BX0JQV1moRnn9oJ1_Rijk,https://www.sushihub.com.au/,Asset-6@2x.png,+61 3 9116 6158,-37.9213665,145.1401062,False,8 AM to 8 PM,8 AM to 8 PM,8 AM to 8 PM,8 AM to 8 PM,8 AM to 8 PM,8 AM to 8 PM,8 AM to 8 PM,,True,True,True,False,133.0,4.2
Retail,Naviplus,Car stereo store,"9/35 Garden Rd, Clayton VIC 3168, Australia",Clayton,https://www.google.com/maps/search/?api=1&query=Naviplus&query_place_id=ChIJy-xivbFc1moRhjbZL5K2v8E,http://www.naviplus.com.au/,605a7baede844d278b89dc95ae0a9123@sentry-next.wixpress.com,+61 3 9546 0452,-37.9201089,145.1459668,False,9 AM to 4 PM,9 AM to 4 PM,9 AM to 4 PM,9 AM to 4 PM,9 AM to 4 PM,Closed,Closed,,False,False,False,False,262.0,4.5
Retail,Cafe Cinque Lire,Cafe,"15 Innovation Walk, Clayton VIC 3168, Australia",Clayton,https://www.google.com/maps/search/?api=1&query=Cafe%20Cinque%20Lire&query_place_id=ChIJheE-1shq1moRCK-RBW6jFbI,http://www.cinquelire.com.au/,,+61 411 634 948,-37.910374,145.1294341,False,6:30 AM to 4 PM,6:30 AM to 4 PM,6:30 AM to 4 PM,6:30 AM to 5 PM,6:30 AM to 5 PM,Closed,Closed,,True,True,True,True,317.0,4.3
Retail,Uníride Bike Shop,Bicycle store,"Monash University Clayton Campus, 5 Rainforest Walk, Clayton VIC 3168, Australia",Clayton,https://www.google.com/maps/search/?api=1&query=Un%C3%ADride%20Bike%20Shop&query_place_id=ChIJtdgET8tq1moRat4TyFobpJ4,https://msa.monash.edu/uniride,msa-uniride@monash.edu,+61 3 9905 8017,-37.9082548,145.1320373,False,9:30 AM to 5 PM,9:30 AM to 5 PM,9:30 AM to 5 PM,9:30 AM to 5 PM,9:30 AM to 5 PM,Closed,Closed,,False,False,False,False,70.0,4.8
Retail,Red Cross Shop Monash,Thrift store,"Monash University Clayton Campus, Shop/G09 Chancellors Walk, Clayton VIC 3800, Australia",Clayton,https://www.google.com/maps/search/?api=1&query=Red%20Cross%20Shop%20Monash&query_place_id=ChIJvalzIk1r1moRUq0G5XeuI0Q,https://www.redcross.org.au/places/retail-stores/red-cross-shop-monash/,,+61 3 7504 3523,-37.9119709,145.1330859,False,9:30 AM to 5:30 PM,9:30 AM to 5:30 PM,9:30 AM to 5:30 PM,9:30 AM to 5:30 PM,9:30 AM to 5:30 PM,Closed,Closed,,True,False,False,False,8.0,4.4
Retail,Monash Campus Pharmacy,Pharmacy,"Monash University Clayton Campus, Campus Centre Building, G101, 21 Chancellors Walk, Clayton VIC 3168, Australia",Clayton,https://www.google.com/maps/search/?api=1&query=Monash%20Campus%20Pharmacy&query_place_id=ChIJxV3sf7Rr1moRVINuptSYVH8,https://www.monash.edu/food-and-retail/vendors/campus-pharmacy,,+61 3 9544 9061,-37.9118511,145.1329483,False,8:30 AM to 5:30 PM,8:30 AM to 5:30 PM,8:30 AM to 5:30 PM,8:30 AM to 5:30 PM,8:30 AM to 5:30 PM,Closed,Closed,,True,True,False,False,178.0,4.9
Hospitality,Reward Hospitality Melbourne Distribution Centre,Restaurant supply store,"2 Vulcan Dr, Truganina VIC 3029, Australia",Truganina,https://www.google.com/maps/search/?api=1&query=Reward%20Hospitality%20Melbourne%20Distribution%20Centre&query_place_id=ChIJRwTZcOhh1moRU6V6CjB2gx0,https://www.rewardhospitality.com.au/storelocator/melbourneDC?utm_source=google&utm_medium=organic&utm_campaign=gbp&utm_content=reward-melbourne-dc,,+61 1800 473 927,-37.8109043,144.7381909,False,8 AM to 4 PM,8 AM to 4 PM,8 AM to 4 PM,8 AM to 4 PM,8 AM to 4 PM,Closed,Closed,False,True,True,False,False,11.0,3.7
Hospitality,Yumiie Indian Food Catering,Catering food and drink supplier,"40 Fireside Ave, Point Cook VIC 3030, Australia",Point Cook,https://www.google.com/maps/search/?api=1&query=Yumiie%20Indian%20Food%20Catering&query_place_id=ChIJ9br1ONmJ1moRKKUM5WN0M8o,,,+61 426 403 966,-37.9017475,144.733931,False,9 AM to 11 PM,9 AM to 11 PM,9 AM to 11 PM,9 AM to 11 PM,9 AM to 11 PM,9 AM to 11 PM,9 AM to 11 PM,False,False,True,False,False,33.0,4.9
Hospitality,Silver Service Hospitality Supplies,Restaurant supply store,"9/55 Graham Ct, Hoppers Crossing VIC 3029, Australia",Hoppers Crossing,https://www.google.com/maps/search/?api=1&query=Silver%20Service%20Hospitality%20Supplies&query_place_id=ChIJowGge-WI1moR1FyUC8W8Ymo,https://www.sshospitality.com.au/,,+61 3 9369 9634,-37.8720359,144.7284698,False,9 AM to 5 PM,9 AM to 5 PM,9 AM to 5 PM,9 AM to 5 PM,9 AM to 5 PM,Closed,Closed,False,True,True,False,False,11.0,4.2
Hospitality,Hospitality internship,Training center,"101 Overton Rd, Williams Landing VIC 3027, Australia",Williams Landing,https://www.google.com/maps/search/?api=1&query=Hospitality%20internship&query_place_id=ChIJbcWtqiSJ1moRtZv0h4rZ31g,,,+61 468 480 776,-37.8668405,144.7450554,False,10 AM to 5:30 PM,10 AM to 5:30 PM,10 AM to 5:30 PM,10 AM to 5:30 PM,10 AM to 5:30 PM,Closed,Closed,False,True,True,False,False,,
Hospitality,Federal Hospitality Equipment Pty. Ltd. (VIC),Restaurant supply store,"1 Efficient Dr, Truganina VIC 3029, Australia",Truganina,https://www.google.com/maps/search/?api=1&query=Federal%20Hospitality%20Equipment%20Pty.%20Ltd.%20(VIC)&query_place_id=ChIJR-0tfPVg1moRa7ysigZPvsU,https://www.foodequipment.com.au/,,+61 1300 415 244,-37.8085947,144.7391937,False,9 AM to 5 PM,9 AM to 5 PM,9 AM to 5 PM,9 AM to 5 PM,9 AM to 5 PM,Closed,Closed,False,True,True,False,False,115.0,4.4
Hospitality,Elite Hospitality Training - Melbourne,Hospitality and tourism school,"45 Rose Ln, Melbourne VIC 3000, Australia",Melbourne,https://www.google.com/maps/search/?api=1&query=Elite%20Hospitality%20Training%20-%20Melbourne&query_place_id=ChIJn0W25crFXEIRFVrNGxu-4Ic,https://eliteh-t.com/,,+61 422 267 515,-37.8149844,144.9536505,False,9 AM to 10 PM,9 AM to 10 PM,9 AM to 10 PM,9 AM to 10 PM,9 AM to 10 PM,9 AM to 10 PM,9 AM to 10 PM,False,False,False,False,False,42.0,5.0
Hospitality,Hospitality Construction,Shopfitter,"4A/178 Duke St, Braybrook VIC 3019, Australia",Braybrook,https://www.google.com/maps/search/?api=1&query=Hospitality%20Construction&query_place_id=ChIJQYcOrz9e1moRYqvtyXIPJFs,https://hospitalityconstruction.com.au/,,+61 3 8608 0279,-37.7756445,144.8489296,False,9 AM to 5 PM,9 AM to 5 PM,9 AM to 5 PM,9 AM to 5 PM,9 AM to 5 PM,Closed,Closed,False,False,False,False,False,17.0,3.8
Hospitality,The Indian Kitchen co,Indian restaurant,"22 Gallant Rd, Point Cook VIC 3030, Australia",Point Cook,https://www.google.com/maps/search/?api=1&query=The%20Indian%20Kitchen%20co&query_place_id=ChIJacO0OcuH1moR_6Ay9Bqacdc,https://www.facebook.com/TheIndianKitchenCo?mibextid=LQQJ4d,,+61 405 677 997,-37.902944,144.7321103,False,9 AM to 3 PM,9 AM to 3 PM,9 AM to 3 PM,9 AM to 3 PM,9 AM to 3 PM,9 AM to 3 PM,9 AM to 3 PM,False,False,False,False,False,439.0,4.6
Hospitality,Punjab Hospitality Equipments & Appliances Melbourne,Kitchen supply store,"274 Leakes Rd, Truganina VIC 3029, Australia",Truganina,https://www.google.com/maps/search/?api=1&query=Punjab%20Hospitality%20Equipments%20%26%20Appliances%20Melbourne&query_place_id=ChIJtbLqTMqJ1moRmPa29CPfj0M,https://punjabhospitality.com.au/,,+61 466 147 322,-37.8384744,144.7440741,False,9 AM to 5 PM,9 AM to 5 PM,9 AM to 5 PM,9 AM to 5 PM,9 AM to 5 PM,9 AM to 5 PM,9 AM to 5 PM,False,True,True,False,False,,
Hospitality,Signature Hospitality Group Pty Ltd,Food and beverage consultant,"72-78 Market St, Southbank VIC 3006, Australia",Southbank,https://www.google.com/maps/search/?api=1&query=Signature%20Hospitality%20Group%20Pty%20Ltd&query_place_id=ChIJ___PnqpC1moRp9fAzb6cB0s,,,,-37.8296691,144.958243,False,9 AM to 5:30 PM,9 AM to 5:30 PM,9 AM to 5:30 PM,9 AM to 5:30 PM,9 AM to 5:30 PM,Closed,Closed,False,True,False,False,False,1.0,5.0
Hospitality,Hospoworld Resourcing,Employment agency,"Level 5/447 Collins St, Melbourne VIC 3000, Australia",Melbourne,https://www.google.com/maps/search/?api=1&query=Hospoworld%20Resourcing&query_place_id=ChIJP-anTbRC1moR7fYXt58yWMI,https://www.hospoworld.com/,,+61 3 9666 1506,-37.8182233,144.9577302,False,8:30 AM to 5:30 PM,8:30 AM to 5:30 PM,8:30 AM to 5:30 PM,8:30 AM to 5:30 PM,8:30 AM to 5:30 PM,Closed,Closed,False,True,False,False,False,173.0,4.8
Hospitality,INAC Hospitality Agency Melbourne,Employment agency,"1 Alfred Pl, South Melbourne VIC 3205, Australia",South Melbourne,https://www.google.com/maps/search/?api=1&query=INAC%20Hospitality%20Agency%20Melbourne&query_place_id=ChIJh_JDs0Jd1moRk3TqYhdBZlM,https://inac.com.au/,sydney@inac.com.au,+61 3 9602 5707,-37.8316721,144.959146,False,6 AM to 9 PM,6 AM to 9 PM,6 AM to 9 PM,6 AM to 9 PM,6 AM to 9 PM,6 AM to 9 PM,6 AM to 9 PM,False,True,False,False,False,49.0,4.7
Hospitality,Melbourne Hospitality Group Pty Ltd,,"14-20 King St, Melbourne VIC 3004, Australia",Melbourne,https://www.google.com/maps/search/?api=1&query=Melbourne%20Hospitality%20Group%20Pty%20Ltd&query_place_id=ChIJk0RXj01d1moRAsmodhIETa0,,,,-37.819777,144.9577242,False,,,,,,,,False,False,False,False,False,,
Hospitality,FH Hospitality,Training center,"65 Hardiman St, Kensington VIC 3031, Australia",Kensington,https://www.google.com/maps/search/?api=1&query=FH%20Hospitality&query_place_id=ChIJndsjKRdd1moRKSLkJGnn7B8,http://fhhospitality.com/,ehayek@fhhospitality.com,+61 3 9372 6986,-37.795511,144.934147,False,,,,,,,,False,False,False,False,False,,
Hospitality,Frontline Recruitment Group - Hospitality Melbourne East,Employment agency,"Level 15, Suite 7/454 Collins St, Melbourne VIC 3000, Australia",Melbourne,https://www.google.com/maps/search/?api=1&query=Frontline%20Recruitment%20Group%20-%20Hospitality%20Melbourne%20East&query_place_id=ChIJsSmSGjvF7k4RSBn1jNbrwxg,https://www.frontlinerecruitmentgroup.com/hospitality/,bcurrie@frgteam.com,+61 3 9108 4243,-37.8173251,144.9592691,False,8:30 AM to 5:30 PM,8:30 AM to 5:30 PM,8:30 AM to 5:30 PM,8:30 AM to 5:30 PM,8:30 AM to 5:30 PM,Closed,Closed,False,True,False,False,False,11.0,4.6
Hospitality,Hospitality Textiles,Wholesaler,"4/28 West Ct, Derrimut VIC 3030, Australia",Derrimut,https://www.google.com/maps/search/?api=1&query=Hospitality%20Textiles&query_place_id=ChIJ86WguOJC1moR9qVVOiWi3Ys,http://www.hospitalitytextiles.com.au/,sales@hospitalitytextiles.com.au,+61 3 9417 2599,-37.8101986,144.7516506,False,9 AM to 5 PM,9 AM to 5 PM,9 AM to 5 PM,9 AM to 5 PM,9 AM to 5 PM,Closed,Closed,False,True,True,False,False,,
Hospitality,PC Corporate | Hospitality & Corporate Uniforms,Manufacturer,"Unit 29/155-161 Hyde St, Yarraville VIC 3013, Australia",Yarraville,https://www.google.com/maps/search/?api=1&query=PC%20Corporate%20%7C%20Hospitality%20%26%20Corporate%20Uniforms&query_place_id=ChIJC18CGmdn1moRW9J9kHGjqHk,http://www.pccorporate.com.au/,info@pccorpoate.com.au,+61 3 9687 0714,-37.814974,144.8973561,False,9 AM to 6 PM,9 AM to 6 PM,9 AM to 6 PM,9 AM to 6 PM,9 AM to 6 PM,Closed,Closed,False,False,True,False,False,10.0,4.6
Hospitality,Serve It Up,Adult education school,"39/617-643 Spencer St, West Melbourne VIC 3003, Australia",West Melbourne,https://www.google.com/maps/search/?api=1&query=Serve%20It%20Up&query_place_id=ChIJm1rpJctC1moRRA_G69pVU60,,,+61 1300 555 748,-37.8071139,144.9454608,False,Closed,Closed,9 AM to 4 PM,9 AM to 4 PM,9 AM to 4 PM,Closed,Closed,False,False,False,False,False,218.0,4.9
Hospitality,Morris Hospitality,Association / Organization,"83-85 Dundas Pl, Albert Park VIC 3206, Australia",Albert Park,https://www.google.com/maps/search/?api=1&query=Morris%20Hospitality&query_place_id=ChIJf_tmS4Nn1moRD6z6yhJWZBM,https://morrishospitality.com.au/,,+61 3 8644 4000,-37.8412794,144.9557532,False,9 AM to 5 PM,9 AM to 5 PM,9 AM to 5 PM,9 AM to 5 PM,9 AM to 5 PM,Closed,Closed,False,True,True,False,False,7.0,2.7
Hospitality,Reward Hospitality South Melbourne (By Appointment),Consultant,"208 York St, South Melbourne VIC 3205, Australia",South Melbourne,https://www.google.com/maps/search/?api=1&query=Reward%20Hospitality%20South%20Melbourne%20(By%20Appointment)&query_place_id=ChIJ--RkAaRn1moRJnoq44VElh0,https://www.rewardhospitality.com.au/storelocator/southmelbourne?utm_source=google&utm_medium=organic&utm_campaign=gbp&utm_content=reward-south-melbourne,,+61 3 9368 2444,-37.8320783,144.9542679,False,9 AM to 4 PM,9 AM to 4 PM,9 AM to 4 PM,9 AM to 4 PM,9 AM to 4 PM,Closed,Closed,False,True,False,False,False,2.0,5.0
Hospitality,Direct Chemist Outlet Point Cook Town Centre,Pharmacy,"Shop 102 Cnr Dunnings Road &, Boardwalk Blvd, Point Cook VIC 3030, Australia",Point Cook,https://www.google.com/maps/search/?api=1&query=Direct%20Chemist%20Outlet%20Point%20Cook%20Town%20Centre&query_place_id=ChIJBZH0V52J1moR8Y9WmedXM4I,https://www.directchemistoutlet.com.au/storelocator/point%20cook/?utm_content=Direct%20Chemist%20Outlet%20Point%20Cook%20-%20Point%20Cook&utm_campaign=Google%20My%20Business&utm_medium=organic&utm_source=google&utm_term=plcid_542761969076309964,,+61 3 9395 0179,-37.8819839,144.735366,False,9 AM to 7 PM,9 AM to 7 PM,9 AM to 7 PM,9 AM to 7 PM,9 AM to 7 PM,9 AM to 5 PM,10 AM to 5 PM,False,True,True,False,False,163.0,4.6
Hospitality,San Churro Point Cook,Dessert restaurant,"Stockland, Shop/129B Main St, Point Cook VIC 3030, Australia",Point Cook,https://www.google.com/maps/search/?api=1&query=San%20Churro%20Point%20Cook&query_place_id=ChIJ32COltmJ1moRL8e_3_Xsjxk,https://www.sanchurro.com/store/san-churro-point-cook/,pointcook@sanchurro.com,+61 3 7047 5661,-37.8830077,144.7346264,False,10 AM to 10 PM,10 AM to 10 PM,10 AM to 10 PM,10 AM to 10:30 PM,10 AM to 11 PM,9:30 AM to 11 PM,9:30 AM to 10 PM,False,True,True,False,False,407.0,4.4
Hospitality,Coles Point Cook,Supermarket,"Centre, 5 Main St, Point Cook VIC 3030, Australia",Point Cook,https://www.google.com/maps/search/?api=1&query=Coles%20Point%20Cook&query_place_id=ChIJvUUccvOI1moRYKIlpTjZcAw,http://www.coles.com.au/find-stores/coles/vic/point-cook-537,,+61 3 9394 2300,-37.8825729,144.7346897,False,7 AM to 10 PM,7 AM to 10 PM,7 AM to 10 PM,7 AM to 10 PM,7 AM to 10 PM,7 AM to 10 PM,7 AM to 10 PM,False,True,True,True,False,913.0,4.0
Hospitality,ECCO Hospitality,Catering food and drink supplier,"1-5 Gardiner St, North Melbourne VIC 3051, Australia",North Melbourne,https://www.google.com/maps/search/?api=1&query=ECCO%20Hospitality&query_place_id=ChIJh0-_utxC1moRsJnVGvrprA4,,,+61 3 9416 0541,-37.804639,144.9533217,False,8 AM to 5 PM,8 AM to 5 PM,8 AM to 5 PM,8 AM to 5 PM,8 AM to 5 PM,Closed,Closed,False,True,False,False,False,27.0,4.0
Hospitality,Collins Square Hospitality Group,Event management company,"7/727 Collins St, Melbourne VIC 3008, Australia",Melbourne,https://www.google.com/maps/search/?api=1&query=Collins%20Square%20Hospitality%20Group&query_place_id=ChIJWeRgdlpd1moRlD8N0yk4cMs,http://cshg.com.au/,events-centre@2x.jpg,+61 3 9252 7921,-37.8206284,144.9500129,False,Open 24 hours,Open 24 hours,Open 24 hours,Open 24 hours,Open 24 hours,Closed,Closed,False,True,False,False,False,,
Hospitality,FORMLINE (Previously Hospitality Furniture Concepts),Bar restaurant furniture store,"550 City Rd, South Melbourne VIC 3205, Australia",South Melbourne,https://www.google.com/maps/search/?api=1&query=FORMLINE%20(Previously%20Hospitality%20Furniture%20Concepts)&query_place_id=ChIJo8sdTftC1moR-zPU2K0D3VM,http://www.hospitalityfurniture.net.au/,hello@form-line.com.au,+61 3 9428 2244,-37.8329374,144.9510957,False,10 AM to 5 PM,10 AM to 5 PM,10 AM to 5 PM,10 AM to 5 PM,10 AM to 5 PM,Closed,Closed,False,True,False,False,False,30.0,3.7
Hospitality,Future Food - Food & Hospitality Consultants,Food and beverage consultant,"Unit 19B/75 Lorimer St, Docklands VIC 3008, Australia",Docklands,https://www.google.com/maps/search/?api=1&query=Future%20Food%20-%20Food%20%26%20Hospitality%20Consultants&query_place_id=ChIJDYlvkfVn1moRfSb_oeAz68E,https://futurefood.com.au/,info@futurefood.com.au,+61 3 9646 5177,-37.8250104,144.9425143,False,9 AM to 5 PM,9 AM to 5 PM,9 AM to 5 PM,9 AM to 5 PM,9 AM to 5 PM,Closed,Closed,False,True,False,True,True,10.0,5.0
Hospitality,Seasons5 Resort - Wedding Venue in Melbourne,Wedding venue,"454 Point Cook Rd, Point Cook VIC 3030, Australia",Point Cook,https://www.google.com/maps/search/?api=1&query=Seasons5%20Resort%20-%20Wedding%20Venue%20in%20Melbourne&query_place_id=ChIJnZK12s-H1moRHWb4aLMaHOI,https://www.seasons5.com.au/?utm_source=Gmb&utm_medium=Gmb&utm_campaign=Gmb,events@seasons5.com,+61 3 8376 5300,-37.917697,144.749099,False,,,,,,,,False,True,True,True,False,418.0,4.3
Hospitality,On Tap Hospitality,Business management consultant,"Unit 10/530 Collins St, Melbourne VIC 3000, Australia",Melbourne,https://www.google.com/maps/search/?api=1&query=On%20Tap%20Hospitality&query_place_id=ChIJjUu-x01d1moROia4a6865N8,http://on-tap.com.au/,,+61 3 8635 1800,-37.817532,144.956794,False,8 AM to 5:30 PM,8 AM to 5:30 PM,8 AM to 5:30 PM,8 AM to 5:30 PM,8 AM to 5:30 PM,Closed,Closed,False,False,False,False,False,,
Hospitality,Ken Hands Agencies,Hotel supply store,"44B Phoenix St, Brunswick VIC 3056, Australia",Brunswick,https://www.google.com/maps/search/?api=1&query=Ken%20Hands%20Agencies&query_place_id=ChIJO3C16gRd1moRiXaFQqAVGRs,https://kha.com.au/,sales@kha.com.au,+61 3 9372 6500,-37.769153,144.957116,False,8 AM to 5 PM,8 AM to 5 PM,8 AM to 5 PM,8 AM to 5 PM,8 AM to 4 PM,Closed,Closed,False,True,True,False,False,10.0,4.6
Hospitality,Angad Australian Institute of Technology,Vocational school,"6/501 La Trobe St, Melbourne VIC 3000, Australia",Melbourne,https://www.google.com/maps/search/?api=1&query=Angad%20Australian%20Institute%20of%20Technology&query_place_id=ChIJdROrc0ld1moRzwzHZ5cp9OU,https://angad.vic.edu.au/,info@angad.vic.edu.au,+61 3 9670 9095,-37.8125658,144.9544713,False,9 AM to 5:30 PM,9 AM to 5:30 PM,9 AM to 5:30 PM,9 AM to 5:30 PM,9 AM to 5:30 PM,Closed,Closed,False,True,False,False,False,82.0,4.5
Hospitality,Refresh Hospitality,,"403 Flemington Rd, North Melbourne VIC 3051, Australia",North Melbourne,https://www.google.com/maps/search/?api=1&query=Refresh%20Hospitality&query_place_id=ChIJXZ8hCCFd1moRXVreQUIAlOE,,,+61 3 9384 5272,-37.7897087,144.9419284,False,,,,,,,,False,False,False,False,False,,
Hospitality,Ready2Rock Hospitality Uniforms,Uniform store,"124 Union Rd, Ascot Vale VIC 3032, Australia",Ascot Vale,https://www.google.com/maps/search/?api=1&query=Ready2Rock%20Hospitality%20Uniforms&query_place_id=ChIJr7Mh58lC1moRWq_V_bLoS4w,https://www.ready2rock.com.au/,info@ready2rock.com.au,+61 1800 727 625,-37.7758914,144.9157185,False,Closed,9:30 AM to 6 PM,9:30 AM to 5 PM,9:30 AM to 5 PM,9:30 AM to 5 PM,9:30 AM to 2 PM,Closed,False,True,True,False,False,65.0,5.0
Hospitality,The Phoenix Hotel,Pub,"40 Wallace Ave, Point Cook VIC 3030, Australia",Point Cook,https://www.google.com/maps/search/?api=1&query=The%20Phoenix%20Hotel&query_place_id=ChIJ4cR48_iI1moRwf3712Yg3qk,https://phoenixpointcook.com.au/,info@phoenixpointcook.com.au,+61 3 9037 8700,-37.8734321,144.7476806,False,10 AM to 3 AM,10 AM to 3 AM,10 AM to 3 AM,10 AM to 3 AM,10 AM to 3 AM,10 AM to 3 AM,10 AM to 3 AM,False,True,True,True,False,1189.0,4.0
Hospitality,Rococo Point Cook,Italian restaurant,"Unit 123/22-30 Wallace Ave, Point Cook VIC 3030, Australia",Point Cook,https://www.google.com/maps/search/?api=1&query=Rococo%20Point%20Cook&query_place_id=ChIJj6aTFL2J1moR6tujSR2fej8,http://www.rococo.net.au/,enquiry@rococo.net.au,+61 3 8360 7848,-37.8727007,144.7471194,False,"12 to 3 PM, 4:30 to 9 PM","12 to 3 PM, 4:30 to 9 PM","12 to 3 PM, 4:30 to 9 PM","12 to 3 PM, 4:30 to 9 PM","12 to 3 PM, 4:30 to 10 PM",12 to 10 PM,12 to 9:30 PM,False,True,True,True,True,1066.0,4.3
Hospitality,Beit al Kababjii,Takeout Restaurant,"Shop 19/100 Overton Rd, Williams Landing VIC 3027, Australia",Williams Landing,https://www.google.com/maps/search/?api=1&query=Beit%20al%20Kababjii&query_place_id=ChIJV27vxaqJ1moRkNiBCbqv_No,https://beitalkababjii.com.au/,,+61 3 9973 9156,-37.8672171,144.7430381,False,11 AM to 10 PM,11 AM to 10 PM,11 AM to 10 PM,11 AM to 10 PM,11 AM to 10 PM,11 AM to 10 PM,11 AM to 10 PM,False,True,True,True,False,350.0,4.4
Hospitality,Totally Workwear Hoppers Crossing,Clothing store,"18/428 Old Geelong Rd, Hoppers Crossing VIC 3029, Australia",Hoppers Crossing,https://www.google.com/maps/search/?api=1&query=Totally%20Workwear%20Hoppers%20Crossing&query_place_id=ChIJ3bG9evuI1moREDAlQAHIfXY,https://www.totallyworkwear.com.au/store/hoppers-crossing?utm_term=plcid_13503860620885950065&utm_source=google&utm_medium=organic&utm_campaign=Google+My+Business&utm_content=Totally+Workwear+Hoppers+Crossing,enquiries@totallyworkwear.com.au,+61 3 9931 1991,-37.8695682,144.7324933,False,8:30 AM to 5:30 PM,8:30 AM to 5:30 PM,8:30 AM to 5:30 PM,8:30 AM to 5:30 PM,8:30 AM to 5:30 PM,9 AM to 4:30 PM,10 AM to 3 PM,False,True,True,False,False,208.0,4.5
Hospitality,Club Laverton,Motel,"15 Aviation Rd, Laverton VIC 3028, Australia",Laverton,https://www.google.com/maps/search/?api=1&query=Club%20Laverton&query_place_id=ChIJ7cvrMLaJ1moRgygQITVOQxQ,http://clublaverton.com.au/,,+61 3 9369 1811,-37.8682022,144.7617645,False,,,,,,,,False,False,False,False,False,549.0,4.1
Hospitality,Quest Sanctuary Lakes,Hotel,"9 Greg Norman Dr, Point Cook VIC 3030, Australia",Point Cook,https://www.google.com/maps/search/?api=1&query=Quest%20Sanctuary%20Lakes&query_place_id=ChIJabvRQxWI1moR98Mb8SUiTF4,http://www.questsanctuarylakes.com.au/,,+61 3 9394 2100,-37.8946357,144.7645921,False,,,,,,,,False,False,False,False,False,242.0,4.2
Hospitality,Melbourne Institute of Australia,College,"level 1/1 Watton St, Werribee VIC 3030, Australia",Werribee,https://www.google.com/maps/search/?api=1&query=Melbourne%20Institute%20of%20Australia&query_place_id=ChIJR5ANeQCF1moRfBtXok6EM3I,https://mia.edu.au/,info@mia.edu.au,+61 3 8763 2765,-37.9002267,144.6635652,False,9:30 AM to 5 PM,9:30 AM to 5 PM,9:30 AM to 5 PM,9:30 AM to 5 PM,9:30 AM to 5 PM,Closed,Closed,False,True,True,False,False,30.0,4.6
Hospitality,All About Linen,Linens store,"Unit 2/169 Settlement Rd, Thomastown VIC 3074, Australia",Thomastown,https://www.google.com/maps/search/?api=1&query=All%20About%20Linen&query_place_id=ChIJO5zlQU9P1moR9z2J_9ydtXk,http://www.allaboutlinen.com.au/,info@allaboutlinen.com.au,+61 3 9078 8365,-37.6949076,145.0396785,False,9 AM to 5 PM,9 AM to 5 PM,9 AM to 5 PM,9 AM to 5 PM,9 AM to 5 PM,9 AM to 5 PM,9 AM to 5 PM,False,True,True,False,False,114.0,4.9
Hospitality,Indigenous Hospitality House,Non-profit organization,"Unit 1/907 Drummond St, Carlton North VIC 3054, Australia",Carlton North,https://www.google.com/maps/search/?api=1&query=Indigenous%20Hospitality%20House&query_place_id=ChIJ78HGuDBD1moR0HzjRC3rh6A,http://ihh.org.au/,house@ihh.org.au,+61 3 9387 7557,-37.7833558,144.9709376,False,9 AM to 6 PM,9 AM to 6 PM,9 AM to 6 PM,9 AM to 6 PM,9 AM to 6 PM,Closed,Closed,False,True,True,False,False,11.0,4.9
Hospitality,Long Fine Hospitality Supplies Pty Ltd,Restaurant supply store,"95 Northcorp Blvd, Broadmeadows VIC 3047, Australia",Broadmeadows,https://www.google.com/maps/search/?api=1&query=Long%20Fine%20Hospitality%20Supplies%20Pty%20Ltd&query_place_id=ChIJJzjnvKVa1moR9XQoQBNnFwc,http://www.longfine.com.au/,showroom@longfine.com.au,+61 3 9359 9388,-37.6832467,144.9485659,False,9 AM to 5 PM,9 AM to 5 PM,9 AM to 5 PM,9 AM to 5 PM,9 AM to 5 PM,Closed,Closed,False,True,True,False,False,21.0,4.3
Hospitality,Santos Catering and Hospitality Supplies,Hospital equipment and supplies,"Unit 18/25-27 Hocking St, Coburg North VIC 3058, Australia",Coburg North,https://www.google.com/maps/search/?api=1&query=Santos%20Catering%20and%20Hospitality%20Supplies&query_place_id=ChIJGzIAhjFb1moRE5LN9raD3Dg,https://santosonline.com.au/,santos-logo-values-colour_250x@2x.jpg,+61 1300 991 881,-37.7285626,144.9551035,False,9 AM to 5 PM,9 AM to 5 PM,9 AM to 5 PM,9 AM to 5 PM,9 AM to 5 PM,Closed,Closed,False,True,True,False,False,8.0,4.0
Hospitality,Hospitality Furniture Wholesale,Furniture wholesaler,"8 Lara Way, Campbellfield VIC 3061, Australia",Campbellfield,https://www.google.com/maps/search/?api=1&query=Hospitality%20Furniture%20Wholesale&query_place_id=ChIJ60etNmZP1moRLVSWwLuK840,,,+61 3 8628 5816,-37.6569509,144.9651426,False,,,,,,,,False,False,True,False,False,,
Hospitality,AM HOSPITALITY CONSULTING,Consultant,"11a Holmes St, Melbourne VIC 3000, Australia",Melbourne,https://www.google.com/maps/search/?api=1&query=AM%20HOSPITALITY%20CONSULTING&query_place_id=ChIJm255NutD1moRl1HFPQVBvUE,http://www.amhospitality.com.au/,,+61 418 377 227,-37.7609384,144.97393,False,9 AM to 6 PM,9 AM to 6 PM,9 AM to 6 PM,9 AM to 6 PM,9 AM to 6 PM,9 AM to 6 PM,Closed,False,False,False,False,False,2.0,5.0
Hospitality,Jaycar Electronics Thomastown,Electrical supply store,"225B Settlement Rd, Thomastown VIC 3074, Australia",Thomastown,https://www.google.com/maps/search/?api=1&query=Jaycar%20Electronics%20Thomastown&query_place_id=ChIJv67Sh0RP1moR1ldmMciPbR8,https://www.jaycar.com.au/stores/thomastown_jaycarau,,+61 3 9465 3333,-37.6942397,145.0332592,False,8:30 AM to 5:30 PM,8:30 AM to 5:30 PM,8:30 AM to 5:30 PM,8:30 AM to 5:30 PM,8:30 AM to 6:30 PM,8:30 AM to 5 PM,10 AM to 4 PM,False,True,True,False,False,190.0,4.2
Hospitality,Desi Chatka Function Centre,Function room facility,"22 Lentini St, Hoppers Crossing VIC 3029, Australia",Hoppers Crossing,https://www.google.com/maps/search/?api=1&query=Desi%20Chatka%20Function%20Centre&query_place_id=ChIJLwwxJ1-J1moRwZJ1rvbnIPU,https://www.desichatka.com.au/,,+61 451 222 972,-37.8732299,144.7268066,False,9 AM to 5 PM,9 AM to 5 PM,9 AM to 5 PM,9 AM to 5 PM,9 AM to 5 PM,9 AM to 5 PM,9 AM to 5 PM,False,True,True,False,True,275.0,3.5
Hospitality,Tandoori Fusion,Event venue,"4/2/6 Kilmur Rd, Hoppers Crossing VIC 3029, Australia",Hoppers Crossing,https://www.google.com/maps/search/?api=1&query=Tandoori%20Fusion&query_place_id=ChIJBaPtPe-I1moRWuUg3lHXCWg,http://tandoorifusionreception.com.au/,,+61 450 682 786,-37.8731797,144.7260523,False,Closed,5 to 10:30 PM,5 to 10:30 PM,5 to 10:30 PM,5 to 10:30 PM,5 to 10:30 PM,5 to 10:30 PM,False,True,True,True,True,420.0,3.9
Hospitality,The Tigers Clubhouse,Social club,"70 Old Geelong Rd, Hoppers Crossing VIC 3029, Australia",Hoppers Crossing,https://www.google.com/maps/search/?api=1&query=The%20Tigers%20Clubhouse&query_place_id=ChIJFSEe3bCI1moR_bR4VKtdgOQ,http://www.tigersclubhouse.com/,,+61 3 9974 6900,-37.8803901,144.706192,False,10 AM to 3:30 AM,10 AM to 3:30 AM,10 AM to 3:30 AM,10 AM to 3:30 AM,10 AM to 3:30 AM,10 AM to 3:30 AM,10 AM to 3 AM,False,True,True,False,False,1143.0,4.0
Hospitality,The Good Guys Hoppers Crossing,Appliance store,"153 Old Geelong Rd, Hoppers Crossing VIC 3029, Australia",Hoppers Crossing,https://www.google.com/maps/search/?api=1&query=The%20Good%20Guys%20Hoppers%20Crossing&query_place_id=ChIJteCPWbeI1moRSnsYckS-wiw,https://www.thegoodguys.com.au/stores/hoppers-crossing?utm_content=The+Good+Guys+Hoppers+Crossing&utm_campaign=Google+My+Business&utm_medium=organic&utm_source=google&utm_term=plcid_17300561448551247812,hoppers-crossing@thegoodguys.com.au,+61 3 9974 7272,-37.8781466,144.7078972,False,9 AM to 5:30 PM,9 AM to 5:30 PM,9 AM to 5:30 PM,9 AM to 9 PM,9 AM to 9 PM,9 AM to 5:30 PM,10 AM to 5 PM,False,True,True,False,False,1781.0,3.5
Hospitality,Urban Grill Kebabs,Restaurant,"3/57 Tom Roberts Parade, Point Cook VIC 3030, Australia",Point Cook,https://www.google.com/maps/search/?api=1&query=Urban%20Grill%20Kebabs&query_place_id=ChIJOTPnrJuI1moReSU2bm8G0W8,https://www.facebook.com/Urban-Grill-104684778639798/,,+61 3 9395 6649,-37.8934952,144.7279211,False,1 to 9:30 PM,1 to 9:30 PM,1 to 9:30 PM,1 to 9:30 PM,1 to 9:30 PM,1 to 9:30 PM,1 to 9 PM,False,True,True,False,True,247.0,3.9
Hospitality,52 Degree Hospitality,Event management company,"Level 1 41/61 Cecil St, Southbank VIC 3006, Australia",Southbank,https://www.google.com/maps/search/?api=1&query=52%20Degree%20Hospitality&query_place_id=ChIJ00LZWv9n1moR-yqKAbN5x34,http://52degreehospitality.com.au/,,+61 3 9823 5252,-37.829567,144.9565186,False,,,,,,,,False,False,False,False,False,,
Hospitality,Franco & Co (TAVOLATA) Preston,Restaurant,"647 Plenty Rd, Preston VIC 3072, Australia",Preston,https://www.google.com/maps/search/?api=1&query=Franco%20%26%20Co%20(TAVOLATA)%20Preston&query_place_id=ChIJ5fOvU01F1moR0VveV7Y_MyY,http://www.tavolata.com.au/,team@latofonts.com,+61 3 7032 6300,-37.730997,145.014342,False,Closed,5 to 9 PM,5 to 9 PM,5 to 9 PM,5 to 10 PM,5 to 10 PM,5 to 9 PM,False,False,False,False,False,351.0,4.5
Hospitality,Tonda Italian,Restaurant,"445 Plenty Rd, Preston VIC 3072, Australia",Preston,https://www.google.com/maps/search/?api=1&query=Tonda%20Italian&query_place_id=ChIJBeWAdlNE1moRDP7FtS74R2g,https://tondaitalian.com/,tondaitalian445@gmail.com,+61 3 9471 2128,-37.737789,145.011778,False,Closed,5 to 11 PM,5 to 11 PM,5 to 11 PM,5 to 11 PM,5 to 11 PM,12 to 11 PM,False,True,False,True,True,1035.0,4.6
Hospitality,Hotel Linen Services,Laundry,"10 Brex Ct, Reservoir VIC 3073, Australia",Reservoir,https://www.google.com/maps/search/?api=1&query=Hotel%20Linen%20Services&query_place_id=ChIJncxeVw1F1moR8bztjmIN4Ws,http://www.hotellinenservices.com.au/,tom@hotellinenservices.com.au,+61 3 9070 2200,-37.708899,144.9799248,False,6 AM to 4 PM,6 AM to 4 PM,6 AM to 4 PM,6 AM to 4 PM,6 AM to 4 PM,Closed,Closed,False,True,True,False,False,11.0,4.6
Hospitality,Cucina No 5,Event management company,"5 Charnfield Ct, Thomastown VIC 3074, Australia",Thomastown,https://www.google.com/maps/search/?api=1&query=Cucina%20No%205&query_place_id=ChIJpS_jL29P1moRF1By7qlaewg,http://cucina5.com.au/,ciao@cucina5.com.au,+61 90690559,-37.6902046,145.0213775,False,9 AM to 5 PM,9 AM to 5 PM,9 AM to 5 PM,9 AM to 5 PM,9 AM to 5 PM,Closed,Closed,False,True,True,False,False,52.0,4.8
Hospitality,Mervic College,Training center,"229 Broadway, Reservoir VIC 3073, Australia",Reservoir,https://www.google.com/maps/search/?api=1&query=Mervic%20College&query_place_id=ChIJe9LOGqJF1moRKf68xgNDoho,http://merviccollege.edu.au/,,+61 3 9939 6691,-37.7173505,145.0113392,False,9 AM to 5 PM,9 AM to 5 PM,9 AM to 5 PM,9 AM to 5 PM,9 AM to 5 PM,9 AM to 5 PM,9 AM to 5 PM,False,True,True,False,False,4.0,2.0
Hospitality,Thrive Hospitality,Consultant,"72-92 Derham St, Port Melbourne VIC 3207, Australia",Port Melbourne,https://www.google.com/maps/search/?api=1&query=Thrive%20Hospitality&query_place_id=ChIJNXazkPJn1moRlAxZJIbmh1o,http://www.thrivehospitality.com.au/contact.php,,+61 411 090 469,-37.8324455,144.9408576,False,,,,,,,,False,False,True,False,False,,
Hospitality,Home of Hospitality,Corporate office,"187 Lygon St, Carlton VIC 3053, Australia",Carlton,https://www.google.com/maps/search/?api=1&query=Home%20of%20Hospitality&query_place_id=ChIJbZ7v2NNC1moRMfV6ilsuFS4,http://homeofhospitality.com.au/,hello@homeofhospitality.com.au,+61 450 431 561,-37.8013088,144.9665657,False,,,,,,,,False,False,False,False,False,1.0,1.0
Hospitality,Summerhill Hotel,Pub,"840 Plenty Rd, Reservoir VIC 3073, Australia",Reservoir,https://www.google.com/maps/search/?api=1&query=Summerhill%20Hotel&query_place_id=ChIJgRBve79F1moRMqyzAFUv3Lc,http://www.summerhillhotel.com.au/,team@latofonts.com,+61 3 9471 3255,-37.7255555,145.0272134,False,10 AM to 4 AM,10 AM to 4 AM,10 AM to 4 AM,10 AM to 4 AM,10 AM to 4 AM,10 AM to 4 AM,10 AM to 4 AM,False,True,True,True,False,854.0,4.4
Hospitality,PUBLIC Hospitality,Corporate office,"Level 1/59 Wellington St, Collingwood VIC 3066, Australia",Collingwood,https://www.google.com/maps/search/?api=1&query=PUBLIC%20Hospitality&query_place_id=ChIJGcQSI8FD1moR6SdpVhF27_0,https://www.whoispublic.com/,,,-37.8072166,144.9856663,False,9 AM to 5 PM,9 AM to 5 PM,9 AM to 5 PM,9 AM to 5 PM,9 AM to 5 PM,Closed,Closed,False,True,False,False,False,,
Hospitality,Eatalian Made,Caterer,"15 Jennifer St, Fawkner VIC 3060, Australia",Fawkner,https://www.google.com/maps/search/?api=1&query=Eatalian%20Made&query_place_id=ChIJ62Uj6TVF1moRkpL3c0tE0Co,http://www.eatalianmade.com.au/,info@eatalianmade.com.au,+61 408 883 190,-37.6976334,144.9692848,False,10 AM to 5 PM,10 AM to 5 PM,10 AM to 5 PM,10 AM to 5 PM,10 AM to 5 PM,10 AM to 5 PM,10 AM to 5 PM,False,True,True,False,False,91.0,4.6
Hospitality,Crust Pizza Reservoir,Pizza restaurant,"Shop B/289-291 Broadway, Reservoir VIC 3073, Australia",Reservoir,https://www.google.com/maps/search/?api=1&query=Crust%20Pizza%20Reservoir&query_place_id=ChIJl55XuKFF1moRFZX7ODcmfpw,https://www.crust.com.au/stores/vic/reservoir/?utm_source=google&utm_medium=organic&utm_campaign=Google%20My%20Business&utm_content=Reservoir&utm_term=plcid_10293956599431322228,reservoir@crust.com.au,+61 3 9460 5353,-37.7170195,145.008903,False,11 AM to 11:45 PM,11 AM to 11:45 PM,11 AM to 11:45 PM,11 AM to 11:45 PM,11 AM to 1:45 am,11 AM to 1:45 am,11 AM to 11:45 PM,False,False,False,False,False,785.0,4.6
Hospitality,Melbourne Hospitality Linen Services,Laundry service,"15 Thompson St, Abbotsford VIC 3067, Australia",Abbotsford,https://www.google.com/maps/search/?api=1&query=Melbourne%20Hospitality%20Linen%20Services&query_place_id=ChIJsywDDaFD1moRjoxQGNFLfCQ,https://melbhospitality.com.au/,admin@melbhospitality.com.au,+61 433 813 652,-37.810011,145.0030961,False,7 AM to 5 PM,7 AM to 5 PM,7 AM to 5 PM,7 AM to 5 PM,7 AM to 5 PM,7 AM to 5 PM,7 AM to 5 PM,False,False,False,False,False,5.0,5.0
Hospitality,Degani Coburg Hill,Cafe,"Shopping Centre, 153 Elizabeth Street Coburg Hill, Coburg North VIC 3058, Australia",Coburg North,https://www.google.com/maps/search/?api=1&query=Degani%20Coburg%20Hill&query_place_id=ChIJG7Pxl-BE1moRngFbJZwj4n4,https://degani.com.au/locations/coburg-hill/,coburg@degani.com.au,+61 3 9967 9529,-37.7293261,144.9838103,False,7 AM to 5 PM,7 AM to 5 PM,7 AM to 5 PM,7 AM to 5 PM,7 AM to 5 PM,7 AM to 5 PM,7 AM to 5 PM,False,True,True,True,True,508.0,4.3
Hospitality,Australian Catering Company,Caterer,"220 Holt Parade, Thomastown VIC 3074, Australia",Thomastown,https://www.google.com/maps/search/?api=1&query=Australian%20Catering%20Company&query_place_id=ChIJWwk1vk1P1moRXeNZsPqisJ8,http://www.australiancateringcompany.com.au/,info@australiancateringcompany.com.au,+61 412 514 741,-37.6957772,145.0245196,False,,,,,,,,False,False,True,False,False,8.0,5.0
Hospitality,Benvenuti Cucina E Pizzeria Thomastown Victoria,Italian restaurant,"261 Settlement Rd, Thomastown VIC 3074, Australia",Thomastown,https://www.google.com/maps/search/?api=1&query=Benvenuti%20Cucina%20E%20Pizzeria%20Thomastown%20Victoria&query_place_id=ChIJEeZP9UJP1moRbdkvUD7zc_o,https://www.benvenuti.com.au/,,+61 3 9465 7888,-37.6922111,145.0288667,False,11:30 AM to 9 PM,11:30 AM to 9 PM,11:30 AM to 9 PM,11:30 AM to 9 PM,11:30 AM to 9 PM,11:30 AM to 9 PM,11:30 AM to 9 PM,False,True,True,True,True,704.0,4.0
Hospitality,Austrian Club Melbourne,Club,"90 Sheehan Rd, Heidelberg West VIC 3081, Australia",Heidelberg West,https://www.google.com/maps/search/?api=1&query=Austrian%20Club%20Melbourne&query_place_id=ChIJV7IO3d1F1moRMGSulmN4PzQ,https://www.austrianclubmelbourne.com.au/,admin@austrianclubmelbourne.com.au,+61 3 9459 8686,-37.7282842,145.0433578,False,Closed,Closed,Closed,Closed,Closed,6 to 8 PM,11:30 AM to 5 PM,False,True,True,False,False,127.0,4.6
Hospitality,Sealane Food Service,Wholesaler,"76 Sheehan Rd, Heidelberg West VIC 3081, Australia",Heidelberg West,https://www.google.com/maps/search/?api=1&query=Sealane%20Food%20Service&query_place_id=ChIJK8QXhbNc1moRi0XQR8io8hs,http://www.sealane.com.au/,,+61 3 9458 3488,-37.7288207,145.0432021,False,7 AM to 5 PM,7 AM to 5 PM,7 AM to 5 PM,7 AM to 5 PM,7 AM to 5 PM,Closed,Closed,False,True,True,False,False,18.0,4.4
Hospitality,North Atlantic Laundry,Laundry,"36 Lillimur Ave, Heidelberg West VIC 3081, Australia",Heidelberg West,https://www.google.com/maps/search/?api=1&query=North%20Atlantic%20Laundry&query_place_id=ChIJ2f4VNuRF1moRKQq7xsZpA-4,http://www.northatlanticlaundry.com/,,+61 468 898 393,-37.731375,145.046933,False,,,,,,,,False,True,True,False,False,7.0,5.0
Hospitality,Marisa's Kitchen,Food manufacturer,"48 Gawan Loop, Coburg North VIC 3058, Australia",Coburg North,https://www.google.com/maps/search/?api=1&query=Marisa's%20Kitchen&query_place_id=ChIJX5Rf6xJD1moR8xGWo2l2a3A,http://www.marisaskitchen.com.au/,shop@marisaskitchen.com.au,+61 3 9499 1442,-37.7256862,144.9719295,False,8 AM to 4 PM,8 AM to 4 PM,8 AM to 4 PM,8 AM to 4 PM,8 AM to 4 PM,Closed,Closed,False,False,True,False,False,39.0,4.3
Hospitality,Fettayleh Foods,Meat processor,"45 Gawan Loop, Coburg North VIC 3058, Australia",Coburg North,https://www.google.com/maps/search/?api=1&query=Fettayleh%20Foods&query_place_id=ChIJZ0p1G7JF1moRNvqREgOV1pI,https://fettayleh.com/,,+61 1300 042 525,-37.7262187,144.9704274,False,8 AM to 4 PM,8 AM to 4 PM,8 AM to 4 PM,8 AM to 4 PM,8 AM to 4 PM,Closed,Closed,False,False,False,False,False,17.0,4.2
Hospitality,The Newlands Quarter,Event venue,"113 Newlands Rd, Coburg North VIC 3058, Australia",Coburg North,https://www.google.com/maps/search/?api=1&query=The%20Newlands%20Quarter&query_place_id=ChIJvwjZpXtF1moR4Chv2jBP1PQ,http://www.thenewlandsquarter.com.au/,enquire@thenewlandsquarter.com.au,+61 3 9850 9707,-37.7253341,144.9739974,False,,,,,,,,False,False,False,False,False,,
Hospitality,ACES | Australian Commercial Equipment Solutions,Kitchen supply store,"35 Kiel Cl, Kilsyth VIC 3137, Australia",Kilsyth,https://www.google.com/maps/search/?api=1&query=ACES%20%7C%20Australian%20Commercial%20Equipment%20Solutions&query_place_id=ChIJ334CYhk71moRMG6j2JXSNsc,http://www.acesaus.com.au/,,+61 3 9761 1111,-37.8096618,145.3108614,False,9:30 AM to 5:30 PM,9:30 AM to 5:30 PM,9:30 AM to 5:30 PM,9:30 AM to 5:30 PM,9:30 AM to 5:30 PM,Closed,Closed,False,True,True,False,False,44.0,4.8
Hospitality,Chestnut Hill Conference Lodge,Conference center,"St James Ave, Kallista VIC 3791, Australia",Kallista,https://www.google.com/maps/search/?api=1&query=Chestnut%20Hill%20Conference%20Lodge&query_place_id=ChIJFxSXRGkk1moR3KzTZ3JDuVc,http://www.chestnut-hill.com.au/,info@chestnut-hill.com.au,+61 447 745 518,-37.879776,145.3730316,False,,,,,,,,False,True,True,True,False,26.0,4.7
Hospitality,Opack,Packaging supply store,"2/11 Thomas St, Ferntree Gully VIC 3156, Australia",Ferntree Gully,https://www.google.com/maps/search/?api=1&query=Opack&query_place_id=ChIJT9YiCkMu1moRVp2Cuz8CtAw,http://www.opack.com.au/,george@madebyeastwood.com,+61 3 9758 6441,-37.8857944,145.2822832,False,9 AM to 5 PM,9 AM to 5 PM,9 AM to 5 PM,9 AM to 5 PM,9 AM to 4 PM,Closed,Closed,False,True,True,False,False,138.0,4.9
Hospitality,Wantirna Hill Club,Bistro,"715 Boronia Rd, Wantirna VIC 3152, Australia",Wantirna,https://www.google.com/maps/search/?api=1&query=Wantirna%20Hill%20Club&query_place_id=ChIJCWzUlqo-1moR_tz8nwtimpU,http://www.wantirnahillclub.com.au/,,+61 3 9887 2855,-37.8467216,145.2251739,False,10 AM to 3 AM,10 AM to 3 AM,10 AM to 3 AM,10 AM to 3 AM,10 AM to 3 AM,10 AM to 3 AM,10 AM to 3 AM,False,True,True,True,True,1007.0,4.0
Hospitality,The Club Hotel,Pub,"848 Burwood Hwy, Ferntree Gully VIC 3156, Australia",Ferntree Gully,https://www.google.com/maps/search/?api=1&query=The%20Club%20Hotel&query_place_id=ChIJgVcZffM81moRN5B2Sxll-7k,https://www.ftgclub.com.au/,the.club.hotel@alhgroup.com.au,+61 3 9758 7446,-37.8828364,145.2767971,False,10 AM to 4 AM,10 AM to 4 AM,10 AM to 4 AM,10 AM to 4 AM,10 AM to 4 AM,10 AM to 4 AM,10 AM to 4 AM,False,True,True,True,False,1068.0,4.1
Hospitality,Frontier Hospitality,Non-profit organization,"Level 1/298 Blackburn Rd, Doncaster East VIC 3109, Australia",Doncaster East,https://www.google.com/maps/search/?api=1&query=Frontier%20Hospitality&query_place_id=ChIJFfd9FVw41moRWuwSfRPnEGY,http://frontierhospitality.net.au/,,+61 3 9842 9314,-37.781244,145.1638,False,,,,,,,,False,False,True,False,False,,
Hospitality,Billy Buttons B&B,Hotel,"20 Elm Cres, Emerald VIC 3782, Australia",Emerald,https://www.google.com/maps/search/?api=1&query=Billy%20Buttons%20B%26B&query_place_id=ChIJJ8920ygn1moRmnWLNam_xh0,,,,-37.9139053,145.4525359,False,,,,,,,,False,False,False,False,False,21.0,4.2
Hospitality,"Catalina Kitchen Cafe, Bar & Restaurant",Modern Australian restaurant,"Shop1/5 Harcrest Blvd, Wantirna South VIC 3152, Australia",Wantirna South,https://www.google.com/maps/search/?api=1&query=Catalina%20Kitchen%20Cafe%2C%20Bar%20%26%20Restaurant&query_place_id=ChIJgRGdKPY91moRhZjJBskrnGM,https://catalinakitchen.com.au/,CATALINAKITCHEN24@GMAIL.COM,+61 3 8820 0210,-37.8821357,145.2337408,False,Closed,"9:30 AM to 3 PM, 5 to 9 PM","9:30 AM to 3 PM, 5 to 9 PM","9:30 AM to 3 PM, 5 to 9 PM","9:30 AM to 3 PM, 5 to 9 PM",9:30 AM to 9 PM,9:30 AM to 8 PM,False,True,True,True,True,466.0,4.2
Hospitality,Wheelers Hill Hotel,Pub,"871-881 Ferntree Gully Rd, Wheelers Hill VIC 3150, Australia",Wheelers Hill,https://www.google.com/maps/search/?api=1&query=Wheelers%20Hill%20Hotel&query_place_id=ChIJBamtxik-1moRh1xtsqzWfIQ,https://www.wheelershillhotel.com.au/,wheelers.hill@alhgroup.com.au,+61 3 9560 8922,-37.9065032,145.1901092,False,10 AM to 4 AM,10 AM to 4 AM,10 AM to 4 AM,10 AM to 4 AM,10 AM to 4 AM,10 AM to 4 AM,10 AM to 4 AM,False,True,True,True,True,2380.0,4.0
Hospitality,NeoPOS,Software company,"13 Smithdene Ave, Ringwood East VIC 3135, Australia",Ringwood East,https://www.google.com/maps/search/?api=1&query=NeoPOS&query_place_id=ChIJ87EcVVhD1moRyFXRomAifV4,http://www.neopos.com.au/,,+61 3 9386 6401,-37.8121772,145.2564372,False,10 AM to 8 PM,10 AM to 8 PM,10 AM to 8 PM,10 AM to 8 PM,10 AM to 8 PM,12 to 4 PM,12 to 4 PM,False,False,True,False,False,7.0,5.0
Hospitality,Handy Chef Uniforms,Uniform store,"310 Flaxen Hills Rd, Doreen VIC 3754, Australia",Doreen,https://www.google.com/maps/search/?api=1&query=Handy%20Chef%20Uniforms&query_place_id=ChIJ4dkFjO1K1moROZNv5GXHXHY,http://www.handychef.com.au/,info@handychef.com.au,+61 3 9717 0359,-37.5992594,145.133816,False,9:30 AM to 5 PM,9:30 AM to 5 PM,9:30 AM to 5 PM,9:30 AM to 5 PM,9:30 AM to 5 PM,10 AM to 4:30 PM,10 AM to 4:30 PM,False,False,False,False,False,122.0,5.0
Hospitality,Edge Hospitality Catering Yarra Valley,Caterer,"82 Wills Rd, Dixons Creek VIC 3775, Australia",Dixons Creek,https://www.google.com/maps/search/?api=1&query=Edge%20Hospitality%20Catering%20Yarra%20Valley&query_place_id=ChIJF2_8hQs31moRtDK-PZ09eQs,http://www.edgehospitality.com.au/,events@edgehospitality.com.au,+61 414 866 448,-37.6122484,145.4046398,False,Closed,9 AM to 5 PM,9 AM to 5 PM,9 AM to 5 PM,9 AM to 5 PM,9 AM to 5 PM,Closed,False,True,True,False,False,48.0,4.6
Hospitality,Mister Hospitality,Business management consultant,"885 Doncaster Rd, Doncaster East VIC 3109, Australia",Doncaster East,https://www.google.com/maps/search/?api=1&query=Mister%20Hospitality&query_place_id=ChIJudTchn5p1moRdq_tVwUopgU,https://www.misterhospitality.com.au/?utm_source=google&utm_medium=wix_google_business_profile&utm_campaign=12306511042573847946,,+61 414 947 958,-37.7871755,145.1477693,False,9 AM to 7 PM,9 AM to 7 PM,9 AM to 7 PM,9 AM to 7 PM,9 AM to 7 PM,Closed,Closed,False,False,False,False,False,,
Hospitality,MTD Hospitality Consulting,Consultant,"10 Mavron St, Ashwood VIC 3147, Australia",Ashwood,https://www.google.com/maps/search/?api=1&query=MTD%20Hospitality%20Consulting&query_place_id=ChIJRdV5bBlC1moRnTAINpn4V3M,http://www.mtdkitchens.com/,Mobile-Logo@2x.png,+61 3 9807 0400,-37.8682895,145.1047938,False,9 AM to 5 PM,9 AM to 5 PM,9 AM to 5 PM,9 AM to 5 PM,9 AM to 5 PM,Closed,Closed,False,False,True,False,False,,
Hospitality,Little River Hotel Motel,Pub,"10/14 Flinders St, Little River VIC 3211, Australia",Little River,https://www.google.com/maps/search/?api=1&query=Little%20River%20Hotel%20Motel&query_place_id=ChIJWwJ8giGe1moR6by73LagZ6I,https://m.facebook.com/thelittleriverhotelvictoria/,,+61 3 5283 1113,-37.9651489,144.4972991,False,Closed,12 to 9 PM,12 to 9 PM,12 to 10 PM,12 PM to 12 AM,12 PM to 12 AM,12 to 9 PM,False,True,True,True,False,779.0,4.3
Hospitality,Hospitality Furniture concepts,Furniture store,"45/47 Whitehill Ave, Sunshine North VIC 3020, Australia",Sunshine North,https://www.google.com/maps/search/?api=1&query=Hospitality%20Furniture%20concepts&query_place_id=ChIJ_8QtFFde1moRtFyZZ3KNkko,https://www.hospitalityfurniture.net.au/,hello@form-line.com.au,+61 3 9428 2244,-37.7549981,144.8382246,False,10 AM to 5 PM,10 AM to 5 PM,10 AM to 5 PM,10 AM to 5 PM,10 AM to 5 PM,Closed,Closed,False,True,True,False,False,,
Hospitality,"Clean and Fresh | Wholesale Supplies Cleaning, Packaging & Hospitality",Cleaning products supplier,"Unit 2/122 Fairbairn Rd, Sunshine West VIC 3020, Australia",Sunshine West,https://www.google.com/maps/search/?api=1&query=Clean%20and%20Fresh%20%7C%20Wholesale%20Supplies%20Cleaning%2C%20Packaging%20%26%20Hospitality&query_place_id=ChIJ1eLR5NVh1moR_9Dgn1zCuzs,https://www.cleanandfresh.net.au/?utm_source=gmb&utm_medium=organic&utm_campaign=gmb,info@cleanandfresh.net.au,+61 3 9311 4880,-37.806807,144.819056,False,8 AM to 4 PM,8 AM to 4 PM,8 AM to 4 PM,8 AM to 4 PM,8 AM to 4 PM,Closed,Closed,False,True,True,False,False,13.0,5.0
Hospitality,Adage Furniture - Melbourne,Furniture wholesaler,"18 Endeavour Way, Sunshine West VIC 3020, Australia",Sunshine West,https://www.google.com/maps/search/?api=1&query=Adage%20Furniture%20-%20Melbourne&query_place_id=ChIJfztfBFpg1moRW-volw8-ihM,https://www.adagefurniture.com.au/?utm_source=google&utm_medium=organic&utm_campaign=gmb-melbourne,melbourne@adagefurniture.com.au,+61 3 9067 5888,-37.8156999,144.8211216,False,7 AM to 4 PM,7 AM to 4 PM,7 AM to 4 PM,7 AM to 4 PM,7 AM to 4 PM,Closed,Closed,False,True,True,False,False,106.0,4.9
Hospitality,One Stop WorkWear,Work clothes store,"306A Ballarat Rd, Braybrook VIC 3019, Australia",Braybrook,https://www.google.com/maps/search/?api=1&query=One%20Stop%20WorkWear&query_place_id=ChIJHyjc3RVe1moRRuvTj2m3_iE,https://www.onestopworkwear.com.au/,info@onestopworkwear.com.au,+61 3 9352 6617,-37.7794445,144.8526228,False,9 AM to 5:30 PM,9 AM to 5:30 PM,9 AM to 5:30 PM,9 AM to 5:30 PM,9 AM to 5:30 PM,10 AM to 5 PM,Closed,False,False,True,False,False,52.0,4.6
Hospitality,Mishra's Kitchen South Kingsville,Indian restaurant,"23 Vernon St, South Kingsville VIC 3015, Australia",South Kingsville,https://www.google.com/maps/search/?api=1&query=Mishra's%20Kitchen%20South%20Kingsville&query_place_id=ChIJ9_T3Ab1h1moRXv8Ki2ailD4,https://mishraskitchen.com/,sales@mishraskitchen.com,+61 3 7049 0057,-37.8294924,144.8721329,False,5 to 10 PM,Closed,5 to 10 PM,5 to 10 PM,5 to 10 PM,5 to 10 PM,5 to 10 PM,False,True,False,True,True,101.0,4.8
Hospitality,Shoppingtown Hotel,Pub,"19 Williamsons Rd, Doncaster VIC 3108, Australia",Doncaster,https://www.google.com/maps/search/?api=1&query=Shoppingtown%20Hotel&query_place_id=ChIJOVGEtW9H1moRuCGSpFvMigI,https://www.shoppingtownhotel.com.au/,shoppingtownhotel@alhgrou.com.au,+61 3 9848 6811,-37.7848358,145.1233229,False,10 AM to 4 AM,10 AM to 4 AM,10 AM to 4 AM,10 AM to 4 AM,10 AM to 4 AM,10 AM to 4 AM,10 AM to 4 AM,False,True,True,True,True,2495.0,4.1
Hospitality,Seo For Restaurants and Hospitality Businesses,Marketing agency,"12 Yeneda St, Balwyn North VIC 3104, Australia",Balwyn North,https://www.google.com/maps/search/?api=1&query=Seo%20For%20Restaurants%20and%20Hospitality%20Businesses&query_place_id=ChIJQ5bK2PFH1moRq0LY9POyPmI,https://seoforestaurants.com/?utm_source=GMB-Balwyn_North&utm_medium=organic,andrea@seoforestaurants.com,+61 424 987 759,-37.8015452,145.1002641,False,Open 24 hours,Open 24 hours,Open 24 hours,Open 24 hours,Open 24 hours,Open 24 hours,Open 24 hours,False,False,True,False,False,4.0,5.0
Hospitality,Adairs The Glen,Home goods store,"The Glen Shopping Centre G, 125/235 Springvale Rd, Glen Waverley VIC 3150, Australia",Glen Waverley,https://www.google.com/maps/search/?api=1&query=Adairs%20The%20Glen&query_place_id=ChIJ3-LnWrk_1moRL2V1WwJL3eg,https://www.adairs.com.au/stores/the-glen/?utm_source=GMB&utm_medium=organic&utm_campaign=adairs-the-glen,privacyofficer@adairs.com.au,+61 3 8820 6172,-37.875928,145.165129,False,9 AM to 5:30 PM,9 AM to 5:30 PM,9 AM to 5:30 PM,9 AM to 9 PM,9 AM to 9 PM,9 AM to 5 PM,10 AM to 5 PM,False,True,True,False,False,19.0,3.5
Hospitality,Kitchen55,Restaurant,"28 Newmans Rd, Templestowe VIC 3106, Australia",Templestowe,https://www.google.com/maps/search/?api=1&query=Kitchen55&query_place_id=ChIJdxLrZsgWXY8Rx2EnTpQ0D1A,http://kitchen55melbourne.com/,info@kitchen55melbourne.com,+61 3 9846 1461,-37.7528603,145.1522625,False,Closed,Closed,12 to 9 PM,12 to 9 PM,12 to 10 PM,12 to 10 PM,Closed,False,False,True,False,False,446.0,4.9
Hospitality,Schnitz Chirnside Park,Restaurant,"2A/239-241 Maroondah Hwy, Chirnside Park VIC 3116, Australia",Chirnside Park,https://www.google.com/maps/search/?api=1&query=Schnitz%20Chirnside%20Park&query_place_id=ChIJw0ZJTIIx1moRp0CPT4bOkVc,https://schnitz.com.au/stores/chirnside-park/?utm_term=plcid_14019386660521570861,,+61 3 9726 6541,-37.7599399,145.3110569,False,11 AM to 8:30 PM,11 AM to 8:30 PM,11 AM to 8:30 PM,11 AM to 9 PM,11 AM to 9 PM,11 AM to 9 PM,11 AM to 8:30 PM,False,True,True,True,True,239.0,3.8
Hospitality,EPICUREX - Restaurant | Cafe | Bar | Reception | Catering,Restaurant,"Unit 9/11 Miles St, Mulgrave VIC 3170, Australia",Mulgrave,https://www.google.com/maps/search/?api=1&query=EPICUREX%20-%20Restaurant%20%7C%20Cafe%20%7C%20Bar%20%7C%20Reception%20%7C%20Catering&query_place_id=ChIJKSXLURIV1moRH5yWPle_HTY,https://www.epicurex.com.au/,nalin@epicurex.com.au,+61 449 999 982,-37.9229544,145.1515572,False,7 AM to 2:30 PM,7 AM to 2:30 PM,7 AM to 2:30 PM,7 AM to 2:30 PM,"7 AM to 2:30 PM, 7 to 11 PM",Closed,Closed,False,True,True,True,True,87.0,4.7
Hospitality,Bedshed Nunawading,Mattress store,"304 Whitehorse Rd, Nunawading VIC 3131, Australia",Nunawading,https://www.google.com/maps/search/?api=1&query=Bedshed%20Nunawading&query_place_id=ChIJp20Th9A41moRBoY_Cvd1xD4,https://www.bedshed.com.au/find-a-store/bedshed-nunawading/,sales.nunawading@bedshed.com.au,+61 3 9894 3000,-37.8187241,145.1730907,False,9 AM to 5:30 PM,9 AM to 5:30 PM,9 AM to 5:30 PM,9 AM to 5:30 PM,9 AM to 5:30 PM,9 AM to 5 PM,10 AM to 5 PM,False,True,True,False,False,287.0,4.8
Hospitality,The Groove Train Eastland(Ringwood),Restaurant,"Shop R024/171/175 Maroondah Hwy, Ringwood VIC 3134, Australia",Ringwood,https://www.google.com/maps/search/?api=1&query=The%20Groove%20Train%20Eastland(Ringwood)&query_place_id=ChIJxd4P2lA71moROR0eBUygi2o,http://groovetrain.com.au/location/eastland/,,+61 3 4059 9004,-37.8122707,145.230497,False,11 AM to 8:30 PM,11 AM to 8:30 PM,11 AM to 8:30 PM,11 AM to 8:30 PM,11 AM to 9 PM,8:30 AM to 9 PM,8:30 AM to 8:30 PM,False,True,True,True,True,556.0,4.0
Hospitality,Silver Star Motors - Burwood Service Centre,Car repair and maintenance service,"25 Evans St, Burwood VIC 3125, Australia",Burwood,https://www.google.com/maps/search/?api=1&query=Silver%20Star%20Motors%20-%20Burwood%20Service%20Centre&query_place_id=ChIJE33eE09A1moRt82d2LcfD88,http://www.mbsilverstar.com.au/,marketing@silverstarmotors.com.au,+61 3 8831 5100,-37.853697,145.1026924,False,7:30 AM to 5:30 PM,7:30 AM to 5:30 PM,7:30 AM to 5:30 PM,7:30 AM to 5:30 PM,7:30 AM to 5:30 PM,Closed,Closed,False,True,True,False,False,301.0,4.7
Hospitality,Reefton Hotel,Hotel,"1600 Woods Point Rd, Mcmahons Creek VIC 3799, Australia",Mcmahons Creek,https://www.google.com/maps/search/?api=1&query=Reefton%20Hotel&query_place_id=ChIJ5TEVCc83KGsRPk8Z7Q4LSak,,,+61 3 5966 8555,-37.701098,145.8323894,False,,,,,,,,False,False,False,False,False,446.0,4.6
Hospitality,5 Star Hospitality Training,Training center,"3/5 Church St, Healesville VIC 3777, Australia",Healesville,https://www.google.com/maps/search/?api=1&query=5%20Star%20Hospitality%20Training&query_place_id=ChIJ__8P9D0qKGsRfvp--WpBk4U,http://5starhospitalitytraining.com.au/,,+61 1300 496 337,-37.6546107,145.5139464,False,,,,,,,,False,False,True,False,False,2.0,1.5
Hospitality,Warby Manor,Guest house,"15 Herbert Ave, East Warburton VIC 3799, Australia",East Warburton,https://www.google.com/maps/search/?api=1&query=Warby%20Manor&query_place_id=ChIJUTVnl5MzKGsRW7y-6XGEatc,,,,-37.7387627,145.7423034,False,,,,,,,,False,False,False,False,False,6.0,4.3
Hospitality,"West End on Maroondah, a stones throw from the Four Pillars hospitality precinct",Lodging,"Healesville VIC 3777, Australia",,https://www.google.com/maps/search/?api=1&query=West%20End%20on%20Maroondah%2C%20a%20stones%20throw%20from%20the%20Four%20Pillars%20hospitality%20precinct&query_place_id=ChIJh-0yLGsqKGsRUbscuYqz6wY,,,,-37.6592903,145.5103607,False,,,,,,,,False,False,False,False,False,,
Hospitality,Hotelstaff,Recruiter,"Level 12/412 St Kilda Rd, Melbourne VIC 3004, Australia",Melbourne,https://www.google.com/maps/search/?api=1&query=Hotelstaff&query_place_id=ChIJEZd5XrZC1moRC27QFSZPX_I,http://www.hotelstaff.com.au/,casuals@hotelstaff.com.au,+61 3 9650 1311,-37.8350387,144.9743061,False,8 AM to 6 PM,8 AM to 6 PM,8 AM to 6 PM,8 AM to 6 PM,8 AM to 6 PM,8 AM to 5 PM,Closed,False,True,True,False,False,38.0,3.8
Hospitality,ahs services group,Corporate office,"Level 16/570 Bourke St, Melbourne VIC 3000, Australia",Melbourne,https://www.google.com/maps/search/?api=1&query=ahs%20services%20group&query_place_id=ChIJQyE5AcpC1moRtriEdgWiFyE,https://www.ahsservicesgroup.com.au/,,+61 1800 026 036,-37.8154192,144.9567195,False,9 AM to 5 PM,9 AM to 5 PM,9 AM to 5 PM,9 AM to 5 PM,9 AM to 5 PM,Closed,Closed,False,True,True,True,False,27.0,3.5
Hospitality,Global Hospitality Group,Consultant,"60 Olympic Blvd, Melbourne VIC 3004, Australia",Melbourne,https://www.google.com/maps/search/?api=1&query=Global%20Hospitality%20Group&query_place_id=ChIJ_____1hB1moR8iZFnmD3NIk,https://globalhospitalitygroup.com.au/,support@yourname.com,+61 413 150 599,-37.8246195,144.9853221,False,,,,,,,,False,False,False,False,False,,
Hospitality,Tasman Terrace,Serviced accommodation,"7 Tasman Rd, Somers VIC 3927, Australia",Somers,https://www.google.com/maps/search/?api=1&query=Tasman%20Terrace&query_place_id=ChIJjaKcJK_p1WoR-hC7QO99UJU,http://www.tasmanterrace.com/directions/,,+61 3 5931 3398,-38.3947978,145.1752083,False,,,,,,,,False,False,False,False,False,9.0,4.4
Hospitality,Cedar Hospitality Mornington,Kitchen supply store,"71 Barkly St, Mornington VIC 3931, Australia",Mornington,https://www.google.com/maps/search/?api=1&query=Cedar%20Hospitality%20Mornington&query_place_id=ChIJFZS2Tqfe1WoRfK7PZhOmakg,https://chsupplies.com.au/,cedarsales@cedarhospitality.com,+61 3 5977 2020,-38.2205393,145.0414857,False,9 AM to 5 PM,9 AM to 5 PM,9 AM to 5 PM,9 AM to 5 PM,9 AM to 5 PM,9 AM to 4 PM,Closed,False,True,True,False,False,95.0,4.4
Hospitality,Hospitality Services group,Consultant,"004/380 St Kilda Rd, Melbourne VIC 3004, Australia",Melbourne,https://www.google.com/maps/search/?api=1&query=Hospitality%20Services%20group&query_place_id=ChIJ5YuRrR1o1moROQfaRY_WhQs,http://hospitalityservicesgroup.com.au/,,+61 3 9681 6688,-37.8376534,144.9755547,False,,,,,,,,False,False,False,False,False,,
Hospitality,Australian Hospitality Management,Company,"2/24 Collins St, Melbourne VIC 3000, Australia",Melbourne,https://www.google.com/maps/search/?api=1&query=Australian%20Hospitality%20Management&query_place_id=ChIJVZThLMZC1moR92MBJHKhDSU,http://australianhospitalitymanagement.com.au/,,+61 3 9662 2911,-37.8134292,144.9727213,False,12 PM to 1 AM,12 PM to 1 AM,12 PM to 1 AM,12 PM to 1 AM,12 PM to 3 AM,12 PM to 3 AM,12 PM to 1 AM,False,False,False,False,False,,
Hospitality,Global Commercial Kitchen Equipment,Kitchen supply store,"Tower Level 3/480 Collins St, Melbourne VIC 3000, Australia",Melbourne,https://www.google.com/maps/search/?api=1&query=Global%20Commercial%20Kitchen%20Equipment&query_place_id=ChIJRXAFRstd1moRhn46kAk4Q9c,https://www.globalcommercialkitchenequipment.com/,,+61 1300 323 223,-37.8176905,144.9579979,False,8:30 AM to 6 PM,8:30 AM to 6 PM,8:30 AM to 6 PM,8:30 AM to 6 PM,8:30 AM to 6 PM,Closed,Closed,False,True,False,False,False,2.0,3.0
Hospitality,RSAMelbourne,Training center,"3/28 Elizabeth St, Melbourne VIC 3000, Australia",Melbourne,https://www.google.com/maps/search/?api=1&query=RSAMelbourne&query_place_id=ChIJDbNPcLRC1moRE00_uaAuGmA,https://www.rsamelbourne.com.au/,info@rsamelbourne.com.au,+61 1300 772 635,-37.8177031,144.9649387,False,9 AM to 4:30 PM,9 AM to 4:30 PM,9 AM to 4:30 PM,9 AM to 4:30 PM,9 AM to 4:30 PM,9 AM to 4:30 PM,9 AM to 4:30 PM,False,False,False,True,True,19.0,4.5
Hospitality,Eureka Hospitality Catering,Food and beverage consultant,"51 Bakehouse Rd, Kensington VIC 3031, Australia",Kensington,https://www.google.com/maps/search/?api=1&query=Eureka%20Hospitality%20Catering&query_place_id=ChIJD2LBlBJd1moR3jPQ4yPBX-0,https://www.eurekahospitality.com.au/,,+61 3 9376 2906,-37.7996345,144.9297289,False,9 AM to 5 PM,9 AM to 5 PM,9 AM to 5 PM,9 AM to 5 PM,9 AM to 5 PM,Closed,Closed,False,True,False,False,False,3.0,3.7
Hospitality,M-Hospitality Kitchen,Manufacturer,"12 Artists Ln, Windsor VIC 3181, Australia",Windsor,https://www.google.com/maps/search/?api=1&query=M-Hospitality%20Kitchen&query_place_id=ChIJ_7FyK9Zp1moRQgKmm-EtdEg,,,,-37.8542268,144.9923243,False,8 AM to 4 PM,8 AM to 4 PM,8 AM to 4 PM,8 AM to 4 PM,8 AM to 4 PM,Closed,Closed,False,False,False,False,False,,
Hospitality,Nisbets Express Catering Equipment (Melbourne),Kitchen supply store,"258 Normanby Rd, South Melbourne VIC 3205, Australia",South Melbourne,https://www.google.com/maps/search/?api=1&query=Nisbets%20Express%20Catering%20Equipment%20(Melbourne)&query_place_id=ChIJpQmX4fZn1moR_YKCW7H3CnQ,https://www.nisbets.com.au/melbournestore?utm_source=google%20places&utm_medium=maps&utm_campaign=google%20places,,+61 1300 138 316,-37.8291446,144.9472888,False,9 AM to 5 PM,9 AM to 5 PM,9 AM to 5 PM,9 AM to 5 PM,9 AM to 5 PM,Closed,Closed,False,True,True,False,False,181.0,3.5
Hospitality,William Angliss Institute,Vocational school,"555 La Trobe St, Melbourne VIC 3000, Australia",Melbourne,https://www.google.com/maps/search/?api=1&query=William%20Angliss%20Institute&query_place_id=ChIJzWntTE4u1moRly44C3LimuE,https://www.angliss.edu.au/,international@angliss.edu.au,+61 3 9606 2111,-37.8128967,144.9536305,False,8:30 AM to 5 PM,8:30 AM to 5 PM,8:30 AM to 5 PM,8:30 AM to 5 PM,8:30 AM to 5 PM,Closed,Closed,False,True,True,False,False,160.0,3.7
Hospitality,Milieu Hospitality,Corporate office,"8 Otter St, Collingwood VIC 3066, Australia",Collingwood,https://www.google.com/maps/search/?api=1&query=Milieu%20Hospitality&query_place_id=ChIJ7R9oAz1D1moR-7imtE-0vL8,https://milieuhospitality.com.au/,info@milieuhospitality.com.au,+61 3 9699 5000,-37.8005793,144.9844493,False,8:30 AM to 5:30 PM,8:30 AM to 5:30 PM,8:30 AM to 5:30 PM,8:30 AM to 5:30 PM,8:30 AM to 5:30 PM,Closed,Closed,False,False,False,False,False,,
Hospitality,Gatehouse Hospitality,Property management company,"Level 3/124 Exhibition St, Melbourne VIC 3000, Australia",Melbourne,https://www.google.com/maps/search/?api=1&query=Gatehouse%20Hospitality&query_place_id=ChIJK-TjowJo1moRvVsYi93yBpo,https://gatehousehospitality.com/,,+61 3 7008 5028,-37.812723,144.971173,False,,,,,,,,False,False,False,False,False,,
Hospitality,Icon Hospitality Group,Hospitality and tourism school,"Shop 1/195 Little Collins St, Melbourne VIC 3000, Australia",Melbourne,https://www.google.com/maps/search/?api=1&query=Icon%20Hospitality%20Group&query_place_id=ChIJ2Y4IGLZC1moRwwoYXXOiZF0,http://iconhospitalitygroup.com.au/,,,-37.8148138,144.968055,False,,,,,,,,False,False,False,False,False,,
Hospitality,Pinnacle People Melbourne,Recruiter,"390 Flinders St, Melbourne VIC 3000, Australia",Melbourne,https://www.google.com/maps/search/?api=1&query=Pinnacle%20People%20Melbourne&query_place_id=ChIJqy4H1bJC1moRTU6s1fNuri8,http://www.pinnaclepeople.com.au/,,+61 3 8624 1777,-37.81908,144.961293,False,Open 24 hours,Open 24 hours,Open 24 hours,Open 24 hours,Open 24 hours,Open 24 hours,Open 24 hours,False,False,False,False,False,62.0,3.4
Hospitality,Glorious Recruitment & Hospitality,Catering food and drink supplier,"7/9 Gardiner St, North Melbourne VIC 3051, Australia",North Melbourne,https://www.google.com/maps/search/?api=1&query=Glorious%20Recruitment%20%26%20Hospitality&query_place_id=ChIJo1rruOJd1moRhHwEPmNakFA,,,+61 477 068 777,-37.804639,144.9533217,False,6 AM to 10 PM,6 AM to 10 PM,6 AM to 10 PM,6 AM to 10 PM,6 AM to 10 PM,Closed,Closed,False,False,False,False,False,1.0,5.0
Hospitality,Evolve3 Pty Ltd,Hospitality and tourism school,"Veriu Hotel Conference Rooms, Level 5/101 Therry St, Melbourne VIC 3000, Australia",Melbourne,https://www.google.com/maps/search/?api=1&query=Evolve3%20Pty%20Ltd&query_place_id=ChIJ30dy4Io8r2gRxhPXdtwD6uc,http://www.evolve3.com.au/,info@evolve.com.au,+61 423 387 899,-37.8074975,144.9591619,False,8:30 AM to 5 PM,8:30 AM to 5 PM,8:30 AM to 5 PM,8:30 AM to 5 PM,8:30 AM to 5 PM,Closed,Closed,False,False,False,False,False,52.0,5.0
Hospitality,First Class Hospitality,Consultant,"Office 1286/470 St Kilda Rd, Melbourne VIC 3004, Australia",Melbourne,https://www.google.com/maps/search/?api=1&query=First%20Class%20Hospitality&query_place_id=ChIJB6i0gcBp1moRJZjhgCBedP0,https://www.firstclasshospitality.com.au/,contact@firstclasshospitality.com.au,+61 421 082 097,-37.8412344,144.9766998,False,,,,,,,,False,False,False,False,False,,
Hospitality,JRM Hospitality & Recruitment Melbourne,Employment agency,"L22/120 Spencer St, Melbourne VIC 3000, Australia",Melbourne,https://www.google.com/maps/search/?api=1&query=JRM%20Hospitality%20%26%20Recruitment%20Melbourne&query_place_id=ChIJk7Zb1mxd1moRS2DIcmce5S0,https://jrmhospitality.com.au/,,+61 3 7037 1923,-37.8181854,144.9543261,False,8:30 AM to 5 PM,8:30 AM to 5 PM,8:30 AM to 5 PM,8:30 AM to 5 PM,8:30 AM to 5 PM,Closed,Closed,False,False,False,False,False,4.0,5.0
Hospitality,"Stedmans Hospitality Services Melbourne - Events, Corporate, Concierge & Recruitment",Employment agency,"54 Wellington St, Collingwood VIC 3066, Australia",Collingwood,https://www.google.com/maps/search/?api=1&query=Stedmans%20Hospitality%20Services%20Melbourne%20-%20Events%2C%20Corporate%2C%20Concierge%20%26%20Recruitment&query_place_id=ChIJQRSnOJVD1moRg-ArHa74Q2o,https://stedmans.com.au/,bookings@stedmans.com.au,+61 1300 292 812,-37.8071154,144.9862568,False,9 AM to 5 PM,9 AM to 5 PM,9 AM to 5 PM,9 AM to 5 PM,9 AM to 5 PM,Closed,Closed,False,False,False,False,False,3.0,5.0
Hospitality,Launching Place Home Hotel,Pub,"2170 Warburton Hwy, Launching Place VIC 3139, Australia",Launching Place,https://www.google.com/maps/search/?api=1&query=Launching%20Place%20Home%20Hotel&query_place_id=ChIJkWO_o6jTKWsRiDRF6hrbcIU,https://www.launchingplacehomehotel.com.au/,,+61 3 5967 3303,-37.7757124,145.5848263,False,12 to 9 PM,12 to 9 PM,12 to 9 PM,12 to 9 PM,12 to 9 PM,12 to 9 PM,12 to 9 PM,False,True,True,True,False,891.0,4.3
Hospitality,Oscar's on the Yarra,Hotel,"3185 Warburton Hwy, Warburton VIC 3799, Australia",Warburton,https://www.google.com/maps/search/?api=1&query=Oscar's%20on%20the%20Yarra&query_place_id=ChIJycbbVLAzKGsR4xy2xbXzIZM,https://www.oscarsontheyarra.com.au/,info@oscarsontheyarra.com.au,+61 3 5966 9166,-37.7508157,145.6680802,False,,,,,,,,False,False,False,False,False,706.0,4.8
Hospitality,Yarra Valley Wine Co. Store & Bar,Wine bar,"3371 Warburton Hwy, Warburton VIC 3799, Australia",Warburton,https://www.google.com/maps/search/?api=1&query=Yarra%20Valley%20Wine%20Co.%20Store%20%26%20Bar&query_place_id=ChIJ04zQl44zKGsRLGui43i_GSE,https://www.yarravalleywineco.com.au/,info@yarravalleywineco.com.au,,-37.754096,145.68715,False,Closed,4 to 8 PM,12 to 8 PM,12 to 8 PM,12 to 9 PM,12 to 9 PM,12 to 6 PM,False,True,False,True,True,81.0,5.0
Hospitality,Forget Me Not Cottages,Hotel,"18 Brett Rd, Warburton VIC 3799, Australia",Warburton,https://www.google.com/maps/search/?api=1&query=Forget%20Me%20Not%20Cottages&query_place_id=ChIJdRDedJMyKGsRDKlm6DROQkA,http://www.forgetmenotcottages.com.au/index.site.rooms.240.html,,+61 3 5966 5805,-37.748621,145.6895203,False,,,,,,,,False,False,False,False,False,144.0,3.9
Hospitality,Estia Health Yarra Valley,Aged care,"21 Hoddle St, Yarra Junction VIC 3797, Australia",Yarra Junction,https://www.google.com/maps/search/?api=1&query=Estia%20Health%20Yarra%20Valley&query_place_id=ChIJAdqT0AfTKWsR9aLLywC_kVk,https://www.estiahealth.com.au/our-homes/vic-melbourne/yarra-valley?utm_source=google&utm_medium=organic&utm_campaign=gmb,,+61 3 5967 5500,-37.7855372,145.6130273,False,9 AM to 4 PM,9 AM to 4 PM,9 AM to 4 PM,9 AM to 4 PM,9 AM to 4 PM,Closed,Closed,False,True,True,False,False,13.0,4.2
Hospitality,"Alpine Hotel, Warburton",Restaurant,"3340 Warburton Hwy, Warburton VIC 3799, Australia",Warburton,https://www.google.com/maps/search/?api=1&query=Alpine%20Hotel%2C%20Warburton&query_place_id=ChIJPd3LmL0yKGsR1dShuDbF0Ko,https://alpinehotelwarburton.com.au/,bookings@alpineretreat.com.au,+61 3 5966 2411,-37.7551078,145.68367,False,,,,,,,,False,True,True,True,True,1652.0,4.4
Hospitality,Providence Barn,Bed & breakfast,"180 Worlley Rd, Hoddles Creek VIC 3139, Australia",Hoddles Creek,https://www.google.com/maps/search/?api=1&query=Providence%20Barn&query_place_id=ChIJoxLEU6TWKWsRnKfrvTB2ayM,,,+61 3 5967 2688,-37.8156951,145.5660239,False,,,,,,,,False,False,False,False,False,8.0,5.0
Hospitality,"The Warburton Hotel, Wesburn - Bar & Bistro (The West)",Pub,"2882 Warburton Hwy, Wesburn VIC 3799, Australia",Wesburn,https://www.google.com/maps/search/?api=1&query=The%20Warburton%20Hotel%2C%20Wesburn%20-%20Bar%20%26%20Bistro%20(The%20West)&query_place_id=ChIJEVme58nSKWsRYdP0E6tGb5k,https://www.warburtonhotel.com.au/,,+61 3 5967 1090,-37.7663841,145.64505,False,Closed,Closed,12 to 8:30 PM,12 to 8:30 PM,12 to 8:30 PM,12 to 8:30 PM,12 to 8:30 PM,False,True,True,True,True,632.0,4.4
Hospitality,Gembrook Manor Bed & Breakfast / High Tea,Self-catering accommodation,"10 Gembrook-Launching Pl Rd, Gembrook VIC 3783, Australia",Gembrook,https://www.google.com/maps/search/?api=1&query=Gembrook%20Manor%20Bed%20%26%20Breakfast%20%2F%20High%20Tea&query_place_id=ChIJSZNY8A_ZKWsR1BSs4ccZXjQ,https://gembrookmanor.com.au/,,+61 422 205 568,-37.9513762,145.5565503,False,,,,,,,,False,False,False,False,False,20.0,5.0
Hospitality,Wild Cattle Creek Estate pm,Wedding venue,"473 Warburton Hwy, Wandin North VIC 3139, Australia",Wandin North,https://www.google.com/maps/search/?api=1&query=Wild%20Cattle%20Creek%20Estate%20pm&query_place_id=ChIJdYEd7Xcp1moROqZWH2qqH2o,http://www.wildcattlecreek.com.au/,info@wildcattlecreek.com.au,+61 3 5964 4755,-37.7785302,145.4445863,False,,,,,,,,False,True,True,True,False,219.0,4.1
Hospitality,iHost Hospitality,Hotel,"570 St Kilda Rd, Melbourne VIC 3004, Australia",Melbourne,https://www.google.com/maps/search/?api=1&query=iHost%20Hospitality&query_place_id=ChIJKU7AWhxo1moRW3B7owEjEew,,,+61 3 9525 0525,-37.8474139,144.9788188,False,,,,,,,,False,False,False,False,False,,
Hospitality,Wastend Hospitality Services Brokers,Hospital,"Queen St, Melbourne VIC 3004, Australia",Melbourne,https://www.google.com/maps/search/?api=1&query=Wastend%20Hospitality%20Services%20Brokers&query_place_id=ChIJA3EUe2dd1moRj3qMi8D9sF4,,,+61 404 937 089,-37.8127603,144.9597505,False,9 AM to 5 PM,9 AM to 5 PM,9 AM to 5 PM,9 AM to 5 PM,9 AM to 5 PM,Closed,Closed,False,True,False,False,False,,
Hospitality,Alma Mater College Australia (AMCA),College,"level 2/55 Swanston St, Melbourne VIC 3000, Australia",Melbourne,https://www.google.com/maps/search/?api=1&query=Alma%20Mater%20College%20Australia%20(AMCA)&query_place_id=ChIJm2RvKg5D1moRd4fCykpBceg,http://www.amca.edu.au/,,+61 3 8637 0110,-37.816437,144.9667663,False,8 AM to 5 PM,8 AM to 5 PM,8 AM to 5 PM,8 AM to 5 PM,8 AM to 5 PM,Closed,Closed,False,True,False,False,False,301.0,4.9
Hospitality,National Hospitality Services,,"454 Collins St, Melbourne VIC 3000, Australia",Melbourne,https://www.google.com/maps/search/?api=1&query=National%20Hospitality%20Services&query_place_id=ChIJVVWx7Uxd1moRVXvjBpoGq6Q,,,+61 3 9108 4259,-37.8173251,144.9592691,False,,,,,,,,False,False,False,False,False,,
Hospitality,empire group,Employment agency,"Level 3/330 Collins St, Melbourne VIC 3000, Australia",Melbourne,https://www.google.com/maps/search/?api=1&query=empire%20group&query_place_id=ChIJp-STlrRC1moR_XEwGMhNz9M,https://www.empiregroup.com.au/,,+61 3 8602 7400,-37.8162147,144.9632902,False,8:30 AM to 5 PM,8:30 AM to 5 PM,8:30 AM to 5 PM,8:30 AM to 5 PM,8:30 AM to 5 PM,Closed,Closed,False,False,False,False,False,57.0,5.0
Hospitality,Melbourne Hospitality Consultants,Consultant,"1B Ballarat St, Collingwood VIC 3066, Australia",Collingwood,https://www.google.com/maps/search/?api=1&query=Melbourne%20Hospitality%20Consultants&query_place_id=ChIJAws2thtD1moR04GuUzT7Hj0,http://melbournehospitalityconsultants.com.au/,,+61 414 644 551,-37.7964992,144.9901802,False,,,,,,,,False,False,False,False,False,,
Hospitality,Chief HOSPITALITY,Hospitality high school,"1/38 Gipps St, Collingwood VIC 3066, Australia",Collingwood,https://www.google.com/maps/search/?api=1&query=Chief%20HOSPITALITY&query_place_id=ChIJaSeOheFC1moRE7iTx9xXf3k,http://chiefhospitality.com.au/,info@chiefhospitality.com.au,+61 1300 848 698,-37.8042279,144.9882628,False,,,,,,,,False,False,False,False,False,,
Hospitality,Clipboard Hospitality,Business networking company,"31 Queen St, Melbourne VIC 3000, Australia",Melbourne,https://www.google.com/maps/search/?api=1&query=Clipboard%20Hospitality&query_place_id=ChIJiY9wCP9p1moRg8FECUiZaGM,https://www.clipboardhospo.com/,,+61 401 245 626,-37.8182055,144.9619149,False,8 AM to 5 PM,8 AM to 5 PM,8 AM to 5 PM,8 AM to 5 PM,8 AM to 5 PM,Closed,Closed,False,True,False,False,False,,
Hospitality,Showtime Events Centre,Event venue,"61 S Wharf Promenade, South Wharf VIC 3006, Australia",South Wharf,https://www.google.com/maps/search/?api=1&query=Showtime%20Events%20Centre&query_place_id=ChIJY2p_X9tC1moRBCfeU4tDKeQ,http://www.showtimeeventgroup.com.au/,,+61 3 9682 1777,-37.8240002,144.9488182,False,9 AM to 6 PM,9 AM to 6 PM,9 AM to 6 PM,9 AM to 6 PM,9 AM to 6 PM,Closed,Closed,False,True,True,True,False,213.0,4.2
Hospitality,Impos,Software company,"403/33 Cremorne St, Cremorne VIC 3121, Australia",Cremorne,https://www.google.com/maps/search/?api=1&query=Impos&query_place_id=ChIJgVNNWvFC1moR6SCD3pInX0k,https://impos.com.au/,annie.w@impos.com.au,+61 1300 308 615,-37.8263408,144.9913427,False,9 AM to 5 PM,9 AM to 5 PM,9 AM to 5 PM,9 AM to 5 PM,9 AM to 5 PM,Closed,Closed,False,False,False,False,False,56.0,4.1
Hospitality,Blue Lotus College Hospitality Training Centre,Training center,"727 Nicholson St, Carlton North VIC 3054, Australia",Carlton North,https://www.google.com/maps/search/?api=1&query=Blue%20Lotus%20College%20Hospitality%20Training%20Centre&query_place_id=ChIJX8D71DhD1moRbQgr9bDYIEs,https://www.bluelotus.edu.au/,info@bluelotus.edu.au,+61 415 305 710,-37.782307,144.9775384,False,8:30 AM to 5 PM,8:30 AM to 5 PM,8:30 AM to 5 PM,8:30 AM to 5 PM,8:30 AM to 5 PM,Closed,Closed,False,True,False,False,False,,
Hospitality,"Edway Training Melbourne - Construction, Health and Hospitality Courses",Training center,"Level 1, 5/3 Bowen Cres, Melbourne VIC 3004, Australia",Melbourne,https://www.google.com/maps/search/?api=1&query=Edway%20Training%20Melbourne%20-%20Construction%2C%20Health%20and%20Hospitality%20Courses&query_place_id=ChIJzyDlR0xd1moRb7mFV2QZe8Q,http://www.edway.edu.au/melbourne,sydney@edway.edu.au,+61 3 9958 2900,-37.8350207,144.973203,False,9 AM to 5 PM,9 AM to 5 PM,9 AM to 5 PM,9 AM to 5 PM,9 AM to 5 PM,Closed,Closed,False,True,True,True,True,284.0,4.8
Hospitality,Bidfood Port Melbourne,Wholesaler,"20 Thackray Rd, Port Melbourne VIC 3207, Australia",Port Melbourne,https://www.google.com/maps/search/?api=1&query=Bidfood%20Port%20Melbourne&query_place_id=ChIJs1u73Zpn1moRx8pnY3jLqaw,https://www.bidfood.com.au/branch/port-melbourne?utm_source=google&utm_medium=organic&utm_campaign=gmb&utm_content=main_button,app-store@2x.png,+61 3 9192 8666,-37.828701,144.9267425,False,9 AM to 4 PM,9 AM to 4 PM,9 AM to 4 PM,9 AM to 4 PM,9 AM to 4 PM,Closed,Closed,False,True,True,False,False,19.0,3.1
Hospitality,Angliss Conference Centre,Conference center,"Level 5/555 La Trobe St, Melbourne VIC 3000, Australia",Melbourne,https://www.google.com/maps/search/?api=1&query=Angliss%20Conference%20Centre&query_place_id=ChIJmwO4Fkld1moR59JUcdFs8Mo,http://www.angliss.edu.au/Conference-Centre,functions@angliss.edu.au,+61 3 9606 2512,-37.8130346,144.953455,False,7:30 AM to 5 PM,7:30 AM to 5 PM,7:30 AM to 5 PM,7:30 AM to 5 PM,7:30 AM to 5 PM,Closed,Closed,False,True,True,True,True,52.0,4.4
Hospitality,Redcat Hospitality Technology,Software company,"Level 1/51 Stephenson St, Cremorne VIC 3121, Australia",Cremorne,https://www.google.com/maps/search/?api=1&query=Redcat%20Hospitality%20Technology&query_place_id=ChIJuVPFaKhC1moRarVSDlveP6M,https://www.redcatht.com/,,+61 1300 473 322,-37.8289473,144.993592,False,Open 24 hours,Open 24 hours,Open 24 hours,Open 24 hours,Open 24 hours,Open 24 hours,Open 24 hours,False,False,False,False,False,25.0,3.5
Hospitality,"Education Access Australia (EAA) - Study Hospitality, Automotive & Business in Melbourne",College,"51 Brady St, South Melbourne VIC 3205, Australia",South Melbourne,https://www.google.com/maps/search/?api=1&query=Education%20Access%20Australia%20(EAA)%20-%20Study%20Hospitality%2C%20Automotive%20%26%20Business%20in%20Melbourne&query_place_id=ChIJzX_HxkBd1moRTXlHDDWo_uE,http://www.eaa.edu.au/,,+61 3 9654 3433,-37.8265595,144.9429159,False,10 AM to 5 PM,10 AM to 5 PM,Closed,Closed,9 AM to 5:30 PM,9 AM to 5:30 PM,9 AM to 5:30 PM,False,True,True,False,False,132.0,4.2
Hospitality,Aussie Nukkad,Caterer,"25 Shale Rd, Werribee VIC 3030, Australia",Werribee,https://www.google.com/maps/search/?api=1&query=Aussie%20Nukkad&query_place_id=ChIJ6244BymF1moR2vgdcs6jdJY,,,+61 411 448 685,-37.908341,144.5961948,False,,,,,,,,False,True,True,False,False,40.0,4.8
Hospitality,BizServ Pty Ltd,Business to business service,"14 Larapinta Entrance, Werribee VIC 3030, Australia",Werribee,https://www.google.com/maps/search/?api=1&query=BizServ%20Pty%20Ltd&query_place_id=ChIJKWJ_rxSF1moRosyD2ls2kZE,,,+61 480 477 438,-37.9052373,144.6179994,False,8 AM to 5 PM,8 AM to 5 PM,8 AM to 5 PM,8 AM to 5 PM,8 AM to 6 PM,Closed,Closed,False,True,True,False,False,2.0,5.0
Hospitality,Eynesbury Events,Event venue,"487 Eynesbury Rd, Eynesbury VIC 3338, Australia",Eynesbury,https://www.google.com/maps/search/?api=1&query=Eynesbury%20Events&query_place_id=ChIJq3zRCWuV1moRGqahkM6Zdtw,https://eynesbury.com.au/dining-and-events/events/,,+61 3 9971 0419,-37.7912642,144.5662491,False,9 AM to 2:30 PM,9 AM to 5 PM,9 AM to 2:30 PM,9 AM to 5 PM,9 AM to 5 PM,10 AM to 2 PM,Closed,False,True,True,True,False,516.0,4.4
Hospitality,Sons of Manor- Restaurant Bar,Restaurant,"16/455 Ballan Rd, Wyndham Vale VIC 3024, Australia",Wyndham Vale,https://www.google.com/maps/search/?api=1&query=Sons%20of%20Manor-%20Restaurant%20Bar&query_place_id=ChIJ8Y4zy4KF1moRnl_Y1BvZf1c,https://sonsofmanor.com.au/,info@sonsofmanor.com.au,+61 3 7036 6965,-37.8764698,144.6147329,False,7 AM to 3 PM,7 AM to 8:30 PM,7 AM to 8:30 PM,7 AM to 8:30 PM,7 AM to 8:30 PM,7 AM to 8:30 PM,8 AM to 8:30 PM,False,True,True,True,True,588.0,4.5
Hospitality,The Big Indian Chef | Indian Vegetarian & Vegan Caterer,Caterer,"37 Kinglake Dr, Manor Lakes VIC 3024, Australia",Manor Lakes,https://www.google.com/maps/search/?api=1&query=The%20Big%20Indian%20Chef%20%7C%20Indian%20Vegetarian%20%26%20Vegan%20Caterer&query_place_id=ChIJe_wn5mVd1moRwNGcUiya-g4,http://thebigindianchef.com.au/,info@thebigindianchef.com.au,+61 469 706 930,-37.8669716,144.6005887,False,11 AM to 9 PM,11 AM to 9 PM,11 AM to 9 PM,11 AM to 9 PM,11 AM to 9 PM,11 AM to 9 PM,11 AM to 9 PM,False,False,True,False,False,59.0,5.0
Hospitality,M&M Sensations - Indian Food Catering,Catering food and drink supplier,"1 Julep St, Manor Lakes VIC 3024, Australia",Manor Lakes,https://www.google.com/maps/search/?api=1&query=M%26M%20Sensations%20-%20Indian%20Food%20Catering&query_place_id=ChIJrca3oeOb1moRCSxnrF3APUc,https://mnmsensations.com.au/,,+61 406 056 024,-37.8677918,144.5827507,False,Closed,Closed,Closed,Closed,6 to 10 PM,9 AM to 10 PM,9 AM to 10 PM,False,False,True,False,False,113.0,5.0
Hospitality,Fondness Healthcare Services,Disability services and support organization,"99 Spearmint Bvd, Manor Lakes VIC 3024, Australia",Manor Lakes,https://www.google.com/maps/search/?api=1&query=Fondness%20Healthcare%20Services&query_place_id=ChIJa7WECbub1moRpcNMTE7aa3I,https://fondnesshealth.com.au/,,+61 433 430 049,-37.8612285,144.594537,False,9 AM to 8 PM,9 AM to 8 PM,9 AM to 8 PM,9 AM to 8 PM,9 AM to 8 PM,9 AM to 8 PM,9 AM to 8 PM,False,True,True,True,True,,
Hospitality,SPORTSCO MANOR LAKES,Shoe store,"T30/455 Ballan Rd, Manor Lakes VIC 3024, Australia",Manor Lakes,https://www.google.com/maps/search/?api=1&query=SPORTSCO%20MANOR%20LAKES&query_place_id=ChIJFSCiJ3iF1moRjyyUD7lGmNw,http://www.sportsco.com.au/,,+61 3 8714 6643,-37.8751906,144.6143047,False,9 AM to 7 PM,9 AM to 7 PM,9 AM to 7 PM,9 AM to 9 PM,9 AM to 9 PM,9 AM to 7:30 PM,10 AM to 7 PM,False,True,True,False,False,152.0,4.9
Hospitality,ACCM College Melbourne,Vocational school,"Ste 4, Level 5/398 Lonsdale St, Melbourne VIC 3000, Australia",Melbourne,https://www.google.com/maps/search/?api=1&query=ACCM%20College%20Melbourne&query_place_id=ChIJ89sxy_BD1moRCznf43pDXjs,https://www.accm.vic.edu.au/,admission@accm.vic.edu.au,+61 3 4250 9510,-37.8125305,144.9606023,False,9 AM to 5 PM,9 AM to 5 PM,9 AM to 5 PM,9 AM to 5 PM,9 AM to 5 PM,9 AM to 5 PM,9 AM to 5 PM,False,True,False,False,False,23.0,5.0
Hospitality,Transition Recruitment & Labour Hire,Employment agency,"Ste 6, Level 6/350 Collins St, Melbourne VIC 3000, Australia",Melbourne,https://www.google.com/maps/search/?api=1&query=Transition%20Recruitment%20%26%20Labour%20Hire&query_place_id=ChIJP8-JddBD1moRdIq-_fzCYHg,,,+61 1300 696 342,-37.8163047,144.9628625,False,9 AM to 5 PM,9 AM to 5 PM,9 AM to 5 PM,9 AM to 5 PM,9 AM to 5 PM,9 AM to 5 PM,9 AM to 5 PM,False,False,False,False,False,2.0,5.0
Hospitality,ANIBT - Melbourne CBD Campus,Educational institution,"Level 13/474 Flinders St, Melbourne VIC 3000, Australia",Melbourne,https://www.google.com/maps/search/?api=1&query=ANIBT%20-%20Melbourne%20CBD%20Campus&query_place_id=ChIJA7TQgk1d1moRUWJ0CGGqvJU,http://anibt.edu.au/,info@anibt.edu.au,+61 3 9620 2922,-37.8197794,144.9582902,False,9 AM to 5 PM,9 AM to 5 PM,9 AM to 5 PM,9 AM to 5 PM,9 AM to 5 PM,Closed,Closed,False,True,False,False,False,65.0,4.4
Hospitality,Technical Institute of Victoria,Technical school,"34 Steel St, North Melbourne VIC 3051, Australia",North Melbourne,https://www.google.com/maps/search/?api=1&query=Technical%20Institute%20of%20Victoria&query_place_id=ChIJt75w18pC1moRFSfQmakpxik,http://www.techinstitute.vic.edu.au/,webmaster@techinstitute.vic.edu.au,+61 3 9654 2183,-37.7958561,144.9374667,False,9 AM to 5 PM,9 AM to 5 PM,9 AM to 5 PM,9 AM to 5 PM,9 AM to 5 PM,9 AM to 5 PM,9 AM to 5 PM,False,True,True,False,False,164.0,4.7
Hospitality,Heart Media | Hospitality Marketing Melbourne,Marketing agency,"158 Johnston St, Collingwood VIC 3066, Australia",Collingwood,https://www.google.com/maps/search/?api=1&query=Heart%20Media%20%7C%20Hospitality%20Marketing%20Melbourne&query_place_id=ChIJ0YClP6i9GKoRUJJ6Lv6uCYc,http://www.heart-media.com.au/,,+61 414 582 735,-37.7994588,144.9902926,False,7 AM to 7 PM,7 AM to 7 PM,7 AM to 7 PM,7 AM to 7 PM,7 AM to 7 PM,7 AM to 7 PM,7 AM to 7 PM,False,False,False,False,False,32.0,4.9
Hospitality,Maison Catering by Laurie and Kevin,Catering food and drink supplier,"Unit 1A/3 Commercial Rd, Melbourne VIC 3004, Australia",Melbourne,https://www.google.com/maps/search/?api=1&query=Maison%20Catering%20by%20Laurie%20and%20Kevin&query_place_id=ChIJSzqPUsdp1moRQRryflQ-nfA,https://www.maisoncateringlk.com/,maisoncateringlk@gmail.com,+61 451 760 398,-37.8452371,144.9794981,False,Open 24 hours,Open 24 hours,Open 24 hours,Open 24 hours,Open 24 hours,Open 24 hours,Open 24 hours,False,False,False,False,False,241.0,4.9
Hospitality,Glen Institute,Educational institution,"Level 5/310 King St, Melbourne VIC 3000, Australia",Melbourne,https://www.google.com/maps/search/?api=1&query=Glen%20Institute&query_place_id=ChIJzwPPPTFi1moR4fdjgo2bvHw,http://glen.edu.au/,contact@glen.edu.au,+61 1300 003 990,-37.8128348,144.954537,False,9 AM to 5 PM,9 AM to 5 PM,9 AM to 5 PM,9 AM to 5 PM,9 AM to 5 PM,Closed,Closed,False,True,False,False,False,132.0,4.6
Hospitality,Comedus Hospitality Consulting,Consultant,"199 William St, Melbourne VIC 3000, Australia",Melbourne,https://www.google.com/maps/search/?api=1&query=Comedus%20Hospitality%20Consulting&query_place_id=ChIJJTrNk0td1moRr_4Y8EFAyRM,https://comedus.com.au/contact,admin@comedus.com.au,+61 422 664 986,-37.8145716,144.9573479,False,,,,,,,,False,False,False,False,False,,
Hospitality,Brighton Beach Hotel,Pub,"4 Esplanade, Brighton VIC 3186, Australia",Brighton,https://www.google.com/maps/search/?api=1&query=Brighton%20Beach%20Hotel&query_place_id=ChIJCcpj0jtv1moRNj12ROTXWDk,https://www.brightonbeachhotel.com.au/,milanos.tavern@alhgroup.com.au,+61 3 9592 3555,-37.926421,144.98797,False,10 AM to 4 AM,10 AM to 4 AM,10 AM to 4 AM,10 AM to 4 AM,10 AM to 4 AM,10 AM to 4 AM,10 AM to 4 AM,False,True,True,True,True,3081.0,4.3
Hospitality,Angliss Restaurant,Restaurant,"550 Little Lonsdale St, Melbourne VIC 3000, Australia",Melbourne,https://www.google.com/maps/search/?api=1&query=Angliss%20Restaurant&query_place_id=ChIJ7TaR1khd1moRXCmigET2XdM,https://www.angliss.edu.au/restaurants-events/angliss-dining/angliss-restaurant/,goodfood@angliss.edu.au,+61 3 9606 2108,-37.8137917,144.9525603,False,"12 to 2:30 PM, 6:30 to 9:30 PM","12 to 2:30 PM, 6:30 to 9:30 PM","12 to 2:30 PM, 6:30 to 9:30 PM","12 to 2:30 PM, 6:30 to 9:30 PM","12 to 2:30 PM, 6:30 to 9:30 PM",Closed,Closed,False,True,False,True,True,175.0,4.5
Hospitality,Hillman Hospitality group,Travel agency,"Ste 74/135 Cardigan St, Carlton VIC 3053, Australia",Carlton,https://www.google.com/maps/search/?api=1&query=Hillman%20Hospitality%20group&query_place_id=ChIJPUr3kMBD1moRsl8qyR1zm6U,,,+61 3 9123 0099,-37.8032247,144.9646038,False,,,,,,,,False,False,False,False,False,,
Hospitality,Acumen Education,Vocational school,"Level 8/55 Swanston St, Melbourne VIC 3000, Australia",Melbourne,https://www.google.com/maps/search/?api=1&query=Acumen%20Education&query_place_id=ChIJMxlYAeVC1moRG1cKnFiIZU8,http://www.acumen.edu.au/,admissions@acumen.edu.au,+61 3 9044 6402,-37.8163209,144.9666482,False,,,,,,,,False,True,False,False,False,130.0,4.7
Hospitality,THE Australian College of Travel & Hospitality Management,College,"4/246 Bourke St, Melbourne VIC 3000, Australia",Melbourne,https://www.google.com/maps/search/?api=1&query=THE%20Australian%20College%20of%20Travel%20%26%20Hospitality%20Management&query_place_id=ChIJu3bsBcpC1moRF7VF-VwHlgA,,,+61 3 9650 6877,-37.8132003,144.9659423,False,,,,,,,,False,False,False,False,False,,
Hospitality,Heads on Pillows - Hospitality Digital Marketing Services Melbourne,Marketing agency,"Ste 236/139 Cardigan St, Carlton VIC 3053, Australia",Carlton,https://www.google.com/maps/search/?api=1&query=Heads%20on%20Pillows%20-%20Hospitality%20Digital%20Marketing%20Services%20Melbourne&query_place_id=ChIJ4c28MEdd1moRHUunx5hz7Uo,https://headsonpillows.com/?utm_source=google&utm_medium=organic&utm_campaign=gbp-listing-melbourne,,+61 427 021 092,-37.803395,144.964718,False,10 AM to 6 PM,10 AM to 6 PM,10 AM to 6 PM,10 AM to 6 PM,10 AM to 7 PM,Closed,Closed,False,False,False,False,False,3.0,5.0
Hospitality,Uday Restaurant & Rooftop Bar,Asian restaurant,"Level 1/43 McLister St, Spotswood VIC 3015, Australia",Spotswood,https://www.google.com/maps/search/?api=1&query=Uday%20Restaurant%20%26%20Rooftop%20Bar&query_place_id=ChIJ-9Z8n9Nn1moRLwrNVxs9_y8,https://odettehouse.com.au/,hi@odettehouse.com.au,+61 3 8383 7787,-37.8313131,144.8828523,False,Closed,5 to 9:30 PM,5 to 9:30 PM,5 to 9:30 PM,4 to 10 PM,4:30 to 10 PM,4:30 to 9:30 PM,False,False,False,True,False,204.0,4.8
Hospitality,Somerville Hotel,Pub,"84 Station St, Somerville VIC 3912, Australia",Somerville,https://www.google.com/maps/search/?api=1&query=Somerville%20Hotel&query_place_id=ChIJP1GoSUng1WoRl0i4h30yQTI,https://www.somervillehotel.com.au/,somervillehotel@alhgroup.com.au,+61 3 5977 5241,-38.2242424,145.1748093,False,10 AM to 4 AM,10 AM to 4 AM,10 AM to 4 AM,10 AM to 4 AM,10 AM to 4 AM,10 AM to 4 AM,10 AM to 4 AM,False,True,True,True,False,1279.0,4.0
Hospitality,Westernport Hotel Hastings,Pub,"16 High St, Hastings VIC 3915, Australia",Hastings,https://www.google.com/maps/search/?api=1&query=Westernport%20Hotel%20Hastings&query_place_id=ChIJW2L2e-_m1WoRCFgKNu4XPuw,http://www.westernporthotel.com.au/,hotel@westernporthotel.com.au,+61 3 5979 1201,-38.3073806,145.1929779,False,10 AM to 3 AM,10 AM to 3 AM,10 AM to 3 AM,10 AM to 3 AM,10 AM to 3 AM,10 AM to 3 AM,10 AM to 3 AM,False,True,True,True,False,941.0,4.1
Hospitality,Little Ridge Hospitality,Caterer,"31 Quarry Rd, Langwarrin VIC 3910, Australia",Langwarrin,https://www.google.com/maps/search/?api=1&query=Little%20Ridge%20Hospitality&query_place_id=ChIJ79AkEHQL1moRnjmrHYyRuLE,,,+61 402 500 479,-38.1427834,145.2019079,False,Open 24 hours,Open 24 hours,Open 24 hours,Open 24 hours,Open 24 hours,Open 24 hours,Open 24 hours,False,False,True,False,False,5.0,5.0
Hospitality,Alpha Hospitality Services,Cleaning service,"13b Patrick Ct, Seaford VIC 3198, Australia",Seaford,https://www.google.com/maps/search/?api=1&query=Alpha%20Hospitality%20Services&query_place_id=ChIJc6HrgKt01moRDiDr7lnvw-8,http://www.alphahospitality.com.au/,,+61 1300 656 221,-38.117854,145.134581,False,Open 24 hours,Open 24 hours,Open 24 hours,Open 24 hours,Open 24 hours,Open 24 hours,Open 24 hours,False,True,True,False,False,7.0,3.9
Hospitality,Sherwood Park,Hotel,"10 Webbs Ln, Somerville VIC 3912, Australia",Somerville,https://www.google.com/maps/search/?api=1&query=Sherwood%20Park&query_place_id=ChIJ1SmJq5Pg1WoRn1hLjTphzvE,,,+61 412 468 352,-38.244245,145.156574,False,,,,,,,,False,False,False,False,False,10.0,4.8
Hospitality,Hospitality Project Group,Shared-use commercial kitchen,"47 Titan Dr, Carrum Downs VIC 3201, Australia",Carrum Downs,https://www.google.com/maps/search/?api=1&query=Hospitality%20Project%20Group&query_place_id=ChIJt4a2ogYN1moRwPaDVCPx52s,https://www.compliedkitchen.com.au/,Info@CompliedKitchen.com.au,+61 452 565 828,-38.0994123,145.1673372,False,9 AM to 5 PM,9 AM to 5 PM,9 AM to 5 PM,9 AM to 5 PM,9 AM to 5 PM,Closed,Closed,False,True,True,False,True,9.0,5.0
Hospitality,Apex Hospitality Supplies,Equipment supplier,"Mornington VIC 3931, Australia",,https://www.google.com/maps/search/?api=1&query=Apex%20Hospitality%20Supplies&query_place_id=ChIJDwuAEBDSqYUR9kXkTCdGizg,https://www.apexhospitalitysupplies.com/,,+61 400 063 394,-38.2296973,145.0449289,False,9 AM to 9 PM,9 AM to 9 PM,9 AM to 9 PM,9 AM to 9 PM,9 AM to 6 PM,9 AM to 6 PM,9 AM to 2 PM,False,True,True,False,False,,
Hospitality,Australasian Hospitality Group,Business management consultant,"Lakewood Blvd, Carrum Downs VIC 3201, Australia",Carrum Downs,https://www.google.com/maps/search/?api=1&query=Australasian%20Hospitality%20Group&query_place_id=ChIJ-UkB_sIM1moRnOXoxeTqEps,http://theahg.com.au/,,+61 403 121 994,-38.0956295,145.1584047,False,,,,,,,,False,False,True,False,False,,
Hospitality,Borgo Food & Wine,Italian restaurant,"152 Union Rd, Ascot Vale VIC 3032, Australia",Ascot Vale,https://www.google.com/maps/search/?api=1&query=Borgo%20Food%20%26%20Wine&query_place_id=ChIJn9RkdbRd1moRzT884GZQhR0,https://borgofoodandwine.com.au/,,+61 3 8436 1949,-37.7750886,144.915776,False,Closed,5:30 to 9 PM,5:30 to 9 PM,5:30 to 9 PM,"11:30 AM to 2:30 PM, 5:30 to 9 PM","11:30 AM to 2:30 PM, 5:30 to 9 PM",Closed,False,False,False,False,False,197.0,5.0
Hospitality,Bmedia Studio,Photography studio,"1 Lennon St, West Melbourne VIC 3003, Australia",West Melbourne,https://www.google.com/maps/search/?api=1&query=Bmedia%20Studio&query_place_id=ChIJP8F_cPpd1moRSWdl940aTH0,https://www.bmedia.agency/services/studio,studio@bmedia.agency,,-37.8004448,144.926921,False,8 AM to 8 PM,8 AM to 8 PM,8 AM to 8 PM,8 AM to 8 PM,8 AM to 8 PM,8 AM to 8 PM,Closed,False,False,False,True,True,7.0,5.0
Hospitality,The Ambrai on Yarra,Indian restaurant,"G16, 18-38 Siddeley St, Docklands VIC 3005, Australia",Docklands,https://www.google.com/maps/search/?api=1&query=The%20Ambrai%20on%20Yarra&query_place_id=ChIJEbuZyxdd1moRX41uX3o6Sh4,http://theambrai.com.au/,info@theambrai.com.au,+61 3 9022 3019,-37.8231651,144.9541265,False,5 to 10 PM,5 to 10 PM,5 to 10 PM,5 to 10 PM,5 to 11 PM,12 to 11 PM,12 to 11 PM,False,True,False,False,True,175.0,4.2
Hospitality,Roma Ristorante,Restaurant,"120 Collins St, Melbourne VIC 3000, Australia",Melbourne,https://www.google.com/maps/search/?api=1&query=Roma%20Ristorante&query_place_id=ChIJkwikizRD1moRoGO1Vb-lOx8,http://www.romamelbourne.com.au/,,+61 3 9989 1314,-37.8139627,144.9690002,False,Closed,11:30 AM to 10:30 PM,11:30 AM to 10:30 PM,11:30 AM to 10:30 PM,11:30 AM to 10:30 PM,11:30 AM to 10:30 PM,Closed,False,False,False,False,False,62.0,4.4
Hospitality,Ronnie's,Restaurant,"Entry via Rialto Piazza, 525 Collins St, Melbourne VIC 3000, Australia",Melbourne,https://www.google.com/maps/search/?api=1&query=Ronnie's&query_place_id=ChIJkcxibZ5d1moRgM0TotAXJ0I,https://ronnies.melbourne/,hello@ronnies.melbourne,+61 3 9492 4888,-37.8185729,144.9578857,False,5 to 10 PM,12 to 10 PM,12 to 10 PM,12 to 10 PM,12 to 10 PM,5 to 10 PM,Closed,False,True,False,True,True,469.0,4.1
Hospitality,Mt. Terrasse Cafe Restaurant & Wine Bar Mount Eliza,Restaurant,"Shop 2/87 Mount Eliza Way, Mount Eliza VIC 3930, Australia",Mount Eliza,https://www.google.com/maps/search/?api=1&query=Mt.%20Terrasse%20Cafe%20Restaurant%20%26%20Wine%20Bar%20Mount%20Eliza&query_place_id=ChIJf1qQUjjf1WoR6Lo24k_Fk_w,http://mt-terrasse.square.site/,,+61 3 8790 5204,-38.1841983,145.0894015,False,6 AM to 3 PM,6 AM to 3 PM,6 AM to 3 PM,6 AM to 3 PM,6 AM to 8:30 PM,6 AM to 8:30 PM,6 AM to 3:30 PM,False,True,True,False,True,627.0,4.6
Hospitality,Woodman Estate - Lakeside Luxury Accommodation,Hotel,"136 Graydens Rd, Moorooduc VIC 3933, Australia",Moorooduc,https://www.google.com/maps/search/?api=1&query=Woodman%20Estate%20-%20Lakeside%20Luxury%20Accommodation&query_place_id=ChIJlSovWLHd1WoRIdVDgs6RPNk,,,+61 3 5978 8455,-38.282238,145.1245117,False,,,,,,,,False,False,False,False,False,224.0,4.5
Hospitality,The Heritage Balnarring,Restaurant,"3059 Frankston - Flinders Rd, Balnarring VIC 3926, Australia",Balnarring,https://www.google.com/maps/search/?api=1&query=The%20Heritage%20Balnarring&query_place_id=ChIJgz25Vw7D1WoRteiGh7q4kzI,http://www.theheritagebalnarring.com.au/,,+61 3 5983 2597,-38.3746681,145.1235351,False,Closed,Closed,11:30 AM to 9:30 PM,11:30 AM to 10 PM,11:30 AM to 11 PM,11:30 AM to 11 PM,11:30 AM to 9:30 PM,False,True,True,True,True,821.0,4.3
Hospitality,Fine Wine Merchant,Wine store,"Shop 9/87 Mount Eliza Way, Mount Eliza VIC 3930, Australia",Mount Eliza,https://www.google.com/maps/search/?api=1&query=Fine%20Wine%20Merchant&query_place_id=ChIJY_y05nbf1WoRXCs9AyxutlE,http://www.finewinemerchant.com.au/,shop@finewinemerchant.com.au,+61 3 9787 3646,-38.1846398,145.0894273,False,10 AM to 7 PM,10 AM to 7 PM,10 AM to 7 PM,10 AM to 7 PM,10 AM to 8 PM,10 AM to 6 PM,11 AM to 5 PM,False,True,True,False,False,30.0,4.9
Hospitality,Degani Cafe Koo Wee Rup,Cafe,"Shop 3 & 4/65 Station St, Koo Wee Rup VIC 3981, Australia",Koo Wee Rup,https://www.google.com/maps/search/?api=1&query=Degani%20Cafe%20Koo%20Wee%20Rup&query_place_id=ChIJs5GVIX8C1moRdiazCiQwtoU,http://www.degani.com.au/,,+61 3 5997 2555,-38.1987314,145.4875748,False,8 AM to 3 PM,8 AM to 3 PM,8 AM to 4 PM,8 AM to 4 PM,8 AM to 4 PM,8 AM to 4 PM,8 AM to 4 PM,False,True,True,True,True,158.0,4.1
Hospitality,George Marks Design,Interior designer,"26 Rosedale Grove, Frankston South VIC 3199, Australia",Frankston South,https://www.google.com/maps/search/?api=1&query=George%20Marks%20Design&query_place_id=ChIJH-zN-tHb1WoRSJnMzL41f9c,https://www.georgemarksdesign.com/,,+61 410 818 045,-38.191613,145.1292749,False,8 AM to 6 PM,8 AM to 6 PM,8 AM to 6 PM,8 AM to 6 PM,8 AM to 6 PM,Closed,Closed,False,False,True,False,False,12.0,5.0
Hospitality,Design Yard 32,Interior designer,"32 Mountain Ave, Frankston South VIC 3199, Australia",Frankston South,https://www.google.com/maps/search/?api=1&query=Design%20Yard%2032&query_place_id=ChIJwb8jPbvf1WoRqRMVV2HWo8I,https://designyard32.com.au/,info@designyard32.com.au,+61 415 144 636,-38.1947754,145.1298884,False,9 AM to 5 PM,9 AM to 5 PM,9 AM to 5 PM,9 AM to 5 PM,9 AM to 5 PM,Closed,Closed,False,False,False,False,False,1.0,5.0
Hospitality,Jackalope Hotel Mornington Peninsula,Hotel,"166 Balnarring Rd, Merricks North VIC 3926, Australia",Merricks North,https://www.google.com/maps/search/?api=1&query=Jackalope%20Hotel%20Mornington%20Peninsula&query_place_id=ChIJJeDva-fC1WoRxokRS_zmOmE,http://www.jackalopehotels.com/?utm_source=google&utm_medium=organic&utm_campaign=gbp,,+61 3 5931 2500,-38.344479,145.100645,False,,,,,,,,False,False,False,False,False,527.0,4.5
Hospitality,McDonald's Somerville,Fast food restaurant,"49 Eramosa Rd W, Somerville VIC 3912, Australia",Somerville,https://www.google.com/maps/search/?api=1&query=McDonald's%20Somerville&query_place_id=ChIJWcn7jUXg1WoRchTal_1iTuY,https://mcdonalds.com.au/?utm_medium=local&utm_source=google%20my%20business&utm_campaign=local%20search&utm_content=vic&utm_term=mcdonalds%20somerville,,+61 3 5978 0405,-38.2233723,145.1697023,False,Open 24 hours,Open 24 hours,Open 24 hours,Open 24 hours,Open 24 hours,Open 24 hours,Open 24 hours,False,True,True,True,False,652.0,3.4
Hospitality,ReSauce Catering & Events,Caterer,"Wooralla Dr, Mount Eliza VIC 3930, Australia",Mount Eliza,https://www.google.com/maps/search/?api=1&query=ReSauce%20Catering%20%26%20Events&query_place_id=ChIJZzudXn7f1WoRgbD0DJrBeS4,http://www.resauce.com.au/,,+61 3 9525 4433,-38.2098519,145.0913698,False,,,,,,,,False,False,True,False,False,,
Hospitality,Eve Zone Pty Ltd,Wholesaler,"38 Craftsman Dr, Diggers Rest VIC 3427, Australia",Diggers Rest,https://www.google.com/maps/search/?api=1&query=Eve%20Zone%20Pty%20Ltd&query_place_id=ChIJ8ckbjTb31moRBaVXF5QXqds,https://evezone.com.au/,info@evezone.com.au,+61 450 479 245,-37.6275176,144.7010111,False,9 AM to 5 AM,9 AM to 5 PM,9 AM to 5 PM,9 AM to 5 PM,9 AM to 5 PM,Closed,Closed,False,True,True,False,False,1.0,5.0
Hospitality,CoLab,Food products supplier,"23/2 Thomsons Rd, Keilor Park VIC 3042, Australia",Keilor Park,https://www.google.com/maps/search/?api=1&query=CoLab&query_place_id=ChIJd7pGYsRf1moRtrcE95xJP-c,http://www.colab.com.au/,,,-37.7192156,144.850772,False,9 AM to 5 PM,9 AM to 5 PM,9 AM to 5 PM,9 AM to 5 PM,9 AM to 5 PM,Closed,Closed,False,False,True,False,False,9.0,3.7
Hospitality,Tavolo360 Mobile Ordering,Software company,"51 New Rd, Oak Park VIC 3046, Australia",Oak Park,https://www.google.com/maps/search/?api=1&query=Tavolo360%20Mobile%20Ordering&query_place_id=ChIJC_4m5Ydb1moRSJl56dBZvhc,http://www.tavolo360.com/,,+61 416 131 788,-37.713788,144.908428,False,Open 24 hours,Open 24 hours,Open 24 hours,Open 24 hours,Open 24 hours,9 AM to 5 PM,Closed,False,False,False,False,False,1.0,5.0
Hospitality,Amroha Catering Equipment,Equipment supplier,"104-106 Slater Parade, Keilor East VIC 3033, Australia",Keilor East,https://www.google.com/maps/search/?api=1&query=Amroha%20Catering%20Equipment&query_place_id=ChIJ0XMdnLpe1moRVQEQvm4T2HM,https://www.facebook.com/AMROHACATERING/,,+61 418 560 297,-37.7311813,144.8603978,False,11 AM to 4 PM,11 AM to 4 PM,11 AM to 4 PM,11 AM to 4 PM,Closed,Closed,Closed,False,False,False,False,False,29.0,3.8
Hospitality,FrabPOS - Melbourne Point of Sale and Online Ordering Systems Specialists,Software company,"5 Landcox Way, Caroline Springs VIC 3023, Australia",Caroline Springs,https://www.google.com/maps/search/?api=1&query=FrabPOS%20-%20Melbourne%20Point%20of%20Sale%20and%20Online%20Ordering%20Systems%20Specialists&query_place_id=ChIJUaWewk_11moRF25AsuX6O1w,https://frabpos.au/,Support@frabpos.com.au,+61 481 517 031,-37.7245242,144.7472797,False,9 AM to 6 PM,9 AM to 6 PM,9 AM to 6 PM,9 AM to 6 PM,9 AM to 6 PM,10 AM to 2 PM,10 AM to 2 PM,False,False,True,False,False,35.0,5.0
Hospitality,Melrose Events,Event venue,"2-8 Carrick Dr, Tullamarine VIC 3043, Australia",Tullamarine,https://www.google.com/maps/search/?api=1&query=Melrose%20Events&query_place_id=ChIJ2X2vwtpb1moRF-kWi4zbTQc,http://www.melroseevents.com.au/,info@melroseevents.com.au,+61 3 9330 1422,-37.7031635,144.8838645,False,10 AM to 5 PM,10 AM to 5 PM,10 AM to 5 PM,10 AM to 5 PM,10 AM to 5 PM,10 AM to 5 PM,Closed,False,True,True,True,True,558.0,4.2
Hospitality,Directitude,Construction company,"48 McDougall Rd, Sunbury VIC 3429, Australia",Sunbury,https://www.google.com/maps/search/?api=1&query=Directitude&query_place_id=ChIJf5-73rn51moRYYO3YRHC0tY,https://www.directitude.com.au/,,+61 3 9740 9039,-37.5937081,144.7172197,False,7 AM to 5 PM,7 AM to 5 PM,7 AM to 5 PM,7 AM to 5 PM,7 AM to 5 PM,Closed,Closed,False,True,True,False,False,12.0,5.0
Hospitality,Ball Court Hotel,Pub,"60 Macedon St, Sunbury VIC 3429, Australia",Sunbury,https://www.google.com/maps/search/?api=1&query=Ball%20Court%20Hotel&query_place_id=ChIJi143CLT51moRFFCuRtMtK1s,https://www.ballcourthotel.com.au/?utm_source=google&utm_medium=organic&utm_campaign=gmb&utm_term=plcid_13672060065789047555,info@ballcourthotel.com.au,+61 3 9744 1310,-37.581203,144.736294,False,11 AM to 10 PM,11 AM to 10 PM,11 AM to 10 PM,11 AM to 11 PM,11 AM to 12 AM,11 AM to 12 AM,11 AM to 10 PM,False,True,True,True,False,1167.0,4.2
Hospitality,Fieste European Dining,European restaurant,"Unit 50/217-219 Mickleham Rd, Westmeadows VIC 3049, Australia",Westmeadows,https://www.google.com/maps/search/?api=1&query=Fieste%20European%20Dining&query_place_id=ChIJTVK0bi5a1moRoBT4682fh24,http://www.fiesterestaurant.com/,fiestecraigieburn@gmail.com,+61 3 9330 1833,-37.6859863,144.8820917,False,11 AM to 10:30 PM,11 AM to 10:30 PM,11 AM to 10:30 PM,11 AM to 10:30 PM,11 AM to 10:30 PM,11 AM to 10:30 PM,11 AM to 10:30 PM,False,True,True,True,True,479.0,3.5
Hospitality,Keilor Hotel,Pub,"670 Old Calder Hwy, Keilor VIC 3036, Australia",Keilor,https://www.google.com/maps/search/?api=1&query=Keilor%20Hotel&query_place_id=ChIJMy33F9Fe1moRZJ-4HU5152s,https://keilorhotel.com.au/,astigma@astigmatic.com,+61 3 9334 0400,-37.719642,144.836292,False,,,,,,,,False,True,True,True,False,704.0,4.2
Hospitality,Shaan-A-Punjab Haveli and Sweet Shop,Indian restaurant,"10/1805 Sydney Rd, Campbellfield VIC 3061, Australia",Campbellfield,https://www.google.com/maps/search/?api=1&query=Shaan-A-Punjab%20Haveli%20and%20Sweet%20Shop&query_place_id=ChIJ9_mzskJR1moR6pxarzlD7Aw,https://shaanapunjab.com.au/,,+61 433 589 709,-37.6468678,144.9502659,False,8:30 AM to 10 PM,8:30 AM to 10 PM,8:30 AM to 10 PM,8:30 AM to 10 PM,8:30 AM to 10 PM,8:30 AM to 2 AM,8:30 AM to 10 PM,False,True,True,False,True,1070.0,3.8
Hospitality,Aston Lucas Gourmet,Food manufacturer,"92 Merola Way, Campbellfield VIC 3061, Australia",Campbellfield,https://www.google.com/maps/search/?api=1&query=Aston%20Lucas%20Gourmet&query_place_id=ChIJuSzCHRNd1moR_rbfdXVUeWM,https://astonlucasgourmet.com.au/,info@astonlucasgourmet.com.au,+61 3 9116 3896,-37.6533153,144.9561502,False,8 AM to 4 PM,8 AM to 4 PM,8 AM to 4 PM,8 AM to 4 PM,8 AM to 4 PM,Closed,Closed,False,False,True,False,False,43.0,4.3
Hospitality,CC enterprises,Hospitality and tourism school,"735 Pascoe Vale Rd, Glenroy VIC 3046, Australia",Glenroy,https://www.google.com/maps/search/?api=1&query=CC%20enterprises&query_place_id=ChIJQxTOhcFb1moRFEaer_adt58,,,+61 401 953 995,-37.706946,144.916074,False,Open 24 hours,Open 24 hours,Open 24 hours,Open 24 hours,Closed,Closed,Open 24 hours,False,False,True,False,False,,
Hospitality,Mariljohn Pty Ltd,Kitchen remodeler,"1 Lawson Cres, Thomastown VIC 3074, Australia",Thomastown,https://www.google.com/maps/search/?api=1&query=Mariljohn%20Pty%20Ltd&query_place_id=ChIJ612Kv8831moR3iSoXibuGog,http://mariljohn.com.au/,office@mariljohn.com.au,+61 3 9460 3421,-37.6918348,144.9898407,False,9 AM to 5 PM,9 AM to 5 PM,9 AM to 5 PM,9 AM to 5 PM,9 AM to 5 PM,Closed,Closed,False,False,True,False,False,11.0,4.6
Hospitality,Halal n Easy,Cafe,"2 Motto Dr, Coolaroo VIC 3048, Australia",Coolaroo,https://www.google.com/maps/search/?api=1&query=Halal%20n%20Easy&query_place_id=ChIJO1MpSABR1moRX5zlbMZCiKw,http://www.halalneasy.com.au/,,+61 3 8339 0835,-37.6436968,144.9313644,False,9 AM to 9 PM,9 AM to 9 PM,9 AM to 9 PM,9 AM to 9 PM,9 AM to 9 PM,9 AM to 9 PM,9 AM to 4 PM,False,True,True,False,False,143.0,4.7
Hospitality,Teach A Man To Fish (TAMTF) - Venture Hub,Business center,"9 Kraft Ct, Broadmeadows VIC 3047, Australia",Broadmeadows,https://www.google.com/maps/search/?api=1&query=Teach%20A%20Man%20To%20Fish%20(TAMTF)%20-%20Venture%20Hub&query_place_id=ChIJ7fZi0Dtb1moRPWYPpOmIAKU,https://www.tamtf.com.au/,,,-37.6777308,144.9273433,False,9 AM to 10 PM,9 AM to 10 PM,9 AM to 10 PM,9 AM to 10 PM,9 AM to 10 PM,9 AM to 10 PM,10 AM to 9 PM,False,True,True,False,False,9.0,5.0
Hospitality,Sukunda Foods,Hospitality and tourism school,"246a Rex Rd, Campbellfield VIC 3061, Australia",Campbellfield,https://www.google.com/maps/search/?api=1&query=Sukunda%20Foods&query_place_id=ChIJL4Zj8oNP1moRKAv2ud-2Ogo,,,+61 420 237 516,-37.6518764,144.964208,False,,,,,,,,False,False,True,False,False,1.0,5.0
Hospitality,Health & Hospitality Flooring,Flooring contractor,"36 Berwick Rd, Melbourne VIC 3016, Australia",Melbourne,https://www.google.com/maps/search/?api=1&query=Health%20%26%20Hospitality%20Flooring&query_place_id=ChIJ91EhSmZR1moRRwIsQjgRKO0,,,+61 448 111 277,-37.6710769,144.9564286,False,,,,,,,,False,False,False,False,False,,
Hospitality,Shanglish Broadmeadows,Restaurant,"g105/1169 Pascoe Vale Rd, Broadmeadows VIC 3047, Australia",Broadmeadows,https://www.google.com/maps/search/?api=1&query=Shanglish%20Broadmeadows&query_place_id=ChIJc-9g7AJb1moR8_-9B-v7ZEQ,https://www.shanglish.com.au/,,+61 3 7034 6538,-37.68019,144.919505,False,9 AM to 6 PM,9 AM to 6 PM,9 AM to 6 PM,9 AM to 6 PM,9 AM to 8 PM,9 AM to 8 PM,9 AM to 7 PM,False,True,True,False,False,105.0,4.0
Hospitality,Leeda Projects,Builder,"1934 Hume Hwy, Campbellfield VIC 3061, Australia",Campbellfield,https://www.google.com/maps/search/?api=1&query=Leeda%20Projects&query_place_id=ChIJvX7guiNQ1moREkvEUWKIw8s,https://leeda.com.au/,,+61 3 9357 6320,-37.6567902,144.954138,False,9 AM to 5 PM,9 AM to 5 PM,9 AM to 5 PM,9 AM to 5 PM,9 AM to 5 PM,Closed,Closed,False,False,False,False,False,11.0,4.5
Hospitality,TyrePlus Melton | RACV Autocare Centre Melton,Tire shop,"22 Norton Dr, Melton VIC 3337, Australia",Melton,https://www.google.com/maps/search/?api=1&query=TyrePlus%20Melton%20%7C%20RACV%20Autocare%20Centre%20Melton&query_place_id=ChIJuclpLEvt1moRo7qkmgPW0ik,https://www.tyreplus.com.au/tyre-shop/melton/tyreplus-melton-racv-autocare-centre-melton?utm_source=Google&utm_medium=organic&utm_campaign=Uberall_GBP&utm_content=LDS&utm_term=Uberall_GBP,,+61 3 9946 1108,-37.6916,144.599,False,8:30 AM to 6:30 PM,8:30 AM to 6:30 PM,8:30 AM to 6:30 PM,8:30 AM to 6:30 PM,8:30 AM to 6:30 PM,8:30 AM to 5 PM,9 AM to 4 PM,False,True,True,False,False,829.0,4.9
Hospitality,Pearl Venue Melbourne,Wedding venue,"14 Poa Ct, Craigieburn VIC 3064, Australia",Craigieburn,https://www.google.com/maps/search/?api=1&query=Pearl%20Venue%20Melbourne&query_place_id=ChIJwTGOChhR1moRHllgFOFasgo,http://www.pearlvenue.com.au/,,+61 493 739 578,-37.6153862,144.9433316,False,11 AM to 6:30 PM,11 AM to 6:30 PM,11 AM to 6:30 PM,11 AM to 7 PM,11 AM to 7 PM,11:30 AM to 6 PM,11 AM to 6:30 PM,False,True,True,True,False,102.0,4.6
Hospitality,Fleur Wedding & Events | Wedding Venue Melbourne,Wedding venue,"134 McBryde St, Fawkner VIC 3060, Australia",Fawkner,https://www.google.com/maps/search/?api=1&query=Fleur%20Wedding%20%26%20Events%20%7C%20Wedding%20Venue%20Melbourne&query_place_id=ChIJi8z_GTdF1moRpum9KEaYeJ0,https://fleureventcentre.com.au/,info@fleureventcentre.com.au,+61 435 189 545,-37.7084538,144.976454,False,9 AM to 5 PM,9 AM to 5 PM,9 AM to 5 PM,9 AM to 5 PM,9 AM to 5 PM,9 AM to 5 PM,9 AM to 5 PM,False,True,True,True,False,170.0,4.8
Hospitality,Ferguson Plarre's Bakehouse - Craigieburn Central,Bakery,"Craigieburn Central, 340 Craigieburn Rd, Craigieburn VIC 3064, Australia",Craigieburn,https://www.google.com/maps/search/?api=1&query=Ferguson%20Plarre's%20Bakehouse%20-%20Craigieburn%20Central&query_place_id=ChIJKUDJ6R9S1moRf3OUMGKcNeQ,http://www.fergusonplarre.com.au/,customerservice@fergusonplarre.com.au,+61 488 776 613,-37.5939506,144.9149293,False,7 AM to 5 PM,7 AM to 5 PM,7 AM to 5 PM,7 AM to 5 PM,7 AM to 5 PM,7 AM to 5 PM,7 AM to 5 PM,False,True,True,False,False,145.0,4.1
Hospitality,Mandina Kitchen,Restaurant,"Unit 6/1730 Hume Hwy, Campbellfield VIC 3061, Australia",Campbellfield,https://www.google.com/maps/search/?api=1&query=Mandina%20Kitchen&query_place_id=ChIJA86Uw-VR1moRHy5kmybpyvk,https://mandinakitchencampbellfield.com.au/,,+61 3 7050 8040,-37.6716127,144.9559598,False,3 to 11 PM,3 to 11 PM,3 to 11 PM,3 to 11 PM,1 to 11 PM,1 to 11 PM,1 to 11 PM,False,True,True,True,True,238.0,4.0
Hospitality,Royal Heaven Indian Restaurant,Indian restaurant,"75 Hamilton St, Craigieburn VIC 3064, Australia",Craigieburn,https://www.google.com/maps/search/?api=1&query=Royal%20Heaven%20Indian%20Restaurant&query_place_id=ChIJj3xq3UdT1moRfbC3awW_g3w,https://www.ubereats.com/au/store/royal-heaven/PwWSKmc6Wbye9CnnwbFOvQ?diningMode=PICKUP&utm_campaign=CM2508147-search-free-nonbrand-google-pas_e_all_acq_Global&utm_medium=search-free-nonbrand&utm_source=google-pas,,+61 3 7009 7378,-37.5914742,144.941385,False,4 to 11 PM,4 to 11 PM,4 to 11 PM,4 to 11 PM,4 to 11 PM,4 to 11 PM,4 to 11 PM,False,True,True,False,True,634.0,4.5
Hospitality,Dulux Trade Centre Craigieburn,Paint store,"311-313 Hume Hwy, Craigieburn VIC 3064, Australia",Craigieburn,https://www.google.com/maps/search/?api=1&query=Dulux%20Trade%20Centre%20Craigieburn&query_place_id=ChIJtXeYGR5S1moRlVviuZ6uiwQ,https://www.dulux.com.au/stores/dulux-trade-centre-craigieburn/?utm_source=gbp&utm_medium=organic&utm_campaign=dulux-trade-centre-craigieburn,Craigieburn.dtc@dulux.com.au,+61 3 9305 7528,-37.6153941,144.9464976,False,7 AM to 5 PM,7 AM to 5 PM,7 AM to 5 PM,7 AM to 5 PM,7 AM to 5 PM,7 AM to 3 PM,Closed,False,True,True,False,False,59.0,3.9
Hospitality,Craigieburn Carpet Court,Flooring store,"Shop C 3/420 Craigieburn Rd, Craigieburn VIC 3064, Australia",Craigieburn,https://www.google.com/maps/search/?api=1&query=Craigieburn%20Carpet%20Court&query_place_id=ChIJpdKsL-lR1moR2KUR8KWnmW4,https://www.carpetcourt.com.au/stores/melbourne/craigieburn?utm_source=google&utm_medium=organic&utm_campaign=Google%20My%20Business%20Page,southmelbourne@carpetcourt.com.au,+61 404 571 009,-37.5920634,144.9095195,False,9 AM to 5 PM,9 AM to 5 PM,9 AM to 5 PM,9 AM to 5 PM,9 AM to 5 PM,10 AM to 3 PM,11 AM to 2 PM,False,True,True,False,False,59.0,4.5
Hospitality,Sultan's Restaurant,Halal restaurant,"66C Major Rd, Fawkner VIC 3060, Australia",Fawkner,https://www.google.com/maps/search/?api=1&query=Sultan's%20Restaurant&query_place_id=ChIJGaNS0zBF1moRCwDho46_RXk,https://www.facebook.com/SultansFawkner.Official,,+61 3 9357 2735,-37.7073777,144.9698143,False,4:30 PM to 3 AM,4:30 PM to 3 AM,4:30 PM to 3 AM,4:30 PM to 3 AM,4:30 PM to 3 AM,4:30 PM to 3 AM,Closed,False,True,True,False,True,939.0,3.9
Hospitality,Aintree Food & Wine Co,Restaurant,"Fields St, Rockbank VIC 3335, Australia",Rockbank,https://www.google.com/maps/search/?api=1&query=Aintree%20Food%20%26%20Wine%20Co&query_place_id=ChIJxdMs-znz1moRrHHE0Wo6uXA,https://www.aintreefoodandwineco.com/,hello@aintreefoodandwineco.com,+61 420 228 990,-37.721775,144.6704406,False,11:30 AM to 8:30 PM,11:30 AM to 9 PM,11:30 AM to 9 PM,11:30 AM to 9 PM,11:30 AM to 9 PM,8 AM to 10 PM,8 AM to 8:30 PM,False,True,True,True,True,446.0,4.3
Hospitality,Grupo Cultural E Folclorico Sol de Portugal,Restaurant,"Unit 6/15 Brex Ct, Reservoir VIC 3073, Australia",Reservoir,https://www.google.com/maps/search/?api=1&query=Grupo%20Cultural%20E%20Folclorico%20Sol%20de%20Portugal&query_place_id=ChIJa8FDoz9F1moRtfCvk1q21e4,,,+61 3 8413 0739,-37.70797,144.981094,False,Closed,Closed,Closed,Closed,Closed,6 PM to 12 AM,Closed,False,True,True,True,True,16.0,4.6
Hospitality,Maniac Kitchen,Takeout Restaurant,"743 Pascoe Vale Rd, Glenroy VIC 3046, Australia",Glenroy,https://www.google.com/maps/search/?api=1&query=Maniac%20Kitchen&query_place_id=ChIJg_Ba2aRb1moRKGnT8y-DGOE,,,+61 478 152 299,-37.7064533,144.9158635,False,Closed,5 to 10 PM,5 to 10 PM,5 to 10 PM,5 to 10 PM,5 to 10 PM,5 to 10 PM,False,False,False,False,False,73.0,4.9
Hospitality,Brothers Foodies ( Kebab and Burger),Kebab shop,"946-948 Sydney Rd, Coburg North VIC 3058, Australia",Coburg North,https://www.google.com/maps/search/?api=1&query=Brothers%20Foodies%20(%20Kebab%20and%20Burger)&query_place_id=ChIJuzoFCsVF1moRrWDUgXMVv-g,https://brothers-foodies-kebab-and-burger-coburg-north.nextorder.com/,brothersfoodies@outlook.com,+61 469 291 756,-37.7239034,144.9638389,False,5:30 PM to 2 AM,5:30 PM to 2 AM,5:30 PM to 2 AM,5:30 PM to 12:30 AM,5:30 PM to 2 AM,5:30 PM to 2 AM,5:30 PM to 12 AM,False,False,False,False,False,96.0,4.8
Hospitality,JAX Tyres & Auto Craigieburn,Tire shop,"The Base, Bldg E/650 Hume Hwy, Craigieburn VIC 3064, Australia",Craigieburn,https://www.google.com/maps/search/?api=1&query=JAX%20Tyres%20%26%20Auto%20Craigieburn&query_place_id=ChIJHW80b6FT1moR77uvnRQ9nK4,https://www.jaxtyres.com.au/tyre-stores/vic/craigieburn?utm_source=google&utm_medium=organic&utm_campaign=GMB&utm_content=Craigieburn&utm_term=plcid_8733909162323301107,headoffice@jax.com.au,+61 3 7302 1600,-37.5868212,144.9424727,False,8 AM to 5 PM,8 AM to 5 PM,8 AM to 5 PM,8 AM to 5 PM,8 AM to 5 PM,8 AM to 12 PM,Closed,False,True,True,False,False,275.0,4.4
Hospitality,Nuno's Southern Hospitality,Cafe,"Civic Reserve, Peninsula Regional Gallery, Dunns Rd, Mornington VIC 3931, Australia",Mornington,https://www.google.com/maps/search/?api=1&query=Nuno's%20Southern%20Hospitality&query_place_id=ChIJkboj8lfd1WoRM8Vt4j8-D70,https://www.instagram.com/nunos_southern_hospitality/,,+61 417 190 641,-38.2361255,145.051397,False,Closed,Closed,Closed,7:30 AM to 3 PM,7:30 AM to 3 PM,7:30 AM to 3 PM,7:30 AM to 3 PM,False,True,True,False,False,11.0,5.0
Hospitality,The Pantry House,Cafe,"210 Dunns Rd, Mornington VIC 3931, Australia",Mornington,https://www.google.com/maps/search/?api=1&query=The%20Pantry%20House&query_place_id=ChIJKa_XaPbb1WoRhCmZaWK7luY,,,+61 3 5973 4094,-38.245655,145.0477837,False,5:30 AM to 5 PM,5:30 AM to 5 PM,5:30 AM to 5 PM,5:30 AM to 5 PM,5:30 AM to 6 PM,6 AM to 5 PM,6 AM to 4 PM,False,True,True,False,True,155.0,4.4
Hospitality,Via Battisti,Cafe,"26 Lochiel Ave, Mount Martha VIC 3934, Australia",Mount Martha,https://www.google.com/maps/search/?api=1&query=Via%20Battisti&query_place_id=ChIJa3xE1QTb1WoRabii5w7k7rg,http://www.viabattisti.com/,,+61 3 5974 4999,-38.267458,145.013459,False,6:30 AM to 3 PM,6:30 AM to 3 PM,6:30 AM to 3 PM,6:30 AM to 3 PM,6:30 AM to 3 PM,6:30 AM to 3 PM,6:30 AM to 3 PM,False,True,True,False,True,391.0,4.5
Hospitality,Greyfoxx Venues & Restaurant,Restaurant,"Nepean Hwy, Mount Eliza VIC 3930, Australia",Mount Eliza,https://www.google.com/maps/search/?api=1&query=Greyfoxx%20Venues%20%26%20Restaurant&query_place_id=ChIJZ-TnesPe1WoRqWUXZ5F2qYQ,https://tqk7dwh9eq.c37.airoapp.ai/,,+61 421 744 812,-38.212995,145.066435,False,Closed,Closed,4 to 10 PM,4 to 10 PM,4 to 10 PM,4 to 10 PM,4 to 10 PM,False,True,True,True,True,68.0,4.8
Hospitality,Nelly Shaw | The Submission Writer,Marketing consultant,"20 Beverley Rd, McCrae VIC 3938, Australia",McCrae,https://www.google.com/maps/search/?api=1&query=Nelly%20Shaw%20%7C%20The%20Submission%20Writer&query_place_id=ChIJz2CI3M_I1WoR3Ev39bvzIuY,https://thesubmissionwriter.com.au/,,+61 409 564 154,-38.3502035,144.9309665,False,,,,,,,,False,False,True,False,False,1.0,5.0
Hospitality,Indian Villa Dromana,Family restaurant,"179 Point Nepean Rd, Dromana VIC 3936, Australia",Dromana,https://www.google.com/maps/search/?api=1&query=Indian%20Villa%20Dromana&query_place_id=ChIJVZ5AaC7F1WoRFWb_-G5ln18,https://www.indianvilladromana.com.au/,,+61 3 5986 1001,-38.3319286,144.9668841,False,4 to 9 PM,4 to 9 PM,4 to 9 PM,4 to 9 PM,4 to 9:30 PM,4 to 9:30 PM,4 to 9 PM,False,True,True,False,False,351.0,4.7
Hospitality,Thaali - Indian Restaurant (Contemporary Indian Cuisine),Indian restaurant,"Central Park square, Shop 2, Unit 1/9 Mareeba Way, Craigieburn VIC 3064, Australia",Craigieburn,https://www.google.com/maps/search/?api=1&query=Thaali%20-%20Indian%20Restaurant%20(Contemporary%20Indian%20Cuisine)&query_place_id=ChIJnzQIPLdT1moRKVUZirP_zMA,https://www.thaali.com.au/,Fairfieldthaali2025@gmail.com,+61 430 042 860,-37.5833735,144.9197272,False,5 to 11 PM,5 to 11 PM,5 to 11 PM,5 to 11 PM,5 PM to 12 AM,5 PM to 12 AM,5 to 11 PM,False,True,True,False,False,684.0,4.6
Hospitality,NVN HAIRDRESSING,Hairdresser,"35 RECREATION ST ROXBURGH PARK VIC 3064, Roxburgh Park VIC 3046, Australia",Roxburgh Park,https://www.google.com/maps/search/?api=1&query=NVN%20HAIRDRESSING&query_place_id=ChIJeQW0J3lR1moRr00erlJ6UeU,https://instagram.com/nvn.hairdresser?igshid=OTk0YzhjMDVlZA==,,+61 491 965 359,-37.6226406,144.9196239,False,9 AM to 8 PM,9 AM to 8 PM,9 AM to 8 PM,9 AM to 8 PM,9 AM to 8 PM,9 AM to 8 PM,Closed,False,False,False,False,False,21.0,5.0
Hospitality,Frog Hollow Kitchen,Culinary school,"120 Roberts Rd, Main Ridge VIC 3928, Australia",Main Ridge,https://www.google.com/maps/search/?api=1&query=Frog%20Hollow%20Kitchen&query_place_id=ChIJn76uISXH1WoRIotty4JOrIo,https://froghollowkitchen.com.au/,,,-38.4008733,144.9842677,False,,,,,,,,False,False,True,False,False,41.0,5.0
Hospitality,RACV Cape Schanck Resort,Resort hotel,"Trent Jones Dr, Cape Schanck VIC 3939, Australia",Cape Schanck,https://www.google.com/maps/search/?api=1&query=RACV%20Cape%20Schanck%20Resort&query_place_id=ChIJoQH71eq21WoRIQ7kw5i7bVk,https://www.racv.com.au/travel-experiences/resorts/cape-schanck.html?cmpid=gmb:csr,,+61 3 5950 8000,-38.4617997,144.8930945,False,,,,,,,,False,False,False,False,False,2680.0,4.6
Hospitality,Flinders Hotel,Pub,"23 Cook St, Flinders VIC 3929, Australia",Flinders,https://www.google.com/maps/search/?api=1&query=Flinders%20Hotel&query_place_id=ChIJgyRPmeW41WoRXtfCpUS8yzc,http://flindershotel.com.au/,info@flindershotel.com.au,+61 3 5534 8019,-38.474474,145.0194031,False,12 to 9 PM,12 to 9 PM,12 to 9 PM,12 to 9 PM,12 to 11 PM,12 to 11 PM,12 to 9 PM,False,True,True,True,False,1290.0,4.5
Hospitality,Point Leo General Store (Leo's Burger Bar),Takeout Restaurant,"14 Point Leo Rd, Point Leo VIC 3916, Australia",Point Leo,https://www.google.com/maps/search/?api=1&query=Point%20Leo%20General%20Store%20(Leo's%20Burger%20Bar)&query_place_id=ChIJn0W_GBfB1WoRP0feNTyCuIc,,,+61 3 5989 8112,-38.4163819,145.075551,False,Closed,Closed,7:30 AM to 2 PM,7:30 AM to 2 PM,7:30 AM to 7 PM,7:30 AM to 2 PM,7:30 AM to 2 PM,False,False,False,False,False,57.0,4.2
Hospitality,Thanks4Booking Pty,Travel agency,"Unit 2/1727 Point Nepean Rd, Capel Sound VIC 3940, Australia",Capel Sound,https://www.google.com/maps/search/?api=1&query=Thanks4Booking%20Pty&query_place_id=ChIJ_8pQL1jL1WoRYPPguqbjLmY,,,,-38.365906,144.868759,False,,,,,,,,False,False,True,False,False,,
Hospitality,George's Boutique Hotel & Culinary Retreat,Hotel,"776 Arthurs Seat Rd, Arthurs Seat VIC 3936, Australia",Arthurs Seat,https://www.google.com/maps/search/?api=1&query=George's%20Boutique%20Hotel%20%26%20Culinary%20Retreat&query_place_id=ChIJMcvn163I1WoRfC72jRIPlTc,https://www.georgesonarthurs.com.au/,info@georgesonarthurs.com.au,+61 3 5981 8700,-38.353349,144.952311,False,,,,,,,,False,False,False,False,False,83.0,4.4
Hospitality,Martha's Table,Mediterranean restaurant,"5 Waterfront Pl, Safety Beach VIC 3936, Australia",Safety Beach,https://www.google.com/maps/search/?api=1&query=Martha's%20Table&query_place_id=ChIJJ1GqVJnF1WoRIrMMaiKWXk8,https://www.marthastable.com.au/,,+61 3 9617 5377,-38.3062322,145.0070268,False,8 AM to 3 PM,8 AM to 3 PM,8 AM to 9 PM,8 AM to 3 PM,8 AM to 9 PM,8 AM to 9 PM,8 AM to 5 PM,False,True,True,True,True,722.0,4.0
Hospitality,The Springs Holiday Home,Holiday home,"10 Panorama Dr, Tootgarook VIC 3941, Australia",Tootgarook,https://www.google.com/maps/search/?api=1&query=The%20Springs%20Holiday%20Home&query_place_id=ChIJdXltK8XL1WoRALeBqZG5CRI,https://www.peninsulaholidayrentals.com.au/nb_accommodation/the-springs/,flags@2x.webp,+61 3 5984 2666,-38.3804238,144.8497247,False,,,,,,,,False,False,False,False,False,18.0,5.0
Hospitality,Squires Loft Mornington,Steak house,"104 Main St, Mornington VIC 3931, Australia",Mornington,https://www.google.com/maps/search/?api=1&query=Squires%20Loft%20Mornington&query_place_id=ChIJYZn58k_Z1WoRtuEu9zrzvzM,http://squiresloftmornington.com.au/,,+61 3 5976 8482,-38.2193561,145.0389485,False,Closed,5:30 to 10 PM,5:30 to 10 PM,5:30 to 10 PM,5:30 to 11 PM,"12 to 3 PM, 5:30 to 11 PM","12 to 3 PM, 5:30 to 10 PM",False,True,True,True,True,1192.0,4.6
Hospitality,The Dining Room,Restaurant,"142 Arthurs Seat Rd, Red Hill VIC 3937, Australia",Red Hill,https://www.google.com/maps/search/?api=1&query=The%20Dining%20Room&query_place_id=ChIJ55iKzCfE1WoRtTpQ3UvLI1c,https://www.thediningroomredhill.com.au/,,+61 3 5989 2933,-38.3679644,145.017415,False,6 to 9 PM,Closed,Closed,6 to 11 PM,"12 to 3 PM, 6 to 11 PM","12 to 3 PM, 6 to 11 PM",12 to 3 PM,False,True,True,True,True,156.0,4.6
Hospitality,The Continental Sorrento,Hotel,"1/21 Ocean Beach Rd, Sorrento VIC 3943, Australia",Sorrento,https://www.google.com/maps/search/?api=1&query=The%20Continental%20Sorrento&query_place_id=ChIJNcLeZf011GoRwGWRz5Q9tVI,https://thecontinentalsorrento.com.au/,,+61 3 5935 1200,-38.339329,144.741425,False,,,,,,,,False,True,True,True,True,1341.0,3.8
Hospitality,InterContinental Sorrento Mornington Peninsula by IHG,Hotel,"23 Constitution Hill Rd, Sorrento VIC 3943, Australia",Sorrento,https://www.google.com/maps/search/?api=1&query=InterContinental%20Sorrento%20Mornington%20Peninsula%20by%20IHG&query_place_id=ChIJ26Hyjpg11GoRtmqYeiJkRp4,https://www.ihg.com/intercontinental/hotels/us/en/sorrento/melst/hoteldetail?cm_mmc=GoogleMaps-_-IC-_-AU-_-MELST,reservations.icsorrento@ihg.com,+61 3 5935 1234,-38.339581,144.741705,False,,,,,,,,False,False,False,False,False,530.0,3.8
Hospitality,White Top,Event planner,"39 Ocean Beach Rd, Sorrento VIC 3943, Australia",Sorrento,https://www.google.com/maps/search/?api=1&query=White%20Top&query_place_id=ChIJ9WlUYpi9GGsRPUBYTy2nhTs,https://whitetop.au/,info@whitetop.au,+61 419 510 031,-38.3393537,144.740665,False,10 AM to 4 PM,10 AM to 4 PM,10 AM to 4 PM,10 AM to 4 PM,10 AM to 4 PM,Closed,Closed,False,False,True,False,False,13.0,5.0
Hospitality,Pier Street Kitchen,Cafe,"19 Pier St, Dromana VIC 3936, Australia",Dromana,https://www.google.com/maps/search/?api=1&query=Pier%20Street%20Kitchen&query_place_id=ChIJtw2Tb4vF1WoR2js1iUjlQe8,https://pier-street-kitchen-dromana.nextorder.com/,info@pierstreetkitchen.com.au,+61 3 5981 4666,-38.3331331,144.9660342,False,7 AM to 3 PM,7 AM to 3 PM,7 AM to 3 PM,7 AM to 3 PM,7 AM to 3 PM,8 AM to 3 PM,8 AM to 3 PM,False,True,True,False,True,562.0,4.4
Hospitality,Pilgrim Dining,Restaurant,"277 Point Nepean Rd, Dromana VIC 3936, Australia",Dromana,https://www.google.com/maps/search/?api=1&query=Pilgrim%20Dining&query_place_id=ChIJFVyhcl3F1WoRq8HW-V88c64,https://www.pilgrimdining.com/,info@pilgrimdining.com,+61 3 5903 3201,-38.3336419,144.9632867,False,Closed,Closed,8 AM to 3 PM,8 AM to 9 PM,8 AM to 9 PM,8 AM to 9 PM,8 AM to 3 PM,False,True,True,False,True,214.0,4.8
Hospitality,"JimmyRum Distillery, Bar & Restaurant",Distillery,"6 Brasser Ave, Dromana VIC 3936, Australia",Dromana,https://www.google.com/maps/search/?api=1&query=JimmyRum%20Distillery%2C%20Bar%20%26%20Restaurant&query_place_id=ChIJywDfZaPF1WoRRBIlZ6k3xps,http://www.jimmyrum.com.au/,info@jimmyrum.com.au,+61 3 5987 3338,-38.3317845,144.9882108,False,Closed,10 AM to 5 PM,10 AM to 5 PM,12 to 8:30 PM,12 to 8:30 PM,12 to 8:30 PM,12 to 5 PM,False,True,True,True,True,401.0,4.8
Hospitality,All Smiles - Sorrento Ocean Beach Wedding Venue,Wedding venue,"250 Ocean Beach Rd, Sorrento VIC 3943, Australia",Sorrento,https://www.google.com/maps/search/?api=1&query=All%20Smiles%20-%20Sorrento%20Ocean%20Beach%20Wedding%20Venue&query_place_id=ChIJh3QUJIg11GoRoV_0_JihUYg,https://allsmiles.com.au/mornington-peninsula/beach-wedding-venue-sorrento/,michelle@allsmiles.com.au,+61 459 178 780,-38.3458762,144.7280324,False,10 AM to 3 PM,10 AM to 3 PM,Closed,10 AM to 3 PM,10 AM to 3 PM,10 AM to 3 PM,10 AM to 3 PM,False,True,True,True,False,528.0,4.6
Hospitality,The Baths Sorrento,Restaurant,"3278 Point Nepean Rd, Sorrento VIC 3943, Australia",Sorrento,https://www.google.com/maps/search/?api=1&query=The%20Baths%20Sorrento&query_place_id=ChIJg6f77nY11GoRQFD-wY3KBjU,http://thebaths.com.au/,605a7baede844d278b89dc95ae0a9123@sentry-next.wixpress.com,+61 3 5984 1500,-38.3394662,144.7451574,False,,,,,,,,False,True,True,True,True,1088.0,4.1
Hospitality,Netra Hospitality,Packaging company,"1 Duigan Dr, Moorabbin Airport VIC 3194, Australia",Moorabbin Airport,https://www.google.com/maps/search/?api=1&query=Netra%20Hospitality&query_place_id=ChIJOy61Peht1moRQL-g3bp0pD8,http://www.netra.com.au/,,+61 3 9587 9200,-37.9845518,145.0956721,False,8 AM to 4:30 PM,8 AM to 4:30 PM,8 AM to 4:30 PM,8 AM to 4:30 PM,8 AM to 4:30 PM,Closed,Closed,False,True,True,False,False,119.0,5.0
Hospitality,Hospitality Disposables,Wholesaler,"112 Boundary Rd, Braeside VIC 3195, Australia",Braeside,https://www.google.com/maps/search/?api=1&query=Hospitality%20Disposables&query_place_id=ChIJUVOZHwBt1moReMtQgVcSz_Q,http://www.hospitalitydisposables.com.au/,accounts@hospitalitydisposables.com.au,+61 401 428 023,-38.0046802,145.1067646,False,8:30 AM to 4 PM,8:30 AM to 4 PM,8:30 AM to 4 PM,8:30 AM to 4 PM,8:30 AM to 4 PM,Closed,Closed,False,False,True,False,False,,
Hospitality,Gemini Catering Equipment,Restaurant supply store,"84 Bardia Ave, Seaford VIC 3198, Australia",Seaford,https://www.google.com/maps/search/?api=1&query=Gemini%20Catering%20Equipment&query_place_id=ChIJm8Li0gcU1moR6vXT-wRJ2-E,http://www.geminicateringequipment.com.au/,,+61 3 9799 4799,-38.1182714,145.1353587,False,Closed,10 AM to 3 PM,10 AM to 3 PM,10 AM to 3 PM,Closed,Closed,Closed,False,True,True,False,False,40.0,4.1
Hospitality,Funktion Australia Pty Ltd,Custom label printer,"29/107 Wells Rd, Chelsea Heights VIC 3196, Australia",Chelsea Heights,https://www.google.com/maps/search/?api=1&query=Funktion%20Australia%20Pty%20Ltd&query_place_id=ChIJ5Xb36w1s1moR1PGAoUvtpxc,http://www.funktioncoding.com.au/,sales@funktionaustralia.com.au,+61 1300 386 584,-38.0337934,145.1369919,False,8:30 AM to 4:30 PM,8:30 AM to 4:30 PM,8:30 AM to 4:30 PM,8:30 AM to 4:30 PM,8:30 AM to 4:30 PM,Closed,Closed,False,True,True,False,False,23.0,4.5
Hospitality,küche,Cafe,"19 S Concourse, Beaumaris VIC 3193, Australia",Beaumaris,https://www.google.com/maps/search/?api=1&query=k%C3%BCche&query_place_id=ChIJrRXxNRNu1moRbOLbGjgacMg,http://www.kuche.com.au/,info@kuche.com.au,+61 3 9589 0900,-37.9863343,145.0342203,False,9 AM to 6 PM,9 AM to 6 PM,9 AM to 6 PM,9 AM to 6 PM,9 AM to 6 PM,9 AM to 2 PM,Closed,False,True,True,False,False,36.0,4.9
Hospitality,Strand Hospitality Furniture - Warehouse,Furniture wholesaler,"11A Cambria Rd, Keysborough VIC 3173, Australia",Keysborough,https://www.google.com/maps/search/?api=1&query=Strand%20Hospitality%20Furniture%20-%20Warehouse&query_place_id=ChIJ327ZSZsT1moRdVCclymRTok,https://strand.furniture/contact/,,+61 3 9421 4717,-37.9920279,145.1886275,False,,,,,,,,False,False,True,False,False,,
Hospitality,Funktion Hospitality Supplies,Restaurant supply store,"63 Waterview Cl, Dandenong South VIC 3175, Australia",Dandenong South,https://www.google.com/maps/search/?api=1&query=Funktion%20Hospitality%20Supplies&query_place_id=ChIJuQrosalt1moRjEIqbgcqx1s,https://funktionhospitality.com/,,+61 1300 677 175,-38.0197028,145.2449005,False,9 AM to 5 PM,9 AM to 5 PM,9 AM to 5 PM,9 AM to 5 PM,9 AM to 5 PM,Closed,Closed,False,True,True,False,False,,
Hospitality,Lahori buzz,Hospitality high school,"56 Lonsdale St, Dandenong VIC 3175, Australia",Dandenong,https://www.google.com/maps/search/?api=1&query=Lahori%20buzz&query_place_id=ChIJZy72v3sT1moREybYCelCiiE,http://lahoribuzz.com.au/,,+61 497 931 756,-37.9975998,145.2208178,False,5 to 11 PM,12 to 11 PM,12 to 11 PM,12 to 11 PM,12 PM to 1 AM,12 PM to 1 AM,12 PM to 12 AM,False,False,False,False,False,21.0,4.9
Hospitality,Chairforce,Restaurant supply store,"Warehouse 4/95 S Gippsland Hwy, Dandenong South VIC 3175, Australia",Dandenong South,https://www.google.com/maps/search/?api=1&query=Chairforce&query_place_id=ChIJ5we-TOIU1moRqBeTvKlxYfQ,https://chairforce.com.au/,,+61 3 9040 1500,-38.0086524,145.2298676,False,9 AM to 5 PM,9 AM to 5 PM,9 AM to 5 PM,9 AM to 5 PM,9 AM to 5 PM,Closed,Closed,False,True,True,False,False,106.0,4.9
Hospitality,Green Line Interiors - Hospitality & Gaming Furniture Melbourne,Furniture wholesaler,"Unit 9/35-41 Westpool Dr, Hallam VIC 3803, Australia",Hallam,https://www.google.com/maps/search/?api=1&query=Green%20Line%20Interiors%20-%20Hospitality%20%26%20Gaming%20Furniture%20Melbourne&query_place_id=ChIJkbMM2XER1moRl4mMUGFMCp0,https://greenlineinteriors.com.au/?utm_source=GMB_Listing&utm_medium=organic&utm_campaign=GMB_Organic,sales@greenlineinteriors.com.au,+61 3 8753 4323,-38.0118819,145.2628441,False,9 AM to 4 PM,9 AM to 4 PM,9 AM to 4 PM,9 AM to 4 PM,9 AM to 4 PM,Closed,Closed,False,False,True,False,False,2.0,5.0
Hospitality,Arbab Traditional Restaurant سفره خانه سنتی ارباب,Persian restaurant,"181-183 Lonsdale St, Dandenong VIC 3175, Australia",Dandenong,https://www.google.com/maps/search/?api=1&query=Arbab%20Traditional%20Restaurant%20%D8%B3%D9%81%D8%B1%D9%87%20%D8%AE%D8%A7%D9%86%D9%87%20%D8%B3%D9%86%D8%AA%DB%8C%20%D8%A7%D8%B1%D8%A8%D8%A7%D8%A8&query_place_id=ChIJARLrf9QV1moRtJS1giug_BA,https://www.arbab-au.com/restaurant,restaurant@arbab-au.com,+61 3 8710 0500,-37.989689,145.214114,False,Closed,4 to 10 PM,4 to 10 PM,4 to 10 PM,12 to 11 PM,12 to 11 PM,12 to 11 PM,False,True,False,True,True,153.0,4.8
Hospitality,Hungry Caterpillar Cafe,Takeout Restaurant,"25/27 Cambria Rd, Keysborough VIC 3173, Australia",Keysborough,https://www.google.com/maps/search/?api=1&query=Hungry%20Caterpillar%20Cafe&query_place_id=ChIJCUwTwIQT1moRZm0r-LPFNuo,,,+61 3 9769 1120,-37.99058,145.188703,False,5:30 AM to 3 PM,5:30 AM to 3 PM,5:30 AM to 3 PM,5:30 AM to 3 PM,5:30 AM to 3 PM,Closed,Closed,False,False,False,False,False,59.0,4.4
Hospitality,Novid Hospitality Traders,Kitchen supply store,"4/196/198 Princes Hwy, Dandenong VIC 3175, Australia",Dandenong,https://www.google.com/maps/search/?api=1&query=Novid%20Hospitality%20Traders&query_place_id=ChIJYQa-fmsU1moRajL4UKu1vAE,,,+61 1300 551 928,-37.9721691,145.2017034,False,,,,,,,,False,False,True,False,False,3.0,2.3
Hospitality,Handi Kitchen,Pakistani restaurant,"113 Foster St, Dandenong VIC 3175, Australia",Dandenong,https://www.google.com/maps/search/?api=1&query=Handi%20Kitchen&query_place_id=ChIJaQiHPQgU1moRja4sgbzYffw,https://handikitchen.com.au/,,+61 3 8759 5593,-37.99008,145.21351,False,5 PM to 1 AM,5 PM to 1 AM,Closed,5 PM to 1 AM,5 PM to 1 AM,11:59 AM to 1 AM,11:59 AM to 1 AM,False,False,False,False,True,1327.0,4.4
Hospitality,Aveo Coral Mews - Hampton Park Retirement Village,Retirement community,"4-42 Coral Dr, Hampton Park VIC 3976, Australia",Hampton Park,https://www.google.com/maps/search/?api=1&query=Aveo%20Coral%20Mews%20-%20Hampton%20Park%20Retirement%20Village&query_place_id=ChIJP03YZx0R1moRUfmkvAd7oC4,https://www.aveo.com.au/retirement-villages/vic/melbourne/coral-mews/?utm_source=google&utm_medium=organic&utm_campaign=pc-ao_ct-gen_p3_srv-retv_ns-vic_gmb_reg-melb_seml_corm_nghb_cp-mtn_,,+61 3 9131 6224,-38.0364598,145.268482,False,9 AM to 3:30 PM,9 AM to 3:30 PM,9 AM to 3:30 PM,9 AM to 3:30 PM,9 AM to 3:30 PM,Closed,Closed,False,True,True,False,False,20.0,3.7
Hospitality,Grasp Social,Marketing agency,"45 Belrose Ave, Cheltenham VIC 3192, Australia",Cheltenham,https://www.google.com/maps/search/?api=1&query=Grasp%20Social&query_place_id=ChIJH2Zoh4Zp1moRgdJCErFNs6A,http://www.graspsocial.com.au/,,+61 488 677 100,-37.961459,145.0392288,False,Open 24 hours,Open 24 hours,Open 24 hours,Open 24 hours,Open 24 hours,Open 24 hours,Open 24 hours,False,False,False,False,False,12.0,5.0
Hospitality,Australian Pacific Training Solutions,Training center,"186/198 Boundary Rd, Braeside VIC 3195, Australia",Braeside,https://www.google.com/maps/search/?api=1&query=Australian%20Pacific%20Training%20Solutions&query_place_id=ChIJmXs9aKFu1moRUcYEoWQ5yns,https://www.auspactraining.com.au/,info@auspactraining.com.au,+61 1300 325 001,-37.9954947,145.1068495,False,9 AM to 5 PM,9 AM to 5 PM,9 AM to 5 PM,9 AM to 5 PM,9 AM to 5 PM,Closed,Closed,False,True,True,False,False,439.0,5.0
Hospitality,Afghan Hayat Restaurant,Afghan restaurant,"23/29 Walker St, Dandenong VIC 3175, Australia",Dandenong,https://www.google.com/maps/search/?api=1&query=Afghan%20Hayat%20Restaurant&query_place_id=ChIJQ9hSrAkU1moRYsmMbfjyFbI,http://afghanhayatrestaurant.com.au/,,+61 3 9793 9981,-37.9880089,145.2119189,False,Closed,5 to 10 PM,5 to 10 PM,12 to 10 PM,12 to 10:30 PM,12 to 10:30 PM,12 to 10 PM,False,True,True,False,True,2246.0,4.6
Hospitality,Sandwich Chefs - Dandenong,Sandwich shop,"L02, Dandenong Plaza Shopping Centre, Shop 235/23 McCrae St, Dandenong VIC 3175, Australia",Dandenong,https://www.google.com/maps/search/?api=1&query=Sandwich%20Chefs%20-%20Dandenong&query_place_id=ChIJJcWEOwQU1moRF-X6KqNN6zs,http://www.sandwichchefs.com.au/,,+61 415 200 107,-37.9868414,145.217757,False,8 AM to 7:30 PM,8 AM to 7:30 PM,8 AM to 7:30 PM,8 AM to 9:30 PM,8 AM to 9:30 PM,8 AM to 8:30 PM,8 AM to 6:30 PM,False,True,True,False,False,93.0,3.1
Hospitality,Courtney Signs,Medical supply store,"1-3 Edison Rd, Dandenong South VIC 3175, Australia",Dandenong South,https://www.google.com/maps/search/?api=1&query=Courtney%20Signs&query_place_id=ChIJq6rqQyQS1moRTxi2O9YKbfU,http://courtneysigns.com.au/,,,-38.0423659,145.2185846,False,,,,,,,,False,True,True,False,False,3.0,3.7
Hospitality,BWS Thrift Park,Liquor store,"Shop 1/171 Nepean Hwy, Mentone VIC 3194, Australia",Mentone,https://www.google.com/maps/search/?api=1&query=BWS%20Thrift%20Park&query_place_id=ChIJwTbZZLNt1moRj0lB8AeI4ek,https://bws.com.au/storelocator/VIC-Thrift-Park-3661,,+61 3 8551 8713,-37.9840012,145.0771335,False,9 AM to 10 PM,9 AM to 10 PM,9 AM to 10 PM,9 AM to 10 PM,9 AM to 10 PM,9 AM to 10 PM,10 AM to 8 PM,False,True,True,False,False,67.0,3.8
Hospitality,Meat Flour Wine Braeside,Italian restaurant,"248 Boundary Rd, Braeside VIC 3195, Australia",Braeside,https://www.google.com/maps/search/?api=1&query=Meat%20Flour%20Wine%20Braeside&query_place_id=ChIJTyOfW-Js1moRLMdoStv4fGM,http://www.meatflourwine.com.au/,,+61 3 9580 2000,-37.9908333,145.1077778,False,,,,,,,,False,True,True,True,True,1617.0,4.4
Hospitality,Butter Chicken Factory -SA,Indian restaurant,"8/2-8 Northey Rd, Lynbrook VIC 3975, Australia",Lynbrook,https://www.google.com/maps/search/?api=1&query=Butter%20Chicken%20Factory%20-SA&query_place_id=ChIJF3nTWKgR1moR_TsAiZuzFss,https://www.bcfrestaurant.com.au/,hi@mystore.com,+61 403 933 290,-38.0447836,145.2528642,False,5 to 9:30 PM,5 to 10 PM,5 to 10 PM,5 to 10 PM,11 AM to 11 PM,11 AM to 11 PM,11 AM to 10 PM,False,False,True,False,False,370.0,4.4
Hospitality,Jim's Energy,Solar energy system service,"54 Sanoma Dr, Skye VIC 3977, Australia",Skye,https://www.google.com/maps/search/?api=1&query=Jim's%20Energy&query_place_id=ChIJ_fficZUN1moRwceJnmTseWg,https://jimsenergy.com.au/,,+61 131546,-38.1234086,145.1937049,False,8 AM to 8 PM,8 AM to 8 PM,8 AM to 8 PM,8 AM to 8 PM,8 AM to 8 PM,8 AM to 8 PM,8 AM to 8 PM,False,False,True,False,False,1.0,5.0
Hospitality,Bob Jane T-Marts Frankston,Tire shop,"2-4 Dandenong Road West, Beach St, Frankston VIC 3199, Australia",Frankston,https://www.google.com/maps/search/?api=1&query=Bob%20Jane%20T-Marts%20Frankston&query_place_id=ChIJyz_zgtB01moR8qAGQEQnDOc,https://www.bobjane.com.au/pages/frankston-t-marts,,+61 3 9781 2477,-38.1409386,145.1263021,False,8 AM to 5:30 PM,8 AM to 5:30 PM,8 AM to 5:30 PM,8 AM to 5:30 PM,8 AM to 5:30 PM,8 AM to 4 PM,Closed,False,True,True,False,False,695.0,4.7
Hospitality,24 Spices Indian Restaurant - Cranbourne,Indian restaurant,"21 Strathlea Dr, Cranbourne West VIC 3977, Australia",Cranbourne West,https://www.google.com/maps/search/?api=1&query=24%20Spices%20Indian%20Restaurant%20-%20Cranbourne&query_place_id=ChIJuebE_FwO1moRi1nIDk4kA6E,https://24spicesindianrestaurants.com.au/,himan@pxdmail.net,+61 3 8790 2713,-38.1077754,145.2510043,False,11 AM to 11 PM,11 AM to 11 PM,11 AM to 11 PM,11 AM to 11 PM,11 AM to 2 AM,11 AM to 2 AM,11 AM to 11 PM,False,True,True,True,True,293.0,4.7
Hospitality,Bellagio Receptions Epping,Wedding venue,"15 Yale Dr, Epping VIC 3076, Australia",Epping,https://www.google.com/maps/search/?api=1&query=Bellagio%20Receptions%20Epping&query_place_id=ChIJK1lvI_FO1moRGybrGFYb6Dc,https://bellagioreceptionsepping.com.au/,info@bellagioreceptionsepping.com.au,+61 3 9408 5991,-37.6484689,145.0117146,False,9 AM to 5 PM,9 AM to 5 PM,9 AM to 5 PM,9 AM to 5 PM,9 AM to 5 PM,9 AM to 5 PM,9 AM to 5 PM,False,True,True,True,False,212.0,4.4
Hospitality,The Manor on High,Wedding venue,"519 High St, Epping VIC 3076, Australia",Epping,https://www.google.com/maps/search/?api=1&query=The%20Manor%20on%20High&query_place_id=ChIJhUhuhORO1moRaoVwo6mLwbA,https://www.manoronhigh.com.au/?utm_source=gbp&utm_medium=organic&utm_campaign=gbp_listing,,+61 3 9401 3111,-37.6576846,145.0189774,False,10 AM to 5 PM,10 AM to 5 PM,10 AM to 5 PM,10 AM to 5 PM,10 AM to 5 PM,10 AM to 12 AM,10 AM to 12 AM,False,True,True,True,False,574.0,4.4
Hospitality,Punjab Sweets And Dhaba | Pure Veg Indian Restaurant & Best Indian Sweet Shop in Epping VIC,Restaurant,"14 Miller St, Epping VIC 3076, Australia",Epping,https://www.google.com/maps/search/?api=1&query=Punjab%20Sweets%20And%20Dhaba%20%7C%20Pure%20Veg%20Indian%20Restaurant%20%26%20Best%20Indian%20Sweet%20Shop%20in%20Epping%20VIC&query_place_id=ChIJ9UnRbX1P1moRjV4WzNqS4Lc,,,+61 3 7300 6669,-37.6499726,145.0199459,False,9 AM to 9 PM,9 AM to 9 PM,9 AM to 9 PM,9 AM to 9 PM,9 AM to 9 PM,9 AM to 9 PM,9 AM to 9 PM,False,True,True,True,True,203.0,4.7
Hospitality,Swipers Gully Training Restaurant,Restaurant,"25 Eltham-Yarra Glen Rd, Kangaroo Ground VIC 3097, Australia",Kangaroo Ground,https://www.google.com/maps/search/?api=1&query=Swipers%20Gully%20Training%20Restaurant&query_place_id=ChIJt_JWBJQ21moRl11cVWipCvk,https://www.elthamcollege.vic.edu.au/hospitality-and-swipers-gully,eltham@elthamcollege.vic.edu.au,+61 3 9437 2222,-37.6996814,145.1989925,False,"8:30 AM to 12:30 PM, 6:30 to 9 PM","8:30 AM to 12:30 PM, 6:30 to 9 PM","8:30 AM to 12:30 PM, 6:30 to 9 PM","8:30 AM to 12:30 PM, 6:30 to 9 PM",8:30 AM to 12:30 PM,Closed,Closed,False,True,True,True,True,78.0,4.7
Hospitality,Araluen Lodge - Yarra Valley,Hotel,"603 Steels Creek Rd, Steels Creek VIC 3775, Australia",Steels Creek,https://www.google.com/maps/search/?api=1&query=Araluen%20Lodge%20-%20Yarra%20Valley&query_place_id=ChIJr5qzUjrT12oR6cdKEpUP9xQ,https://www.araluenlodge.com.au/,,+61 3 5965 2013,-37.596036,145.3724028,False,,,,,,,,False,False,False,False,False,100.0,4.8
Hospitality,Lang Lang Hotel,Hotel,"190 Westernport Rd, Lang Lang VIC 3984, Australia",Lang Lang,https://www.google.com/maps/search/?api=1&query=Lang%20Lang%20Hotel&query_place_id=ChIJic6bNaP-KWsR_T_MvG-mwp0,,,,-38.266051,145.5614877,False,,,,,,,,False,False,False,False,False,53.0,4.3
Hospitality,Alwyn Retreat,Hotel,"15 Alwyn St, Rye VIC 3941, Australia",Rye,https://www.google.com/maps/search/?api=1&query=Alwyn%20Retreat&query_place_id=ChIJ0XN5RCO11WoRWEXR3lmvvKM,https://linktr.ee/alwynretreat,,,-38.395339,144.812882,False,,,,,,,,False,False,False,False,False,8.0,5.0
Hospitality,Railway Hotel Bunyip,Pub,"14 Main St, Bunyip VIC 3815, Australia",Bunyip,https://www.google.com/maps/search/?api=1&query=Railway%20Hotel%20Bunyip&query_place_id=ChIJl_v9os7pKWsRhT1402D7IV4,http://www.railwayhotelbunyip.com/,raffmair@railwayhotelbunyip.com,+61 3 5629 5202,-38.0980733,145.7194217,False,12 to 9 PM,12 to 9 PM,12 to 10 PM,12 to 10 PM,12 to 11:30 PM,12 to 11:30 PM,12 to 9:30 PM,False,True,True,True,False,533.0,4.5
Hospitality,"Joyalukkas Jewellery Melbourne, Australia",Jewelry store,"Ground floor/237 Lonsdale St, Dandenong VIC 3175, Australia",Dandenong,https://www.google.com/maps/search/?api=1&query=Joyalukkas%20Jewellery%20Melbourne%2C%20Australia&query_place_id=ChIJxbft1bkV1moRBzS9Th0EFmg,https://stores.joyalukkas.com/au/city/melbourne/melbourne,,+61 3 7037 9916,-37.9879893,145.2137948,False,11 AM to 6 PM,11 AM to 6 PM,11 AM to 6 PM,11 AM to 7 PM,11 AM to 7 PM,11 AM to 7 PM,11 AM to 7 PM,False,True,True,False,False,415.0,4.8
Hospitality,Factorie,Clothing store,"Shop 2099/1239 Nepean Hwy, Cheltenham VIC 3192, Australia",Cheltenham,https://www.google.com/maps/search/?api=1&query=Factorie&query_place_id=ChIJu5HJQAFt1moRATerHICxfQs,https://factorie.com.au/?utm_source=google-store-profiles&utm_medium=organic&utm_campaign=google-store-FACT-AU&utm_id=google-store-3818-FACTORIE,,+61 2 4720 2800,-37.9582573,145.0548445,False,9 AM to 5:30 PM,9 AM to 5:30 PM,9 AM to 5:30 PM,9 AM to 9 PM,9 AM to 9 PM,9 AM to 5 PM,10 AM to 5 PM,False,True,True,False,False,18.0,4.3
Hospitality,Brothers Haveli Indian Restaurant,Restaurant,"13/15 Pultney St, Dandenong VIC 3175, Australia",Dandenong,https://www.google.com/maps/search/?api=1&query=Brothers%20Haveli%20Indian%20Restaurant&query_place_id=ChIJd5948kUV1moRpDbWHFBBUzg,https://brothershavelionline.com.au/,,+61 3 9792 2777,-37.9891222,145.2151953,False,4 to 11 PM,Closed,4 to 11 PM,4 to 11 PM,4 PM to 12 AM,11:30 AM to 12 AM,11:30 AM to 12 AM,False,True,True,True,True,905.0,3.9
Hospitality,Chola's Indian Restaurant,Indian restaurant,"Unit 10/1060 Thompsons Rd, Cranbourne West VIC 3977, Australia",Cranbourne West,https://www.google.com/maps/search/?api=1&query=Chola's%20Indian%20Restaurant&query_place_id=ChIJ86ldk3kP1moRC5U7RFK3H-A,https://cholas.com.au/,admin@cholasgroup.com.au,+61 3 8906 2255,-38.0803512,145.25739,False,11 AM to 10 PM,11 AM to 10 PM,11 AM to 10 PM,11 AM to 10 PM,11 AM to 10 PM,11 AM to 10 PM,11 AM to 10 PM,False,True,True,True,True,978.0,4.1
Hospitality,Watsonia RSL,Rsl club,"8 Morwell Ave, Watsonia VIC 3087, Australia",Watsonia,https://www.google.com/maps/search/?api=1&query=Watsonia%20RSL&query_place_id=ChIJaxsa2JFI1moRh6_7u_IB4nM,https://www.watsoniarsl.com.au/,,+61 3 9435 4233,-37.709476,145.082083,False,10 AM to 1 AM,10 AM to 1 AM,10 AM to 1 AM,10 AM to 1 AM,10 AM to 1 AM,10 AM to 1 AM,10 AM to 1 AM,False,True,True,True,True,807.0,4.2
Hospitality,Excelsior Hotel,Pub,"82 Mahoneys Rd, Thomastown VIC 3074, Australia",Thomastown,https://www.google.com/maps/search/?api=1&query=Excelsior%20Hotel&query_place_id=ChIJWQTb24BP1moRD7CN8QvSNTE,https://www.theexcelsiorhotel.com.au/,excelsior@alhgroup.com.au,+61 3 9460 3666,-37.692646,145.000504,False,10 AM to 4 AM,10 AM to 4 AM,10 AM to 4 AM,10 AM to 4 AM,10 AM to 4 AM,10 AM to 4 AM,10 AM to 4 AM,False,True,True,True,True,2148.0,4.1
Hospitality,DELHI NIGHTS - Cobblebank,Indian restaurant,"Shop T10/201/243 Ferris Rd, Cobblebank VIC 3338, Australia",Cobblebank,https://www.google.com/maps/search/?api=1&query=DELHI%20NIGHTS%20-%20Cobblebank&query_place_id=ChIJbf79SceT1moRpN0rKuu0BuI,http://www.delhinights.au/,truganina@delhinights.com.au,+61 3 8362 9774,-37.7134933,144.6022908,False,11 AM to 10:30 PM,11 AM to 10:30 PM,11 AM to 10:30 PM,11 AM to 10:30 PM,11 AM to 10:30 PM,11 AM to 10:30 PM,11 AM to 10:30 PM,False,True,True,True,True,441.0,4.2
Hospitality,Keep Cleaners,House cleaning service,"Melton South VIC 3338, Australia",,https://www.google.com/maps/search/?api=1&query=Keep%20Cleaners&query_place_id=ChIJ5bPnI9KS1moRB9GIKZn37sY,http://keepcleaners.com.au/,,+61 435 788 710,-37.7029022,144.5749646,False,,,,,,,,False,False,False,False,False,,
Hospitality,THIRSTY CAMEL COBBLEBANK,Liquor store,"223 Bridge Rd, Cobblebank VIC 3338, Australia",Cobblebank,https://www.google.com/maps/search/?api=1&query=THIRSTY%20CAMEL%20COBBLEBANK&query_place_id=ChIJPZryskOT1moRhk4W_k49ZVc,https://www.thirstycamel.com.au/,,+61 3 8824 0420,-37.7150145,144.5951454,False,10 AM to 11 PM,10 AM to 11 PM,10 AM to 11 PM,10 AM to 11 PM,10 AM to 11 PM,12 to 11 PM,10 AM to 11 PM,False,True,True,True,True,107.0,4.4
Hospitality,Bundoora Hotel,Pub,"49 Plenty Rd, Bundoora VIC 3083, Australia",Bundoora,https://www.google.com/maps/search/?api=1&query=Bundoora%20Hotel&query_place_id=ChIJjamI57dI1moRkrFNb8xuppU,https://www.bundoorahotel.com.au/,bundoora.hotel@alhgroup.com.au,+61 3 9468 9999,-37.695662,145.058592,False,10 AM to 4 AM,10 AM to 4 AM,10 AM to 4 AM,10 AM to 4 AM,10 AM to 4 AM,10 AM to 4 AM,10 AM to 4 AM,False,True,True,True,True,2613.0,4.2
Hospitality,Plenty Views Bar Restaurant,Restaurant,"206 Yan Yean Rd, Plenty VIC 3090, Australia",Plenty,https://www.google.com/maps/search/?api=1&query=Plenty%20Views%20Bar%20Restaurant&query_place_id=ChIJD3sj_vdJ1moRwFwwBXZWBA8,https://www.sliceofplenty.com.au/,605a7baede844d278b89dc95ae0a9123@sentry-next.wixpress.com,+61 3 9436 1411,-37.6618696,145.1253272,False,Closed,Closed,5 to 9 PM,5 to 9 PM,"12 to 3:30 PM, 5 to 9 PM","12 to 3:30 PM, 5 to 9 PM","12 to 3:30 PM, 5 to 9 PM",False,True,True,True,True,467.0,4.4
Hospitality,The Coffee Club Café - Plenty Valley,Cafe,"24/415 McDonalds Rd, Mill Park VIC 3082, Australia",Mill Park,https://www.google.com/maps/search/?api=1&query=The%20Coffee%20Club%20Caf%C3%A9%20-%20Plenty%20Valley&query_place_id=ChIJ3fUIaF1J1moRlO1RcLjVbz0,https://coffeeclub.com.au/pages/store-details?country=Australia&name=plenty-valley,1e425ea6c12d26a7de50ef7c73c9bf3610b9f1e8_200x@2x.png,+61 3 8432 4901,-37.6508652,145.0699223,False,8 AM to 5 PM,8 AM to 5 PM,8 AM to 5 PM,8 AM to 6 PM,8 AM to 6 PM,8 AM to 5 PM,8 AM to 5 PM,False,True,True,False,True,374.0,3.5
Hospitality,At-Call Safety (Aust) Pty Ltd,Safety equipment supplier,"3 Holland Dr, Melton VIC 3337, Australia",Melton,https://www.google.com/maps/search/?api=1&query=At-Call%20Safety%20(Aust)%20Pty%20Ltd&query_place_id=ChIJ6y18Zrle1moR6hAztQM7jDw,https://atcallsafety.com.au/,sales@atcallsafety.com.au,+61 3 9747 9995,-37.6875648,144.5966186,False,7 AM to 5 PM,7 AM to 5 PM,7 AM to 5 PM,7 AM to 5 PM,7 AM to 5 PM,Closed,Closed,False,True,True,False,False,29.0,4.4
Hospitality,Tummy Topper Restaurant - Thornhill park,Indian restaurant,"Shop 2/2 Sadie Av, Thornhill Park VIC 3335, Australia",Thornhill Park,https://www.google.com/maps/search/?api=1&query=Tummy%20Topper%20Restaurant%20-%20Thornhill%20park&query_place_id=ChIJNy6PJZPz1moRBAfkhWtsZPo,https://www.tummytopper.com.au/,parminder.khinda@ymail.com,+61 494 183 776,-37.7140866,144.6284645,False,Closed,11 AM to 10 PM,11 AM to 10 PM,11 AM to 10 PM,11 AM to 11 PM,11 AM to 11 PM,11 AM to 11 PM,False,True,True,True,False,118.0,4.5
Hospitality,RACV Healesville Country Club & Resort,Country club,"122 Healesville-Kinglake Rd, Healesville VIC 3777, Australia",Healesville,https://www.google.com/maps/search/?api=1&query=RACV%20Healesville%20Country%20Club%20%26%20Resort&query_place_id=ChIJDbYVfo7V12oRDvJsLI9RNRA,https://www.racv.com.au/travel-experiences/resorts/healesville.html?cmpid=gmb:hcc,,+61 3 5962 4899,-37.6501056,145.5034556,False,,,,,,,,False,True,True,False,False,1236.0,4.6
Hospitality,Terminus Hotel Motel,Motel,"23 Harker St, Healesville VIC 3777, Australia",Healesville,https://www.google.com/maps/search/?api=1&query=Terminus%20Hotel%20Motel&query_place_id=ChIJy9kLWBQqKGsR2uIrhPr-uPg,,,+61 3 5962 4011,-37.6565966,145.5101167,False,,,,,,,,False,False,False,False,False,282.0,4.3
Hospitality,Sunset Cottage,Hotel,"70 Heritage Ln, Healesville VIC 3777, Australia",Healesville,https://www.google.com/maps/search/?api=1&query=Sunset%20Cottage&query_place_id=ChIJxZncRX0qKGsRwB1v46JeYIw,https://sunsetcottage.traveleto.com/,,+61 417 342 565,-37.674131,145.501761,False,,,,,,,,False,False,False,False,False,11.0,5.0
Hospitality,Tuck Inn Yarra Valley Accommodation Healesville,Hotel,"2 Church St, Healesville VIC 3777, Australia",Healesville,https://www.google.com/maps/search/?api=1&query=Tuck%20Inn%20Yarra%20Valley%20Accommodation%20Healesville&query_place_id=ChIJT6TK6D0qKGsRtKp7glmRKpo,http://www.tuckinn.com.au/,info@tuckinn.com.au,+61 3 5962 3600,-37.655128,145.514546,False,,,,,,,,False,False,False,False,False,149.0,4.8
Hospitality,The Old Mechanics,Hotel,"4 Church St, Healesville VIC 3777, Australia",Healesville,https://www.google.com/maps/search/?api=1&query=The%20Old%20Mechanics&query_place_id=ChIJyZun7z0qKGsREr23Q2nlOYw,http://www.theoldmechanics.com.au/,info@tuckinn.com.au,+61 431 162 980,-37.6550158,145.5145689,False,,,,,,,,False,False,False,False,False,103.0,4.9
Hospitality,My Little Kitchen Cafe & Bar,Cafe,"274 Maroondah Hwy, Healesville VIC 3777, Australia",Healesville,https://www.google.com/maps/search/?api=1&query=My%20Little%20Kitchen%20Cafe%20%26%20Bar&query_place_id=ChIJWQuSE_orKGsRixDwLQlXl7E,http://www.mylittlekitchen.com.au/,contact@sansoxygen.com,+61 3 5611 3686,-37.6540577,145.5174844,False,8 AM to 2:30 PM,8 AM to 2:30 PM,8 AM to 2:30 PM,8 AM to 2:30 PM,8 AM to 2:30 PM,8 AM to 3 PM,8 AM to 3 PM,False,True,False,False,True,760.0,4.5
Hospitality,Healesville Hotel,Hotel,"256 Maroondah Hwy, Healesville VIC 3777, Australia",Healesville,https://www.google.com/maps/search/?api=1&query=Healesville%20Hotel&query_place_id=ChIJ9a5brj0qKGsRXI7qPhp2NGw,https://www.healesvillehotel.com/,hello@healesvillehotel.com,+61 3 5962 4002,-37.6543865,145.5159627,False,,,,,,,,False,False,False,False,False,1233.0,4.1
Hospitality,Yarra Ranges Wedding Guide,Wedding venue,"244 Maroondah Hwy, Healesville VIC 3777, Australia",Healesville,https://www.google.com/maps/search/?api=1&query=Yarra%20Ranges%20Wedding%20Guide&query_place_id=ChIJG8A6vD0qKGsR6qILnRdQPFs,http://yarrarangesweddingguide.com.au/,,+61 3 5957 3700,-37.654452,145.515251,False,9 AM to 5 PM,9 AM to 5 PM,9 AM to 5 PM,9 AM to 5 PM,9 AM to 5 PM,Closed,Closed,False,False,True,False,False,1.0,5.0
Hospitality,TAB,Off track betting shop,"Terminus Hotel, 23 Harker St, Healesville VIC 3777, Australia",Healesville,https://www.google.com/maps/search/?api=1&query=TAB&query_place_id=ChIJxWCpWKsvmGsR1VpOuQHwq5g,https://tab.com.au/,,+61 131802,-37.6563676,145.5096132,False,10 AM to 5 PM,10 AM to 5 PM,10 AM to 5 PM,10 AM to 5 PM,10 AM to 5 PM,10 AM to 5 PM,10 AM to 5 PM,False,True,True,False,False,23.0,3.9
Hospitality,Design Beyond the Box,,"9 Manse St, Healesville VIC 3777, Australia",Healesville,https://www.google.com/maps/search/?api=1&query=Design%20Beyond%20the%20Box&query_place_id=ChIJa6KNbzsqKGsR39czq2BYyNE,https://www.designbeyondthebox.com.au/contact,,+61 403 525 389,-37.6544897,145.5199162,False,,,,,,,,False,False,False,False,False,,
Hospitality,Chateau Yering Hotel,Hotel,"42 Melba Hwy, Yering VIC 3770, Australia",Yering,https://www.google.com/maps/search/?api=1&query=Chateau%20Yering%20Hotel&query_place_id=ChIJEVpM1zXT12oRHp2ITHD8iQs,http://www.chateauyering.com.au/,stay@chateauyering.com.au,+61 455 480 602,-37.6714597,145.3832848,False,,,,,,,,False,False,False,False,False,1259.0,4.4
Hospitality,Balgownie Estate Yarra Valley,Hotel,"1309 Melba Hwy, Yarra Glen VIC 3775, Australia",Yarra Glen,https://www.google.com/maps/search/?api=1&query=Balgownie%20Estate%20Yarra%20Valley&query_place_id=ChIJqWY7B3jU12oR4jhpDu4a9GM,https://www.balgownie.com/yarra-valley/,,+61 3 9730 0700,-37.6320571,145.4012298,False,,,,,,,,False,False,False,False,False,1917.0,4.5
Hospitality,Hanna Wholesale,Wholesaler,"110 Newlands Rd, Reservoir VIC 3073, Australia",Reservoir,https://www.google.com/maps/search/?api=1&query=Hanna%20Wholesale&query_place_id=ChIJO467zRdF1moR-VJ7KcKdExM,https://hannawholesale.com.au/,,+61 3 9462 3044,-37.7146984,144.9840385,False,8:30 AM to 5 PM,8:30 AM to 5 PM,8:30 AM to 5 PM,8:30 AM to 5 PM,8:30 AM to 5 PM,9 AM to 12 PM,Closed,False,True,True,False,False,67.0,4.8
Hospitality,Royal Mail Hotel Whittlesea,Pub,"29 Beech St, Whittlesea VIC 3757, Australia",Whittlesea,https://www.google.com/maps/search/?api=1&query=Royal%20Mail%20Hotel%20Whittlesea&query_place_id=ChIJkc2fo-G112oRIDzd967V86I,http://royalmailhotelwhittlesea.com.au/,,+61 3 9716 1400,-37.5113734,145.1193825,False,,,,,,,,False,True,True,True,True,154.0,4.5
Hospitality,Okami Japanese Restaurant,Japanese restaurant,"3/5 Church St, Whittlesea VIC 3757, Australia",Whittlesea,https://www.google.com/maps/search/?api=1&query=Okami%20Japanese%20Restaurant&query_place_id=ChIJrRDy5bS112oRwFIZN-NW3Yc,http://okamirestaurant.com.au/,,+61 3 9716 3988,-37.5142203,145.1175231,False,Closed,5:30 to 10 PM,5:30 to 10 PM,5:30 to 10 PM,5 to 10:30 PM,5 to 10:30 PM,"12 to 2:30 PM, 5 to 9:30 PM",False,True,True,True,True,259.0,4.0
Hospitality,VIC Flooring Group,Flooring store,"Unit 72/2 Cobham St, Reservoir VIC 3073, Australia",Reservoir,https://www.google.com/maps/search/?api=1&query=VIC%20Flooring%20Group&query_place_id=ChIJ5UwVdbJF1moRVIZrsXRAh1Q,http://vicflooring.com.au/,sales@vicflooring.com.au,+61 3 9191 1100,-37.708614,144.9841347,False,7 AM to 6 PM,7 AM to 6 PM,7 AM to 6 PM,7 AM to 6 PM,7 AM to 6 PM,Closed,Closed,False,True,True,False,False,57.0,5.0
Hospitality,Gourmet Saba,Food products supplier,"48A Radford Rd, Reservoir VIC 3073, Australia",Reservoir,https://www.google.com/maps/search/?api=1&query=Gourmet%20Saba&query_place_id=ChIJo6SdKdhE1moR_8mqjx9slDY,http://www.gourmetsaba.com/,info@stagheaddesigns.com,+61 1300 366 347,-37.7077064,144.984085,False,8:30 AM to 4:30 PM,8:30 AM to 4:30 PM,8:30 AM to 4:30 PM,8:30 AM to 4:30 PM,8:30 AM to 4:30 PM,Closed,Closed,False,False,False,False,False,34.0,3.2
Hospitality,Kabul Reception,Function room facility,"8 Raylee Pl, Lynbrook VIC 3975, Australia",Lynbrook,https://www.google.com/maps/search/?api=1&query=Kabul%20Reception&query_place_id=ChIJ7X4weQAR1moRgz6rKpSH0q8,,,+61 468 632 326,-38.0393197,145.2477718,False,,,,,,,,False,True,True,True,False,38.0,3.9
Hospitality,কল্পতরু,Housing development,"10 Crabtree Cres, Berwick VIC 3806, Australia",Berwick,https://www.google.com/maps/search/?api=1&query=%E0%A6%95%E0%A6%B2%E0%A7%8D%E0%A6%AA%E0%A6%A4%E0%A6%B0%E0%A7%81&query_place_id=ChIJQZvkewAb1moRH2cJcpKjkLg,,,,-38.0530441,145.3236707,False,,,,,,,,False,False,False,False,False,1.0,5.0
Hospitality,Surti Food Villa,Catering food and drink supplier,"10 Lanthorn Cres, Cranbourne East VIC 3977, Australia",Cranbourne East,https://www.google.com/maps/search/?api=1&query=Surti%20Food%20Villa&query_place_id=ChIJF76JH_IP1moRspPbxCZUyBU,,,+61 430 506 384,-38.1197516,145.2996506,False,9 AM to 9 PM,9 AM to 6 PM,9 AM to 9 PM,9 AM to 9 PM,9 AM to 9 PM,9 AM to 9 PM,9 AM to 9 PM,False,False,True,False,False,26.0,5.0
Hospitality,Statewide Facility Management,Cleaning service,"13 Sunset Cres, Pakenham VIC 3810, Australia",Pakenham,https://www.google.com/maps/search/?api=1&query=Statewide%20Facility%20Management&query_place_id=ChIJI6K68RzhKWsRL_bFoOFfzNc,https://statewidecleaning.com.au/,info@statewidecleaning.com.au,+61 449 020 500,-38.0567672,145.5174063,False,9 AM to 10 PM,9 AM to 10 PM,9 AM to 10 PM,9 AM to 10 PM,9 AM to 10 PM,9 AM to 5 PM,9 AM to 5 PM,False,False,True,False,True,21.0,5.0
Hospitality,nar nar goon hotel,Hotel,"2 Nar Nar Goon Rd, Nar Nar Goon VIC 3812, Australia",Nar Nar Goon,https://www.google.com/maps/search/?api=1&query=nar%20nar%20goon%20hotel&query_place_id=ChIJF2yFky_hKWsRcgIln5LslCg,http://www.narnargoonhotel.com.au/,info@narnargoonhotel.com.au,+61 3 5942 5221,-38.0805593,145.5708822,False,,,,,,,,False,False,False,False,False,216.0,4.3
Hospitality,Lightning Hill Estate,Wedding venue,"130 Whiteside Rd, Officer VIC 3809, Australia",Officer,https://www.google.com/maps/search/?api=1&query=Lightning%20Hill%20Estate&query_place_id=ChIJtz2IJ_kZ1moRAJ7SpH5ab-c,http://www.lhevic.com.au/,contact@lhevic.com.au,+61 434 545 909,-38.0445851,145.3922622,False,,,,,,,,False,True,True,True,True,105.0,4.9
Hospitality,Culinary Solutions Australia,Restaurant,"2A/35 Woods St, Beaconsfield VIC 3807, Australia",Beaconsfield,https://www.google.com/maps/search/?api=1&query=Culinary%20Solutions%20Australia&query_place_id=ChIJq6qe1NAb1moR2OslcKdSv9A,http://csai.com.au/,info@culinarysolutions.com.au,,-38.0471262,145.3672205,False,8:30 AM to 4 PM,8:30 AM to 4 PM,8:30 AM to 4 PM,8:30 AM to 4 PM,8:30 AM to 4 PM,Closed,Closed,False,False,True,False,False,,
Hospitality,Baker's Dream,Bakery,"16B Old Princes Hwy, Beaconsfield VIC 3807, Australia",Beaconsfield,https://www.google.com/maps/search/?api=1&query=Baker's%20Dream&query_place_id=ChIJFQVTBAAb1moR3UBRCtxE_OE,,,+61 3 9773 3953,-38.044985,145.367047,False,8 AM to 2 PM,6 AM to 2 PM,6 AM to 2 PM,6 AM to 2 PM,6 AM to 2 PM,7 AM to 2 PM,8 AM to 2 PM,False,True,True,False,False,74.0,4.5
Hospitality,Cardinia Park Hotel,Pub,"200 Beaconsfield-Emerald Rd, Beaconsfield VIC 3807, Australia",Beaconsfield,https://www.google.com/maps/search/?api=1&query=Cardinia%20Park%20Hotel&query_place_id=ChIJv_Vfoych1moRFoYmfQns4HM,http://www.thecardiniaparkhotel.com.au/,info@thecardiniaparkhotel.com.au,+61 3 9707 1188,-38.0283727,145.3784462,False,10 AM to 1 AM,10 AM to 1 AM,10 AM to 1 AM,10 AM to 1 AM,10 AM to 1 AM,10 AM to 1 AM,10 AM to 11 PM,False,True,True,True,True,1609.0,4.2
Hospitality,Mahoneys Motor Inn,Motel,"47A Mahoneys Rd, Reservoir VIC 3073, Australia",Reservoir,https://www.google.com/maps/search/?api=1&query=Mahoneys%20Motor%20Inn&query_place_id=ChIJReUYFYBP1moRfxCE0G99xMI,https://www.mahoneysmotorinn.com.au/,info@mahoneysmotorinn.com.au,+61 3 9462 1966,-37.6942337,145.0017541,False,,,,,,,,False,False,False,False,False,259.0,3.7
Hospitality,DOLPH Business School,College,"946 High St, Reservoir VIC 3073, Australia",Reservoir,https://www.google.com/maps/search/?api=1&query=DOLPH%20Business%20School&query_place_id=ChIJU34Q5Utd1moRyQaubfUgT5U,https://www.dolph.edu.au/,,+61 3 9077 7550,-37.71801,145.007633,False,9 AM to 5:30 PM,9 AM to 5:30 PM,9 AM to 5:30 PM,9 AM to 5:30 PM,9 AM to 5:30 PM,Closed,Closed,False,True,True,False,False,38.0,4.8
Hospitality,Kitchen Equipment Australia,Commercial refrigerator supplier,"6 Chaffey St, Thomastown VIC 3074, Australia",Thomastown,https://www.google.com/maps/search/?api=1&query=Kitchen%20Equipment%20Australia&query_place_id=ChIJIdYyq3hP1moRASZHS3mSRww,https://www.kitchenequipmentaustralia.com.au/,sales@kitchenequipmentaustralia.com.au,+61 3 9460 8999,-37.6915337,145.0054643,False,9 AM to 5 PM,9 AM to 5 PM,9 AM to 5 PM,9 AM to 5 PM,9 AM to 4 PM,Closed,Closed,False,True,True,False,False,53.0,3.8
Hospitality,KEA- Used Catering Equipment,Commercial refrigerator supplier,"8 Chaffey St, Thomastown VIC 3074, Australia",Thomastown,https://www.google.com/maps/search/?api=1&query=KEA-%20Used%20Catering%20Equipment&query_place_id=ChIJLetdLttP1moRYNWRK0BgV6s,http://www.kitchenequipmentaustralia.com.au/,sales@kitchenequipmentaustralia.com.au,+61 1300 000 532,-37.6913434,145.0055503,False,9 AM to 5 PM,9 AM to 5 PM,9 AM to 5 PM,9 AM to 5 PM,9 AM to 4 PM,Closed,Closed,False,True,True,False,False,22.0,4.4
Hospitality,KEA - Silverchef Rental Dealer,Food machinery supplier,"4 Chaffey St, Thomastown VIC 3074, Australia",Thomastown,https://www.google.com/maps/search/?api=1&query=KEA%20-%20Silverchef%20Rental%20Dealer&query_place_id=ChIJ-dM1JI1P1moRSKzL5YPji9Y,https://www.kitchenequipmentaustralia.com.au/,sales@kitchenequipmentaustralia.com.au,+61 3 7040 4000,-37.6916799,145.0054643,False,9 AM to 5 PM,9 AM to 5 PM,9 AM to 5 PM,9 AM to 5 PM,9 AM to 4 PM,Closed,Closed,False,True,True,False,True,1.0,5.0
Hospitality,Good time Pizza,Pizza restaurant,"694 High St, Reservoir VIC 3073, Australia",Reservoir,https://www.google.com/maps/search/?api=1&query=Good%20time%20Pizza&query_place_id=ChIJ3dXl34xF1moR-rGW0WmKHFk,http://goodtimepizza.com.au/,info@goodtimepiza.com.au,+61 3 9471 1111,-37.7283295,145.0059117,False,5 PM to 12 AM,5 PM to 12 AM,5 PM to 12 AM,5 PM to 12 AM,5 PM to 12 AM,5 PM to 12 AM,Closed,False,False,False,False,False,79.0,4.2
Hospitality,Moshi Canopies & Catering Equipment Services,Restaurant supply store,"Factory 5/8 Wentworth Ct, Thomastown VIC 3074, Australia",Thomastown,https://www.google.com/maps/search/?api=1&query=Moshi%20Canopies%20%26%20Catering%20Equipment%20Services&query_place_id=ChIJfTnWv4lP1moRYE_NcXj2o4s,,,+61 403 319 434,-37.6898015,144.9899809,False,9 AM to 5 PM,9 AM to 5 PM,9 AM to 5 PM,9 AM to 5 PM,9 AM to 5 PM,Closed,Closed,False,False,True,False,False,2.0,5.0
Hospitality,Brookwood Receptions,Event venue,"10-12 Lawson Cres, Thomastown VIC 3074, Australia",Thomastown,https://www.google.com/maps/search/?api=1&query=Brookwood%20Receptions&query_place_id=ChIJie-cEWJF1moR9SLa16CLn3c,http://www.brookwoodreceptions.com.au/,info@brookwoodreceptions.com.au,+61 3 9460 2946,-37.6913098,144.9896282,False,10 AM to 5 PM,10 AM to 5 PM,10 AM to 5 PM,10 AM to 5 PM,10 AM to 5 PM,10 AM to 5 PM,10 AM to 5 PM,False,True,True,True,False,339.0,4.4
Hospitality,Tanoor,Middle Eastern restaurant,"1/69 Forsyth Rd, Hoppers Crossing VIC 3029, Australia",Hoppers Crossing,https://www.google.com/maps/search/?api=1&query=Tanoor&query_place_id=ChIJF_7xaP2I1moRroBzcsgQnCA,https://tanoor.com.au/,,+61 3 8360 3468,-37.8647176,144.7316318,False,6 AM to 10 PM,Closed,6 AM to 10 PM,6 AM to 10 PM,6 AM to 10 PM,6 AM to 10 PM,6 AM to 10 PM,False,True,True,True,True,1276.0,4.3
Hospitality,Flexi Personnel,Employment agency,"12 Neville Ave, Laverton VIC 3028, Australia",Laverton,https://www.google.com/maps/search/?api=1&query=Flexi%20Personnel&query_place_id=ChIJn8IqXbaJ1moRGaaEcK3wFlw,http://www.flexipersonnel.com.au/,,+61 3 9360 9722,-37.8683191,144.7611154,False,8:30 AM to 5 PM,8:30 AM to 5 PM,8:30 AM to 5 PM,8:30 AM to 5 PM,8:30 AM to 5 PM,Closed,Closed,False,True,True,False,False,68.0,4.5
Hospitality,LJ Hooker Craigieburn,Property management company,"Unit 10/10 Mackillop St, Craigieburn VIC 3064, Australia",Craigieburn,https://www.google.com/maps/search/?api=1&query=LJ%20Hooker%20Craigieburn&query_place_id=ChIJ210fwh9S1moRbVDX6bQVuHc,https://craigieburn.ljhooker.com.au/?utm_content=LJ%20Hooker%20Craigieburn%20-%20Craigieburn&utm_campaign=Google%20My%20Business&utm_medium=organic&utm_source=google&utm_term=plcid_14123776878307264716,craigieburn@ljhooker.com.au,+61 3 9333 0212,-37.5815941,144.8968008,False,9 AM to 5 PM,9 AM to 5 PM,9 AM to 5 PM,9 AM to 5 PM,9 AM to 5 PM,Closed,Closed,False,True,True,False,False,205.0,4.8
Hospitality,DELHI NIGHTS - Hoppers Crossing,Indian restaurant,"13 Old Geelong Rd, Hoppers Crossing VIC 3029, Australia",Hoppers Crossing,https://www.google.com/maps/search/?api=1&query=DELHI%20NIGHTS%20-%20Hoppers%20Crossing&query_place_id=ChIJB1FID62I1moRmRMbdVrnNqU,https://www.ubereats.com/au/store/delhi-nights-sweets-%26-indian-cuisine/8Q6-Ij6PToKbWDqOcPWQ8A,,+61 3 8087 0295,-37.88295,144.699712,False,10 AM to 10:30 PM,10 AM to 10:30 PM,10 AM to 10:30 PM,10 AM to 10:30 PM,10 AM to 11:30 PM,10 AM to 11:30 PM,10 AM to 10:30 PM,False,True,True,True,True,2433.0,4.1
Hospitality,Sai Sweets and Snacks,Indian restaurant,"9/4 Highlander Dr, Craigieburn VIC 3064, Australia",Craigieburn,https://www.google.com/maps/search/?api=1&query=Sai%20Sweets%20and%20Snacks&query_place_id=ChIJmUQJ6F1R1moRf1HDQOQ8wYo,,,+61 3 8349 3349,-37.5912577,144.89506,False,9 AM to 9 PM,9 AM to 9 PM,9 AM to 9 PM,9 AM to 9 PM,9 AM to 9 PM,9 AM to 9 PM,9 AM to 9 PM,False,False,True,False,False,34.0,4.1
Hospitality,Max Brenner - Craigieburn,Dessert restaurant,"Craigieburn Central D000, 18/340 Craigieburn Rd, Craigieburn VIC 3064, Australia",Craigieburn,https://www.google.com/maps/search/?api=1&query=Max%20Brenner%20-%20Craigieburn&query_place_id=ChIJYSNg735R1moR6g-AcLVLhRk,https://maxbrenner.com.au/?utm_source=Google&utm_medium=Organic&utm_campaign=GMB_Craigieburn,,+61 1300 588 629,-37.5928942,144.9144386,False,10 AM to 11 PM,10 AM to 11 PM,10 AM to 11 PM,10 AM to 11 PM,10 AM to 11:30 PM,10 AM to 11:30 PM,10 AM to 11 PM,False,True,True,False,True,784.0,3.5
Hospitality,La Porchetta | Best Italian Restaurant in Craigieburn Central,Italian restaurant,"Craigieburn Central Shopping Centre, Shop D19, Main St, Craigieburn VIC 3064, Australia",Craigieburn,https://www.google.com/maps/search/?api=1&query=La%20Porchetta%20%7C%20Best%20Italian%20Restaurant%20in%20Craigieburn%20Central&query_place_id=ChIJN4XVi35R1moRoQvQF1kjvKo,https://laporchetta.com.au/craigieburn-central/,craigieburncentral@laporchetta.com.au,+61 3 8339 4298,-37.592927,144.9144753,False,11 AM to 10 PM,11 AM to 10 PM,11 AM to 10 PM,11 AM to 10 PM,11 AM to 10 PM,11 AM to 10 PM,11 AM to 10 PM,False,True,True,True,True,611.0,3.7
Hospitality,Highgate Reserve Function Room,Community center,"229-275 Grand Blvd, Craigieburn VIC 3064, Australia",Craigieburn,https://www.google.com/maps/search/?api=1&query=Highgate%20Reserve%20Function%20Room&query_place_id=ChIJSTb1RDZS1moRRsvt_BVRHP4,,,+61 3 9205 2200,-37.5773028,144.9263645,False,,,,,,,,False,True,True,True,False,30.0,4.7
Hospitality,San Churro Craigieburn,Dessert shop,"Central Shopping Centre, B31/B32, 340 Craigieburn Rd, Craigieburn VIC 3064, Australia",Craigieburn,https://www.google.com/maps/search/?api=1&query=San%20Churro%20Craigieburn&query_place_id=ChIJ3QzVozxR1moRoCO0XC8R8Ps,https://www.sanchurro.com/store/san-churro-craigieburn,craigieburn@sanchurro.com,+61 3 7045 5545,-37.5932863,144.913,False,10 AM to 10 PM,10 AM to 10 PM,10 AM to 10 PM,10 AM to 10 PM,10 AM to 11 PM,10 AM to 11 PM,10 AM to 10 PM,False,True,True,False,False,279.0,4.1
Hospitality,VIT School of Hospitality,Hospitality and tourism school,"413 Johnston St, Abbotsford VIC 3067, Australia",Abbotsford,https://www.google.com/maps/search/?api=1&query=VIT%20School%20of%20Hospitality&query_place_id=ChIJ4clI4gZD1moR78B_HkdQqFU,http://www.vit.edu.au/,enquiry@vit.edu.au,+61 3 9670 7848,-37.8009846,145.0023292,False,,,,,,,,False,False,True,False,False,2.0,3.0
Hospitality,Specsavers Optometrists & Audiology - Craigieburn,Optometrist,"Craigieburn Central, D00.14, 340 Craigieburn Rd, Craigieburn VIC 3064, Australia",Craigieburn,https://www.google.com/maps/search/?api=1&query=Specsavers%20Optometrists%20%26%20Audiology%20-%20Craigieburn&query_place_id=ChIJ7_ncOh5S1moRkfpjL-kGBzU,https://www.specsavers.com.au/stores/craigieburn?utm_source=google&utm_medium=places&utm_content=craigieburn&utm_campaign=googleplaces&y_source=1_MTEzNDkzNjAtNzE1LWxvY2F0aW9uLndlYnNpdGU%3D,,+61 3 9333 8977,-37.5933902,144.9136418,False,9 AM to 5:30 PM,9 AM to 5:30 PM,9 AM to 5:30 PM,9 AM to 9 PM,9 AM to 8 PM,9 AM to 5 PM,10 AM to 5 PM,False,False,False,False,False,609.0,4.5
Hospitality,Newa Bhoye,Caterer,"59 Langdon Cres, Craigieburn VIC 3064, Australia",Craigieburn,https://www.google.com/maps/search/?api=1&query=Newa%20Bhoye&query_place_id=ChIJBed8ob1woCoRA-E7x4E7w6Q,https://newabhoye.com/,Info@newabhoye.com,+61 405 773 768,-37.6061939,144.9327889,False,9 AM to 10 PM,9 AM to 10 PM,9 AM to 10 PM,9 AM to 10 PM,9 AM to 10 PM,9 AM to 10 PM,9 AM to 10 PM,False,False,True,False,False,107.0,5.0
Hospitality,Resources On Demand,Training center,"Unit 2/10 Lawn Ct, Craigieburn VIC 3064, Australia",Craigieburn,https://www.google.com/maps/search/?api=1&query=Resources%20On%20Demand&query_place_id=ChIJa2KR7vdR1moRBAqOqMYGjkM,http://resourcesondemand.com.au/,info@careercalling.com.au,+61 1800 266 160,-37.6028864,144.9492531,False,9 AM to 5 PM,9 AM to 5 PM,9 AM to 5 PM,9 AM to 5 PM,9 AM to 5 PM,Closed,Closed,False,True,True,False,False,,
Hospitality,The Veera's Food Corner,Indian takeaway,"330 Hume Hwy, Craigieburn VIC 3064, Australia",Craigieburn,https://www.google.com/maps/search/?api=1&query=The%20Veera's%20Food%20Corner&query_place_id=ChIJtSnaZhRT1moR9h3AttgfK8A,https://www.instagram.com/veeramirchi/,,+61 448 768 697,-37.6139095,144.9475649,False,6 AM to 10 PM,6:10 AM to 10 PM,6 AM to 10 PM,6 AM to 10 PM,6 to 10 PM,6 to 10 PM,Closed,False,True,True,False,False,71.0,4.2
Hospitality,Punjabi Zaika RESTAURANT | Indian Restaurant | Craigieburn,Indian restaurant,"9A Grasslands Ave, Craigieburn VIC 3064, Australia",Craigieburn,https://www.google.com/maps/search/?api=1&query=Punjabi%20Zaika%20RESTAURANT%20%7C%20Indian%20Restaurant%20%7C%20Craigieburn&query_place_id=ChIJmZxb_T6z12oReSFapC6xqlM,http://www.punjabizaika.com.au/,,+61 424 048 615,-37.6172698,144.9446551,False,5 to 9 PM,5 to 9 PM,5 to 9 PM,5 to 9 PM,5 to 9 PM,12 to 9:30 PM,12 to 9:30 PM,False,False,False,False,False,114.0,5.0
Hospitality,Bunnings Craigieburn,Home improvement store,"700 Hume Hwy, Craigieburn VIC 3064, Australia",Craigieburn,https://www.google.com/maps/search/?api=1&query=Bunnings%20Craigieburn&query_place_id=ChIJOU3eLxVS1moRgPGTGU1sRvA,https://www.bunnings.com.au/stores/vic/craigieburn?utm_source=google&utm_medium=places&utm_content=bunnings-craigieburn&utm_campaign=googleplaces,Craigieburn@bunnings.com.au,+61 3 8338 3500,-37.5821794,144.9419149,False,6:30 AM to 9 PM,6:30 AM to 9 PM,6:30 AM to 9 PM,6:30 AM to 9 PM,6:30 AM to 9 PM,7 AM to 7 PM,7 AM to 7 PM,False,True,True,False,False,2555.0,4.2
Hospitality,The Pearl Events Venue,Event venue,"Unit 2/53 Gateway Blvd, Epping VIC 3076, Australia",Epping,https://www.google.com/maps/search/?api=1&query=The%20Pearl%20Events%20Venue&query_place_id=ChIJ3ayrGGNP1moR3o_-IvP_bBA,https://thepearleventsvenue.com.au/,,+61 466 222 267,-37.6437657,144.9984857,False,9 AM to 5 PM,9 AM to 5 PM,9 AM to 5 PM,9 AM to 5 PM,9 AM to 5 PM,9 AM to 5 PM,9 AM to 5 PM,False,True,True,False,False,24.0,4.9
Hospitality,Schembri Design Pty Ltd,Cabinet maker,"Factory 32/35-37 Jesica Rd, Campbellfield VIC 3061, Australia",Campbellfield,https://www.google.com/maps/search/?api=1&query=Schembri%20Design%20Pty%20Ltd&query_place_id=ChIJQTASs09R1moRmMGAxMOpCl4,,,+61 422 111 262,-37.6598805,144.9584225,False,7 AM to 6 PM,7 AM to 6 PM,7 AM to 6 PM,7 AM to 6 PM,7 AM to 3 PM,8 AM to 1 PM,Closed,False,False,False,False,False,16.0,5.0
Hospitality,The Coffee Club Kalkallo,Cafe,"44 Toyon Rd, Kalkallo VIC 3064, Australia",Kalkallo,https://www.google.com/maps/search/?api=1&query=The%20Coffee%20Club%20Kalkallo&query_place_id=ChIJG2YfYABT1moRGy_v0tr7KIk,https://coffeeclub.com.au/pages/store-details?country=Australia&name=kalkallo,1e425ea6c12d26a7de50ef7c73c9bf3610b9f1e8_200x@2x.png,+61 3 9216 3101,-37.5343878,144.9615777,False,8 AM to 4 PM,8 AM to 4 PM,8 AM to 4 PM,8 AM to 4 PM,8 AM to 4 PM,8 AM to 4 PM,8 AM to 4 PM,False,True,True,True,True,199.0,4.2
Hospitality,Ornate Reception,Indian restaurant,"16 Rushwood Dr, Craigieburn VIC 3064, Australia",Craigieburn,https://www.google.com/maps/search/?api=1&query=Ornate%20Reception&query_place_id=ChIJQRg9o29R1moRsopK0HPTDc8,https://ornatereception.com/,ornate.reception@gmail.com,+61 423 177 320,-37.6119194,144.9502868,False,2 to 10 PM,1 to 10 PM,2 to 10 PM,2 to 10 PM,11 AM to 10 PM,11 AM to 10 PM,2 to 10 PM,False,True,True,True,True,305.0,4.7
Hospitality,TerryWhite Chemmart Greenvale Lakes,Pharmacy,"Shop 1-2, Greenvale Lakes Shopping Centre, 200-230 James Mirams Dr, Roxburgh Park VIC 3064, Australia",Roxburgh Park,https://www.google.com/maps/search/?api=1&query=TerryWhite%20Chemmart%20Greenvale%20Lakes&query_place_id=ChIJwzgHUsZR1moRuCIjXH1mqpo,https://www.terrywhitechemmart.com.au/stores/terrywhite-chemmart-greenvale-lakes?utm_source=google&utm_medium=organic&utm_campaign=Google%20My%20Business&utm_content=TerryWhite%20Chemmart%20Greenvale%20Lakes%20-%20Roxburgh%20Park&utm_term=plcid_3063599253350368911,greenvale@terrywhitechemmart.com.au,+61 3 9020 9033,-37.6159325,144.9151686,False,9 AM to 6 PM,9 AM to 6 PM,9 AM to 6 PM,9 AM to 6 PM,9 AM to 6 PM,9 AM to 5 PM,10 AM to 4 PM,False,True,True,False,False,120.0,4.6
Hospitality,McDonald's Greenvale Lakes,Fast food restaurant,"Unit 2/200-230 James Mirams Dr, Roxburgh Park VIC 3064, Australia",Roxburgh Park,https://www.google.com/maps/search/?api=1&query=McDonald's%20Greenvale%20Lakes&query_place_id=ChIJj_G31RBR1moRx89yCx104eY,https://mcdonalds.com.au/?utm_medium=local&utm_source=google%20my%20business&utm_campaign=local%20search&utm_content=qld&utm_term=mcdonalds%20Greenvale%20Lakes,,+61 3 7303 2800,-37.6158637,144.9138642,False,Open 24 hours,Open 24 hours,Open 24 hours,Open 24 hours,Open 24 hours,Open 24 hours,Open 24 hours,False,True,True,True,True,963.0,2.6
Hospitality,Ferguson Plarre's Bakehouse - Kalkallo,Bakery,"Central Shopping Centre, 44 Toyon Rd, Kalkallo VIC 3064, Australia",Kalkallo,https://www.google.com/maps/search/?api=1&query=Ferguson%20Plarre's%20Bakehouse%20-%20Kalkallo&query_place_id=ChIJuXOvjuFT1moRk2eIGoQl3rY,http://www.fergusonplarre.com.au/?utm_source=google&utm_medium=organic&utm_campaign=gbp&utm_content=kalkallo,customerservice@fergusonplarre.com.au,+61 406 899 995,-37.5344752,144.9615571,False,6 AM to 5:30 PM,6 AM to 5:30 PM,6 AM to 5:30 PM,6 AM to 5:30 PM,6 AM to 5:30 PM,6:30 AM to 5 PM,7 AM to 4 PM,False,True,True,False,False,121.0,3.8
Hospitality,IL Matto Werribee,Pizza restaurant,"125-127 Watton St, Werribee VIC 3030, Australia",Werribee,https://www.google.com/maps/search/?api=1&query=IL%20Matto%20Werribee&query_place_id=ChIJC2iozPmF1moRAg7Wl2mpDXU,https://ilmattowerribee.com.au/,bookings@ilmattowerribee.com.au,+61 3 7019 8132,-37.902577,144.659536,False,5 to 10 PM,Closed,Closed,5 to 10 PM,"11 AM to 2 PM, 5 to 10 PM",11 AM to 10 PM,11 AM to 10 PM,False,True,True,True,True,337.0,4.4
Hospitality,Swaadesh,Indian takeaway,"5 Rejoice St, Tarneit VIC 3029, Australia",Tarneit,https://www.google.com/maps/search/?api=1&query=Swaadesh&query_place_id=ChIJ5eGGxpiP1moRdgFzau5DUQY,http://www.swaadesh.com.au/,13e49d785d8d4f828038b6136f3b48ba@sentry.io,+61 430 012 763,-37.8169063,144.6896484,False,,,,,,,,False,False,True,False,False,88.0,4.8
Hospitality,Angithi Werribee,Fast food restaurant,"55 Railway Ave, Werribee VIC 3030, Australia",Werribee,https://www.google.com/maps/search/?api=1&query=Angithi%20Werribee&query_place_id=ChIJQSX5JgCF1moRe9cTtjU5BRs,https://www.ozfoodhunter.com.au/angithi-werribee,info@ozfoodhunter.com.au,+61 423 156 931,-37.8932944,144.6756875,False,5 to 11 PM,5 to 11 PM,5 to 11 PM,5 to 11 PM,5 PM to 1 AM,5 PM to 1 AM,5 to 11 PM,False,False,True,False,False,458.0,4.7
Hospitality,Amrin and Bros Indian Restaurant & Bar,Indian restaurant,"122 Watton St, Werribee VIC 3030, Australia",Werribee,https://www.google.com/maps/search/?api=1&query=Amrin%20and%20Bros%20Indian%20Restaurant%20%26%20Bar&query_place_id=ChIJw1nxWiWP1moRomvZW9mkbeI,https://amrinonline.com.au/,,+61 430 095 300,-37.9040412,144.6561026,False,11 AM to 10:30 PM,11 AM to 10:30 PM,11 AM to 10:30 PM,11 AM to 10:30 PM,11 AM to 10:30 PM,11 AM to 11 PM,11 AM to 10:30 PM,False,True,True,True,False,2671.0,4.5
Hospitality,KEBAB 2NITE,Doner kebab restaurant,"279-281 Heaths Rd, Werribee VIC 3030, Australia",Werribee,https://www.google.com/maps/search/?api=1&query=KEBAB%202NITE&query_place_id=ChIJBf0kJjuP1moRHFQkz0g6cv8,http://kebab2nite.com.au/,,+61 457 159 093,-37.8770729,144.6760965,False,Closed,5 PM to 12 AM,5 PM to 12 AM,5 PM to 12 AM,5 PM to 12 AM,5 PM to 12 AM,5 PM to 12 AM,False,False,True,False,False,14.0,4.4
Hospitality,Chulah Indian Restaurant,Modern Indian restaurant,"Unit 23/150 Palmers Rd, Truganina VIC 3029, Australia",Truganina,https://www.google.com/maps/search/?api=1&query=Chulah%20Indian%20Restaurant&query_place_id=ChIJ1ZLaG-OJ1moRH0-bAVe2HCE,https://www.chulah.com.au/,Chulah.Truganina@gmail.com,+61 3 8316 1071,-37.8409532,144.7484483,False,"12 to 3 PM, 5 to 10 PM",5 to 10 PM,"12 to 3 PM, 5 to 10 PM","12 to 3 PM, 5 to 10 PM","12 to 3 PM, 5 to 10 PM",12 to 10 PM,12 to 10 PM,False,False,True,False,False,343.0,4.7
Hospitality,Chirnsides by the River,Event venue,"220 Watton St, Werribee VIC 3030, Australia",Werribee,https://www.google.com/maps/search/?api=1&query=Chirnsides%20by%20the%20River&query_place_id=ChIJ0eWZuq6F1moRCddO3qoMJmo,http://chirnsidesbytheriver.com.au/,,+61 3 9741 6688,-37.9044098,144.6522423,False,9 AM to 5 PM,9 AM to 5 PM,9 AM to 5 PM,9 AM to 5 PM,9 AM to 5 PM,9 AM to 5 PM,9 AM to 5 PM,False,True,True,True,False,79.0,4.7
Hospitality,Commercial Hotel,Pub,"111 Watton St, Werribee VIC 3030, Australia",Werribee,https://www.google.com/maps/search/?api=1&query=Commercial%20Hotel&query_place_id=ChIJxbUdN6SF1moRjhSVUNFVek8,https://www.commercialhotelwerribee.com.au/,commercial.hotel.werribee@alhgroup.com.au,+61 3 9741 2322,-37.902099,144.660392,False,10 AM to 4 AM,10 AM to 4 AM,10 AM to 4 AM,10 AM to 4 AM,10 AM to 4 AM,10 AM to 4 AM,10 AM to 4 AM,False,True,True,True,True,1438.0,4.3
Hospitality,Bridge Hotel Werribee,Pub,"197 Watton St, Werribee VIC 3030, Australia",Werribee,https://www.google.com/maps/search/?api=1&query=Bridge%20Hotel%20Werribee&query_place_id=ChIJ5cqghaiF1moRus_uZfUP4dw,http://www.bridgehotelwerribee.com.au/,hello@bridgehotelwerribee.com.au,+61 3 9742 2895,-37.9043111,144.6564078,False,12 to 10 PM,12 to 10 PM,12 to 10 PM,12 to 11 PM,12 PM to 1 AM,12 PM to 2 AM,12 to 10 PM,False,True,True,True,True,1115.0,4.3
Hospitality,Racecourse Hotel Werribee,Bistro,"78 Cottrell St, Werribee VIC 3030, Australia",Werribee,https://www.google.com/maps/search/?api=1&query=Racecourse%20Hotel%20Werribee&query_place_id=ChIJGyQJHQiF1moRq9TH4ajQlog,https://www.racecoursehotelwerribee.com.au/,,+61 3 9741 3171,-37.9017873,144.6533118,False,11 AM to 10 PM,11 AM to 10 PM,11 AM to 10 PM,11 AM to 10 PM,11 AM to 10 PM,11 AM to 10 PM,11 AM to 10 PM,False,True,True,True,True,722.0,4.1
Hospitality,Joseph's Dining,Restaurant,"Escarpment Rd, Werribee South VIC 3030, Australia",Werribee South,https://www.google.com/maps/search/?api=1&query=Joseph's%20Dining&query_place_id=ChIJG6ZrMjiE1moRvcmeAmiRTxs,https://lancemore.com.au/hotels/lancemore-mansion-hotel-werribee-park/josephs/?utm_source=google&utm_medium=organic&utm_campaign=google_business_profile,info@lancemore.com.au,+61 3 9731 4000,-37.9307286,144.6705756,False,,,,,,,,False,True,True,True,True,432.0,4.0
Hospitality,TEG KEBABS & BIRYANI,Bangladeshi restaurant,"112A Watton St, Werribee VIC 3030, Australia",Werribee,https://www.google.com/maps/search/?api=1&query=TEG%20KEBABS%20%26%20BIRYANI&query_place_id=ChIJZ0egcUuF1moRUCCJKmQFoZY,https://www.tegkb.com.au/,info@tegkb.com.au,+61 3 9741 2935,-37.9037186,144.6565619,False,Closed,Closed,12 to 10 PM,12 to 10 PM,12 to 11 PM,12 to 11 PM,12 to 10 PM,False,False,False,False,False,684.0,4.9
Hospitality,The Park Hotel Werribee,Pub,"12 Watton St, Werribee VIC 3030, Australia",Werribee,https://www.google.com/maps/search/?api=1&query=The%20Park%20Hotel%20Werribee&query_place_id=ChIJDUdke6SF1moR8KKLD42a88I,http://theparkwerribee.com.au/,605a7baede844d278b89dc95ae0a9123@sentry-next.wixpress.com,+61 3 9741 1441,-37.9011111,144.6613889,False,Closed,4 to 10 PM,4 to 10 PM,4 to 10 PM,12 PM to 12 AM,12 PM to 12 AM,12 to 10 PM,False,True,True,True,False,1747.0,4.4
Hospitality,Quest Werribee,Hotel,"69 Synnot St, Werribee VIC 3030, Australia",Werribee,https://www.google.com/maps/search/?api=1&query=Quest%20Werribee&query_place_id=ChIJu-Ij_6WF1moRJYkaAxdEKlE,https://www.questapartments.com.au/properties/vic/werribee/quest-werribee/overview,,+61 3 8744 6000,-37.9045184,144.6589859,False,,,,,,,,False,False,False,False,False,192.0,4.2
Hospitality,PANS ON FIRE,Nepalese restaurant,"Shop 8/51-53 Synnot St, Werribee VIC 3030, Australia",Werribee,https://www.google.com/maps/search/?api=1&query=PANS%20ON%20FIRE&query_place_id=ChIJ_Wl5xhGF1moRT6OHXGP4srM,https://pansonfire.yumbojumbo.com.au/,,+61 3 8731 7325,-37.903888,144.66072,False,5 to 9:30 PM,5 to 9:30 PM,5 to 9:30 PM,5 to 9:30 PM,5 to 10 PM,1 to 10 PM,5 to 9:30 PM,False,True,True,True,True,419.0,4.4
Hospitality,Ghazal Indian Restaurant – Buffet & Bar | Werribee,Restaurant supply store,"187 Watton St, Werribee VIC 3030, Australia",Werribee,https://www.google.com/maps/search/?api=1&query=Ghazal%20Indian%20Restaurant%20%E2%80%93%20Buffet%20%26%20Bar%20%7C%20Werribee&query_place_id=ChIJfTWanaiF1moRQAMxIfn35t4,https://ghazal.net.au/,,+61 3 9742 4486,-37.9038933,144.657004,False,,,,,,,,False,True,True,True,True,643.0,3.4
Hospitality,Werribee RSL,Veterans organization,"2A Synnot St, Werribee VIC 3030, Australia",Werribee,https://www.google.com/maps/search/?api=1&query=Werribee%20RSL&query_place_id=ChIJi6pj96SF1moRD6Zeme4xvJE,https://www.werribeersl.com.au/,,+61 3 9741 5525,-37.9007225,144.664845,False,10 AM to 10 PM,10 AM to 10 PM,10 AM to 10 PM,10 AM to 11 PM,10 AM to 1 AM,10 AM to 1 AM,11 AM to 10 PM,False,True,True,False,False,258.0,4.2
Hospitality,Lokal Cafe 3030,Cafe,"43 Watton St, Werribee VIC 3030, Australia",Werribee,https://www.google.com/maps/search/?api=1&query=Lokal%20Cafe%203030&query_place_id=ChIJVVAKZKOF1moR5YFc5hWAiXU,https://hotgosscafe.com.au/,,+61 3 9741 8322,-37.9008202,144.6626076,False,7 AM to 3 PM,7 AM to 3 PM,7 AM to 3 PM,7 AM to 3 PM,7 AM to 3 PM,7 AM to 3 PM,7 AM to 3 PM,False,True,True,False,True,368.0,4.4
Hospitality,Tocca,Italian restaurant,"33 Watton St, Werribee VIC 3030, Australia",Werribee,https://www.google.com/maps/search/?api=1&query=Tocca&query_place_id=ChIJMf7jgCeF1moRYcEpdaBqImA,http://tocca.melbourne/,,+61 1800 086 222,-37.9007801,144.6630193,False,Closed,5 to 9 PM,5 to 9 PM,5 to 9 PM,5 to 9:30 PM,5 to 9:30 PM,"12 to 3 PM, 5 to 9 PM",False,True,True,True,True,1044.0,4.6
Hospitality,Lux Afghan Kebab,Afghan restaurant,"Shop 3/49 Cherry St, Werribee VIC 3030, Australia",Werribee,https://www.google.com/maps/search/?api=1&query=Lux%20Afghan%20Kebab&query_place_id=ChIJaS-p6LSF1moRJMQ8nXwwtk8,http://www.luxafghankebabwerribee.com.au/,,+61 3 8714 0083,-37.8997447,144.6645657,False,4 to 9 PM,Closed,4 to 9 PM,4 to 9 PM,12 to 9 PM,12 to 9 PM,12 to 9 PM,False,True,True,True,True,910.0,4.0
Hospitality,Garlic Shrimp Co.,Seafood restaurant,"55-61 Railway Ave, Werribee VIC 3030, Australia",Werribee,https://www.google.com/maps/search/?api=1&query=Garlic%20Shrimp%20Co.&query_place_id=ChIJj06MdfiF1moR2rQruQ2p1XI,https://garlicshrimpco.tuckerfox.com.au/,,+61 466 022 277,-37.8932857,144.6756838,False,Closed,5 to 11 PM,5 to 11 PM,5 to 11:30 PM,5 to 11:30 PM,5 to 11:30 PM,5 to 11:30 PM,False,False,False,False,False,36.0,5.0
Hospitality,yummy tummy kulcha,Indian restaurant,"55/61 Railway Ave, Werribee VIC 3030, Australia",Werribee,https://www.google.com/maps/search/?api=1&query=yummy%20tummy%20kulcha&query_place_id=ChIJVXJHjx-F1moRcKDZU6QCBHU,https://www.yummytummykulcha.com.au/,,+61 411 057 005,-37.8932745,144.6757315,False,4:30 PM to 12 AM,4:30 PM to 12 AM,4:30 PM to 12 AM,4:30 PM to 12 AM,4:30 PM to 1 AM,4:30 PM to 1 AM,4:30 PM to 1 AM,False,False,True,False,False,434.0,4.6
Hospitality,COYLA,Restaurant,"Shop 4b/167 Shaws Rd, Werribee VIC 3030, Australia",Werribee,https://www.google.com/maps/search/?api=1&query=COYLA&query_place_id=ChIJUS8UYB2F1moRnM6lx-MaiPs,http://coyla.com.au/,,+61 3 8714 3580,-37.8893469,144.6610969,False,12 to 10 PM,12 to 10 PM,12 to 10 PM,12 to 10 PM,1:30 to 10 PM,10 AM to 10 PM,10 AM to 10 PM,False,True,True,False,True,437.0,4.1
Hospitality,Officeworks Werribee,Office supply store,"57-61 Synnot St, Werribee VIC 3030, Australia",Werribee,https://www.google.com/maps/search/?api=1&query=Officeworks%20Werribee&query_place_id=ChIJyXws7KWF1moRNovca-IbcfM,https://www.officeworks.com.au/shop/officeworks/storelocator,,+61 3 9742 0300,-37.9039514,144.6597614,False,7 AM to 9 PM,7 AM to 9 PM,7 AM to 9 PM,7 AM to 9 PM,7 AM to 9 PM,8 AM to 6 PM,9 AM to 6 PM,False,True,True,False,False,779.0,3.0
Hospitality,Bridgestone Select Tyre & Auto Werribee,Tire shop,"11 Bridge St, Werribee VIC 3030, Australia",Werribee,https://www.google.com/maps/search/?api=1&query=Bridgestone%20Select%20Tyre%20%26%20Auto%20Werribee&query_place_id=ChIJ5wIhfEmP1moRAgyM6S1ngwM,https://www.bridgestone.com.au/stores/vic/bridgestone-select-werribee?utm_content=Bridgestone+Select+Tyre+and+Auto+Werribee&utm_campaign=Google+My+Business&utm_medium=organic&utm_source=google&utm_term=plcid_4114377173962149443,,+61 3 8000 6021,-37.9030528,144.6602544,False,8 AM to 5 PM,8 AM to 5 PM,8 AM to 5 PM,8 AM to 5 PM,8 AM to 5 PM,8 AM to 12 PM,Closed,False,False,True,False,False,236.0,4.6
Hospitality,Lancemore Mansion Hotel Werribee Park,Hotel,"Escarpment Rd, Werribee VIC 3030, Australia",Werribee,https://www.google.com/maps/search/?api=1&query=Lancemore%20Mansion%20Hotel%20Werribee%20Park&query_place_id=ChIJkc7P7EaE1moRgFQX4Io3x5A,https://lancemore.com.au/hotels/lancemore-mansion-hotel-werribee-park/?utm_source=google&utm_medium=organic&utm_campaign=google_business_profile,info@lancemore.com.au,+61 3 9731 4000,-37.930693,144.6700102,False,,,,,,,,False,False,False,False,False,1685.0,4.2
Hospitality,Westpoint Ford,Ford dealer,"42-56 Heaths Rd, Hoppers Crossing VIC 3029, Australia",Hoppers Crossing,https://www.google.com/maps/search/?api=1&query=Westpoint%20Ford&query_place_id=ChIJHzVh17OI1moRclr0vplHEkw,http://westpointford.com.au/,,+61 3 9126 0587,-37.8789128,144.7022569,False,7:30 AM to 5:30 PM,7:30 AM to 5:30 PM,7:30 AM to 5:30 PM,7:30 AM to 5:30 PM,7:30 AM to 5:30 PM,9 AM to 5 PM,Closed,False,True,True,False,False,1137.0,4.6
Hospitality,NH44 Indian Restaurant,Restaurant,"192 Hummingbird Boulevard, Tarneit VIC 3029, Australia",Tarneit,https://www.google.com/maps/search/?api=1&query=NH44%20Indian%20Restaurant&query_place_id=ChIJEYaIqAWP1moRHKbNfkjYvJk,http://www.nh44.com.au/,,+61 401 772 481,-37.8345437,144.6518833,False,12 to 11 PM,12 to 11 PM,12 to 11 PM,12 to 11 PM,12 to 11:30 PM,10 AM to 11:30 PM,10 AM to 11 PM,False,True,True,True,True,362.0,4.1
Hospitality,Estia Health Werribee,Aged care,"8-10 Russell St, Werribee VIC 3030, Australia",Werribee,https://www.google.com/maps/search/?api=1&query=Estia%20Health%20Werribee&query_place_id=ChIJFXm7KbCF1moRFRn_ODaRw4Y,https://www.estiahealth.com.au/our-homes/vic-melbourne/werribee/?utm_source=google&utm_medium=organic&utm_campaign=gmb,,+61 3 9749 8000,-37.9082781,144.6644669,False,9 AM to 4 PM,9 AM to 4 PM,9 AM to 4 PM,9 AM to 4 PM,9 AM to 4 PM,Closed,Closed,False,True,True,False,False,21.0,4.4
Hospitality,AutoDome Pty Ltd,Car dealer,"52 Riverside Ave, Werribee VIC 3030, Australia",Werribee,https://www.google.com/maps/search/?api=1&query=AutoDome%20Pty%20Ltd&query_place_id=ChIJq9_Qnq2F1moRQBt8mY-P8LU,https://www.facebook.com/theAutodome/,,+61 3 9741 0778,-37.9151446,144.6584754,False,10 AM to 5 PM,10 AM to 5 PM,10 AM to 5 PM,10 AM to 5 PM,10 AM to 5 PM,10 AM to 5:30 PM,11 AM to 5 PM,False,True,True,False,False,39.0,4.9
Hospitality,Perfectly Paired,Consultant,"Suite 101, Level 1/441 Docklands Dr, Docklands VIC 3008, Australia",Docklands,https://www.google.com/maps/search/?api=1&query=Perfectly%20Paired&query_place_id=ChIJi4TYwu1d1moRnA2fCexwFA8,https://www.perfectlypaired.com.au/,enquiries@perfectlypaired.com.au,+61 458 371 137,-37.8148963,144.9382506,False,9 AM to 5 PM,9 AM to 5 PM,9 AM to 5 PM,9 AM to 5 PM,9 AM to 5 PM,Closed,Closed,False,True,False,False,False,9.0,5.0
Hospitality,Wing Cheong PTY Ltd.,Restaurant supply store,"214 Whitehall St, Footscray VIC 3011, Australia",Footscray,https://www.google.com/maps/search/?api=1&query=Wing%20Cheong%20PTY%20Ltd.&query_place_id=ChIJ_____2Jn1moRN81wEpNK8GA,http://www.wingsonline.com.au/,,+61 3 9687 8338,-37.814743,144.8987121,False,9:30 AM to 8 PM,9:30 AM to 8 PM,9:30 AM to 8 PM,9:30 AM to 8 PM,9:30 AM to 8 PM,Closed,Closed,False,False,False,False,False,2.0,1.0
Hospitality,Comcater Showroom Melbourne,Kitchen supply store,"191 Salmon St, Port Melbourne VIC 3207, Australia",Port Melbourne,https://www.google.com/maps/search/?api=1&query=Comcater%20Showroom%20Melbourne&query_place_id=ChIJL2PfygFo1moRQi9ama7MQyM,https://www.comcater.com.au/,,+61 3 8699 1200,-37.8247838,144.9204092,False,8:30 AM to 5 PM,8:30 AM to 5 PM,8:30 AM to 5 PM,8:30 AM to 5 PM,8:30 AM to 5 PM,Closed,Closed,False,True,False,False,False,26.0,3.3
Hospitality,Mercury Group Victoria Inc,Non-profit organization,"63-85 Turner St, Port Melbourne VIC 3207, Australia",Port Melbourne,https://www.google.com/maps/search/?api=1&query=Mercury%20Group%20Victoria%20Inc&query_place_id=ChIJV5iLnIZn1moRhiHiEOItucA,https://mgv.org.au/,contact@mgv.org.au,+61 3 9008 4868,-37.8237114,144.9250056,False,,,,,,,,False,True,True,False,False,1.0,5.0
Hospitality,MSS Security,Security guard service,"Level 2, Lobby B/191 Salmon St, Port Melbourne VIC 3207, Australia",Port Melbourne,https://www.google.com/maps/search/?api=1&query=MSS%20Security&query_place_id=ChIJ0bcQXR9d1moR1przriU0Osg,http://www.msssecurity.com.au/,,+61 1300 759 807,-37.8247838,144.9204092,False,Open 24 hours,Open 24 hours,Open 24 hours,Open 24 hours,Open 24 hours,Open 24 hours,Open 24 hours,False,False,False,False,False,147.0,2.3
Hospitality,Schnitz Werribee,Restaurant,"Shop RE05 Heaths Rd, Werribee VIC 3030, Australia",Werribee,https://www.google.com/maps/search/?api=1&query=Schnitz%20Werribee&query_place_id=ChIJa4kj8VyP1moRf2Q1hPpM-bU,http://schnitz.com.au/?utm_term=plcid_13849636466520371351,,+61 3 9748 6188,-37.8755018,144.6816218,False,10 AM to 10 PM,10 AM to 10 PM,10 AM to 10 PM,10 AM to 10:30 PM,10 AM to 10:30 PM,10 AM to 10:30 PM,10 AM to 10 PM,False,True,True,True,True,4938.0,4.7
Hospitality,ANZ Branch Pacific Werribee,Bank,"the corner of Derrimut and, Werribee Plaza, shop 67A Heaths Rd, Hoppers Crossing VIC 3029, Australia",Hoppers Crossing,https://www.google.com/maps/search/?api=1&query=ANZ%20Branch%20Pacific%20Werribee&query_place_id=ChIJD0g0D1uP1moRZxc0h-7wTC0,,,,-37.8749606,144.6816799,False,9:30 AM to 4 PM,9:30 AM to 4 PM,9:30 AM to 4 PM,9:30 AM to 4 PM,9:30 AM to 4 PM,9:30 AM to 1:30 PM,Closed,False,True,True,False,False,138.0,3.4
Hospitality,The Coffee Club,Cafe,"Shop 214 Heaths Rd, Werribee VIC 3030, Australia",Werribee,https://www.google.com/maps/search/?api=1&query=The%20Coffee%20Club&query_place_id=ChIJBQO-qESP1moRT8nfKj0jRR0,https://www.coffeeclub.com.au/stores/werribee/,1e425ea6c12d26a7de50ef7c73c9bf3610b9f1e8_200x@2x.png,+61 3 8012 2001,-37.8762105,144.6788853,False,8 AM to 5 PM,8 AM to 5 PM,8 AM to 5 PM,8 AM to 5 PM,8 AM to 5 PM,8 AM to 5 PM,8 AM to 5 PM,False,True,True,False,True,601.0,3.5
Hospitality,The Cheesecake Shop Werribee,Cake shop,"124 Watton St, Werribee VIC 3030, Australia",Werribee,https://www.google.com/maps/search/?api=1&query=The%20Cheesecake%20Shop%20Werribee&query_place_id=ChIJTZZPfaiF1moRpFVmKTQn3fk,https://www.cheesecake.com.au/find-bakery/werribee?utm_source=google&utm_medium=organic&utm_campaign=GMB&utm_content=168,Werribee@thecheesecakeshop.com.au,+61 3 9731 0877,-37.9040404,144.6560536,False,9 AM to 8 PM,9 AM to 8 PM,9 AM to 8 PM,9 AM to 8 PM,9 AM to 8 PM,9 AM to 8 PM,10 AM to 7 PM,False,False,True,False,False,215.0,3.0
Hospitality,Frontside Food & Wine,Restaurant,"1A Fennell St, Port Melbourne VIC 3207, Australia",Port Melbourne,https://www.google.com/maps/search/?api=1&query=Frontside%20Food%20%26%20Wine&query_place_id=ChIJf5apQnBn1moRAhj-5JyQJvU,https://www.frontsidefoodandwine.com.au/,%20events@frontsidefoodandwine.com.au,+61 3 5849 1511,-37.8297893,144.9359625,False,6:30 AM to 2 PM,6:30 AM to 2 PM,6:30 AM to 2 PM,6:30 AM to 2 PM,6:30 AM to 2 PM,Closed,Closed,False,True,True,True,True,115.0,4.8
Hospitality,Urban Hub Lorimer Street,Convenience store,"4 S Wharf Dr, Docklands VIC 3008, Australia",Docklands,https://www.google.com/maps/search/?api=1&query=Urban%20Hub%20Lorimer%20Street&query_place_id=ChIJ02Txil9d1moRQAwBLJfTP48,https://www.instagram.com/philurbanhub/,,+61 3 9645 3004,-37.8235648,144.9407405,False,7 AM to 7 PM,7 AM to 8 PM,7 AM to 8 PM,7 AM to 8 PM,7 AM to 10 PM,8 AM to 9 PM,9 AM to 8 PM,False,True,False,False,True,27.0,4.2
Hospitality,Gather and Tailor,Wedding venue,"Unit 11/41-59 Sims St, West Melbourne VIC 3003, Australia",West Melbourne,https://www.google.com/maps/search/?api=1&query=Gather%20and%20Tailor&query_place_id=ChIJsSnGepxd1moREmEe5rvT_w4,http://www.gatherandtailor.com.au/,,+61 3 9384 5272,-37.801554,144.9109746,False,7 AM to 12 AM,7 AM to 12 AM,7 AM to 12 AM,7 AM to 12 AM,7 AM to 12 AM,7 AM to 12 AM,7 AM to 12 AM,False,True,True,True,False,113.0,4.2
Hospitality,Hail Lilith,Bar,"40A Leeds St, Footscray VIC 3011, Australia",Footscray,https://www.google.com/maps/search/?api=1&query=Hail%20Lilith&query_place_id=ChIJmzMBG9dd1moRk3-sbcdnbhc,http://www.haillilith.com.au/,605a7baede844d278b89dc95ae0a9123@sentry-next.wixpress.com,,-37.8005354,144.9006353,False,Closed,Closed,Closed,5 to 10 PM,5 to 11:30 PM,3 to 11:30 PM,3 to 10 PM,False,True,False,True,False,256.0,4.9
Hospitality,Ashton College,College,"213 Nicholson St, Footscray VIC 3011, Australia",Footscray,https://www.google.com/maps/search/?api=1&query=Ashton%20College&query_place_id=ChIJo3icaoxd1moRmp1WOYf3Q7Q,https://www.ashtoncollege.edu.au/,,+61 3 9017 6128,-37.803702,144.899139,False,8:30 AM to 5 PM,8:30 AM to 5 PM,8:30 AM to 5 PM,8:30 AM to 5 PM,8:30 AM to 5 PM,Closed,Closed,False,True,True,False,False,132.0,4.7
Hospitality,Liberty One Apartments,Hotel,"9 Neilson Pl, Footscray VIC 3011, Australia",Footscray,https://www.google.com/maps/search/?api=1&query=Liberty%20One%20Apartments&query_place_id=ChIJp6J-bJpd1moRINHUarFfHfU,https://www.sungrass.com.au/property/liberty-one/,admin@sungrass.com.au,+61 1300 588 858,-37.7994472,144.9075147,False,,,,,,,,False,False,False,False,False,412.0,3.4
Hospitality,OSMACARE Australia,Disability services and support organization,"13/144-148 Nicholson St, Footscray VIC 3011, Australia",Footscray,https://www.google.com/maps/search/?api=1&query=OSMACARE%20Australia&query_place_id=ChIJFzJK5FZd1moRnUcHGGMs26k,https://osmacare.com.au/services/,,+61 451 278 811,-37.8041431,144.898781,False,8 AM to 6 PM,8 AM to 6 PM,8 AM to 6 PM,8 AM to 6 PM,8 AM to 6 PM,8 AM to 6 PM,Closed,False,True,True,False,False,,
Hospitality,Madhumoti Restaurant,Bangladeshi restaurant,"95 Irving St, Footscray VIC 3011, Australia",Footscray,https://www.google.com/maps/search/?api=1&query=Madhumoti%20Restaurant&query_place_id=ChIJsc5h_4xd1moRVwqRrNdSYnA,,,+61 3 9942 5702,-37.802166,144.897923,False,10 AM to 10 PM,10 AM to 10 PM,10 AM to 10 PM,10 AM to 10 PM,10 AM to 10 PM,9 AM to 10 PM,10 AM to 10 PM,False,True,False,False,True,554.0,3.5
Hospitality,Station Hotel,Restaurant,"59 Napier St, Footscray VIC 3011, Australia",Footscray,https://www.google.com/maps/search/?api=1&query=Station%20Hotel&query_place_id=ChIJkUzQl45d1moR_TUiYs6sOIg,https://thestationhotel.com.au/?utm_source=Google%20Local%20Card&utm_medium=Google%20My%20Business&utm_campaign=View%20Website,info@thestationhotel.com.au,+61 3 9810 0085,-37.8045603,144.9015678,False,12 to 10 PM,12 to 10 PM,12 to 10 PM,12 to 10 PM,12 to 11 PM,12 to 11 PM,11 AM to 10 PM,False,True,True,True,True,2254.0,4.2
Hospitality,The African Calabash,African restaurant,"143 Nicholson St, Footscray VIC 3011, Australia",Footscray,https://www.google.com/maps/search/?api=1&query=The%20African%20Calabash&query_place_id=ChIJG42y0ttd1moRDMPxeMluNN8,https://theafricancalabash.com/,info@lilianstone.com,+61 423 367 007,-37.801543,144.8993921,False,3 to 10 PM,3 to 10 PM,3 to 10 PM,3 to 10 PM,3 to 10 PM,12 to 10 PM,3 to 10 PM,False,True,False,True,True,227.0,4.7
Hospitality,Bihi,Restaurant,"144/144-148 Nicholson St, Footscray VIC 3011, Australia",Footscray,https://www.google.com/maps/search/?api=1&query=Bihi&query_place_id=ChIJF-f7Yhld1moRpZgkjdcws1o,,,+61 480 372 113,-37.8015924,144.899049,False,,,,,,,,False,False,False,False,False,41.0,5.0
Hospitality,Fresh Dough Pizza and Kebab Werribee,Pizza Takeout,"113 Rosella Ave, Werribee VIC 3030, Australia",Werribee,https://www.google.com/maps/search/?api=1&query=Fresh%20Dough%20Pizza%20and%20Kebab%20Werribee&query_place_id=ChIJBbv1ySmF1moRDeH-AoUVgT4,https://fresh-dough-pizza-and-kebab-werribee.nextorder.com/,,+61 3 9742 7141,-37.8813362,144.6682492,False,11 AM to 2 AM,11 AM to 2 AM,11 AM to 2 AM,11 AM to 2 AM,11 AM to 2 AM,11 AM to 2 AM,11 AM to 2 AM,False,True,True,False,True,653.0,4.3
Hospitality,Your Event Company,Event management company,"Werribee Park, 270 K Rd, Werribee South VIC 3030, Australia",Werribee South,https://www.google.com/maps/search/?api=1&query=Your%20Event%20Company&query_place_id=ChIJg3kQ7zaE1moRuJzLlJ1hfqs,http://youreventco.com.au/,,+61 419 103 790,-37.9269902,144.6789761,False,,,,,,,,False,False,True,False,False,,
Hospitality,Oaks Melbourne Flemington Suites,Hotel,"18 Mt Alexander Rd, Travancore VIC 3032, Australia",Travancore,https://www.google.com/maps/search/?api=1&query=Oaks%20Melbourne%20Flemington%20Suites&query_place_id=ChIJ87_sZC9d1moRBampKBOFTc4,https://www.oakshotels.com/en/oaks-melbourne-flemington-suites?utm_source=gmb&utm_medium=organic&utm_campaign=local-gmb_aunz_flemington,Flemington@theoaksgroup.com.au,+61 3 9122 6001,-37.7850059,144.9387937,False,,,,,,,,False,False,False,False,False,40.0,3.4
Hospitality,The College of Business Management,College,"Unit 14/65 Mark St, North Melbourne VIC 3051, Australia",North Melbourne,https://www.google.com/maps/search/?api=1&query=The%20College%20of%20Business%20Management&query_place_id=ChIJWx5eFBhd1moRBuanhHC8g5U,http://cbm.edu.au/,info@cbm.edu.au,+61 3 7046 6602,-37.7937226,144.9380407,False,9 AM to 5 PM,9 AM to 5 PM,9 AM to 5 PM,9 AM to 5 PM,9 AM to 5 PM,Closed,Closed,False,True,False,False,False,12.0,5.0
Hospitality,Elite Line Group Pty Ltd,Window cleaning service,"600 Sneydes Rd, Werribee VIC 3030, Australia",Werribee,https://www.google.com/maps/search/?api=1&query=Elite%20Line%20Group%20Pty%20Ltd&query_place_id=ChIJTx_xUyqF1moRpsH18c9gj2M,https://www.elitelinegroup.com.au/,deen@elitelinegroup.com.au,+61 1300 793 174,-37.8970152,144.6882105,False,Open 24 hours,Open 24 hours,Open 24 hours,Open 24 hours,Open 24 hours,Open 24 hours,Open 24 hours,False,False,False,False,False,,
Hospitality,Tomkin Australia,Wholesaler,"371-377 Flemington Rd, North Melbourne VIC 3051, Australia",North Melbourne,https://www.google.com/maps/search/?api=1&query=Tomkin%20Australia&query_place_id=ChIJz0c_8MFd1moRH7SgJAqRjDI,http://www.tomkin.com.au/?utm_source=google&utm_medium=VIC_showroom&utm_id=google+my+business,support@theappslabz.com,+61 1800 866 546,-37.7901485,144.9424909,False,9 AM to 5 PM,9 AM to 5 PM,9 AM to 5 PM,9 AM to 5 PM,9 AM to 5 PM,Closed,Closed,False,True,True,False,False,2.0,5.0
Hospitality,Housekeeping Agency,House cleaning service,"Unit 1/21 Sandown Rd, Ascot Vale VIC 3032, Australia",Ascot Vale,https://www.google.com/maps/search/?api=1&query=Housekeeping%20Agency&query_place_id=ChIJydAqbwFd1moRNWEAnj4ckD8,http://housekeepingagency.com.au/,,,-37.7830736,144.9217945,False,,,,,,,,False,False,False,False,False,,
Hospitality,United Petroleum Kensington (Pie Face),Gas station,"152-160 Dynon Rd, Kensington VIC 3031, Australia",Kensington,https://www.google.com/maps/search/?api=1&query=United%20Petroleum%20Kensington%20(Pie%20Face)&query_place_id=ChIJIX38eW1d1moRNd6tzYN0ZxY,https://servicestations.unitedpetroleum.com.au/location/united-kensington?utm_content=United+Petroleum+Kensington+%28Pie+Face%29&utm_campaign=Google+My+Business&utm_medium=organic&utm_source=google&utm_term=plcid_16668696511271309137,,+61 3 8379 0716,-37.8029088,144.9298606,False,Open 24 hours,Open 24 hours,Open 24 hours,Open 24 hours,Open 24 hours,Open 24 hours,Open 24 hours,False,False,False,True,False,78.0,3.1
Hospitality,The Chandlery,Event venue,"67 Beach St, Port Melbourne VIC 3207, Australia",Port Melbourne,https://www.google.com/maps/search/?api=1&query=The%20Chandlery&query_place_id=ChIJPw0oHHxn1moRh-MWicVc06E,http://www.thechandlery.melbourne/,THE-CHANDLERY_MARQUE_POSITIVE@3x.png,+61 408 003 504,-37.8418637,144.9362564,False,Open 24 hours,Open 24 hours,Open 24 hours,Open 24 hours,Open 24 hours,Open 24 hours,Open 24 hours,False,True,True,True,False,58.0,5.0
Hospitality,The Views LSV,Conference center,"200 The Blvd, Port Melbourne VIC 3207, Australia",Port Melbourne,https://www.google.com/maps/search/?api=1&query=The%20Views%20LSV&query_place_id=ChIJYZY2vgln1moRKBQRzhIGxBM,https://theviewslsv.com.au/?utm_source=GMB&utm_medium=Organic&utm_campaign=Port%20Melbourne,functions@lsv.com.au,+61 3 9676 6960,-37.8399996,144.9154552,False,6 AM to 12 AM,6 AM to 12 AM,6 AM to 12 AM,6 AM to 12 AM,6 AM to 12 AM,6 AM to 12 AM,6 AM to 12 AM,False,True,True,True,False,29.0,4.6
Hospitality,Crust Pizza Port Melbourne,Pizza restaurant,"85 Bay St, Port Melbourne VIC 3207, Australia",Port Melbourne,https://www.google.com/maps/search/?api=1&query=Crust%20Pizza%20Port%20Melbourne&query_place_id=ChIJfZXouepn1moRXreGnGpZHYU,https://www.crust.com.au/stores/vic/port-melbourne/?utm_source=google&utm_medium=organic&utm_campaign=Google%20My%20Business&utm_content=Port%20Melbourne&utm_term=plcid_16743790309717509415,portmelbourne@crust.com.au,+61 3 7074 6616,-37.8409885,144.9396664,False,10:30 AM to 11 PM,10:30 AM to 11 PM,10:30 AM to 11 PM,10:30 AM to 12 am,10:30 AM to 2 am,10:30 AM to 2 am,12:30 to 11 PM,False,False,False,False,False,452.0,4.1
Hospitality,Pulao Place,Indian restaurant,"3/102-104 Watton St, Werribee VIC 3030, Australia",Werribee,https://www.google.com/maps/search/?api=1&query=Pulao%20Place&query_place_id=ChIJ3ekWIi6F1moRLblDdWE5UmM,https://www.pulaoplace.com.au/pulao-place-werribee/,pulaoplace@gmail.com,+61 3 8763 2979,-37.9036268,144.6567132,False,"12 to 4 PM, 5 to 10 PM","12 to 4 PM, 5 to 10 PM","12 to 4 PM, 5 to 10 PM","12 to 4 PM, 5 to 10 PM",12 to 10:30 PM,11 AM to 10:30 PM,11 AM to 10 PM,False,True,True,True,True,1096.0,4.2
Hospitality,UNIQLO Werribee,Clothing store,"Shop MM - 15 Heaths Rd, Hoppers Crossing VIC 3030, Australia",Hoppers Crossing,https://www.google.com/maps/search/?api=1&query=UNIQLO%20Werribee&query_place_id=ChIJF4k4GvAEkWsRod6EAG1jJc4,https://map.uniqlo.com/au/en/detail/112306?utm_source=google&utm_campaign=local&utm_medium=organic,,+61 486 285 073,-37.875968,144.6800992,False,9 AM to 5:30 PM,9 AM to 5:30 PM,9 AM to 5:30 PM,9 AM to 9 PM,9 AM to 9 PM,9 AM to 5 PM,10 AM to 5 PM,False,True,True,False,False,475.0,4.3
Hospitality,Build-A-Bear Workshop - Pacific Werribee,Toy store,"Corner Derrimut Road and, Heaths Rd, Werribee VIC 3030, Australia",Werribee,https://www.google.com/maps/search/?api=1&query=Build-A-Bear%20Workshop%20-%20Pacific%20Werribee&query_place_id=ChIJrZg6uVyP1moRSezcBd991mo,https://buildabear.com.au/,webbear@buildabear.com.au,+61 3 8763 0405,-37.8759482,144.6783808,False,9:30 AM to 5:30 PM,9:30 AM to 5:30 PM,9:30 AM to 5:30 PM,9:30 AM to 9 PM,9:30 AM to 9 PM,9 AM to 5 PM,10 AM to 5 PM,False,True,True,False,False,48.0,4.1
Hospitality,San Churro Werribee,Dessert restaurant,"Urban Diner, Pacific, Werribee Plaza Shopping Centre, Tenancy RE-03/250 Heaths Rd, Hoppers Crossing VIC 3029, Australia",Hoppers Crossing,https://www.google.com/maps/search/?api=1&query=San%20Churro%20Werribee&query_place_id=ChIJXXDuRVuP1moRk-in5R9-kGQ,http://www.sanchurro.com/,,+61 3 7047 6284,-37.875795,144.681939,False,9 AM to 10 PM,9 AM to 10 PM,9 AM to 10 PM,9 AM to 11 PM,9 AM to 11:30 PM,9 AM to 11:30 PM,9:30 AM to 10 PM,False,True,True,True,True,1615.0,4.3
Hospitality,The Hoppers Club,Social club,"180-200 Pannam Dr, Hoppers Crossing VIC 3029, Australia",Hoppers Crossing,https://www.google.com/maps/search/?api=1&query=The%20Hoppers%20Club&query_place_id=ChIJJX5SD0qP1moRtPbXaFPpE9o,https://www.hoppersclub.com.au/,,+61 3 9749 4844,-37.8695626,144.692349,False,10 AM to 12 AM,10 AM to 12 AM,10 AM to 1 AM,10 AM to 1 AM,10 AM to 2 AM,10 AM to 2 AM,11 AM to 12 AM,False,True,True,True,True,785.0,4.0
Hospitality,Laung Laachi Indian Restaurant Werribee,Indian restaurant,"Shop 15a/167/179 Shaws Rd, Werribee VIC 3030, Australia",Werribee,https://www.google.com/maps/search/?api=1&query=Laung%20Laachi%20Indian%20Restaurant%20Werribee&query_place_id=ChIJk8PmbgCF1moR3NS-kD1dTvs,https://www.launglaachiwerribee.com.au/,launglaachiwerribee@gmail.com,+61 3 8087 1347,-37.8897719,144.6613768,False,2 PM to 2 AM,2 PM to 2 AM,2 PM to 2 AM,2 PM to 2 AM,2 PM to 2 AM,2 PM to 2 AM,2 PM to 2 AM,False,False,True,False,False,247.0,4.1
Hospitality,Harbour Town Hotel,Restaurant,"G09/12 Star Circus, Docklands VIC 3008, Australia",Docklands,https://www.google.com/maps/search/?api=1&query=Harbour%20Town%20Hotel&query_place_id=ChIJta_rvWdd1moRF93IDvtU9uo,http://www.harbourtownhotel.com.au/,,+61 3 8080 9800,-37.812258,144.936874,False,10 AM to 9 PM,10 AM to 9 PM,10 AM to 9 PM,10 AM to 9 PM,10 AM to 9:30 PM,10 AM to 9:30 PM,10 AM to 9 PM,False,False,False,False,False,36.0,3.0
Hospitality,Ashton Hotel School,Hospitality and tourism school,"108 Newquay Promenade, Docklands VIC 3008, Australia",Docklands,https://www.google.com/maps/search/?api=1&query=Ashton%20Hotel%20School&query_place_id=ChIJcwaJitxd1moRM-a6dY7Uhcg,http://www.ashtoncollege.edu.au/,,+61 3 9349 2488,-37.815937,144.938581,False,,,,,,,,False,True,False,False,False,,
Hospitality,Alma Mater College Australia (AMCA) Docklands Campus,College,"6 Doepel Way, Docklands VIC 3008, Australia",Docklands,https://www.google.com/maps/search/?api=1&query=Alma%20Mater%20College%20Australia%20(AMCA)%20Docklands%20Campus&query_place_id=ChIJa9mEPgld1moRAGLBLotH9Pg,https://www.amca.edu.au/,,+61 421 455 408,-37.8141432,144.9400673,False,8 AM to 10 PM,8 AM to 10 PM,8 AM to 10 PM,8 AM to 10 PM,8 AM to 10 PM,8 AM to 10 PM,Closed,False,True,False,False,False,11.0,5.0
Hospitality,Ecco Enterprises,Corporate office,"64 Beaconsfield Ln, Albert Park VIC 3206, Australia",Albert Park,https://www.google.com/maps/search/?api=1&query=Ecco%20Enterprises&query_place_id=ChIJcYitTsJn1moRq37Ssuce810,http://eccoenterprises.com.au/,,+61 413 800 303,-37.8462839,144.9464314,False,,,,,,,,False,False,False,False,False,1.0,1.0
Hospitality,Port Melbourne Yacht Club Atlantic Group,Event venue,"38 Beach St, Port Melbourne VIC 3207, Australia",Port Melbourne,https://www.google.com/maps/search/?api=1&query=Port%20Melbourne%20Yacht%20Club%20Atlantic%20Group&query_place_id=ChIJg06TSd9n1moRiVWqoFw_kAA,https://atlanticgroup.com.au/venues/port-melbourne-yacht-club/,name@email.com,+61 3 8623 9600,-37.8433775,144.9378708,False,,,,,,,,False,True,True,True,False,30.0,4.8
Hospitality,Beer Garden & Cucina,Restaurant,"115 Bay St, Port Melbourne VIC 3207, Australia",Port Melbourne,https://www.google.com/maps/search/?api=1&query=Beer%20Garden%20%26%20Cucina&query_place_id=ChIJVVXx3Opn1moRYW3Kq-cwMWs,,,,-37.8403137,144.9403194,False,,,,,,,,False,True,False,False,True,,
Hospitality,The Albert Park Hotel,Restaurant,"85 Dundas Pl, Albert Park VIC 3206, Australia",Albert Park,https://www.google.com/maps/search/?api=1&query=The%20Albert%20Park%20Hotel&query_place_id=ChIJ13dkduRn1moRAf2nU4Ju67M,http://www.thealbertpark.com.au/,,+61 3 8644 4095,-37.841277,144.955695,False,12 to 10:30 PM,12 to 10:30 PM,12 to 10:30 PM,12 to 10:30 PM,12 PM to 12 AM,12 PM to 12 AM,12 to 10:30 PM,False,True,True,True,True,794.0,4.3
Hospitality,The Exchange Hotel,Pub,"39 Bay St, Port Melbourne VIC 3207, Australia",Port Melbourne,https://www.google.com/maps/search/?api=1&query=The%20Exchange%20Hotel&query_place_id=ChIJDaF7_79n1moRBfnrhu2PGrQ,https://www.theexchangehotel.net.au/?utm_source=google&utm_medium=organic&utm_campaign=gmb&utm_term=plcid_10306803255869292449,info@theexchangehotel.net.au,+61 3 9810 0058,-37.8419782,144.9388301,False,12 to 10:30 PM,12 to 10:30 PM,12 to 10:30 PM,12 to 10:30 PM,12 PM to 12 AM,11 AM to 12 AM,11 AM to 10:30 PM,False,True,True,True,False,1156.0,4.2
Hospitality,One Wolf Design,Interior designer,"31 Mills St, Albert Park VIC 3206, Australia",Albert Park,https://www.google.com/maps/search/?api=1&query=One%20Wolf%20Design&query_place_id=ChIJg4JCPodr1moRVBqLPX5Punw,http://www.onewolfdesign.com/,studio@onewolfdesign.com,+61 437 364 828,-37.8456512,144.9592356,False,9 AM to 5:30 PM,9 AM to 5:30 PM,9 AM to 5:30 PM,9 AM to 5:30 PM,9 AM to 5:30 PM,Closed,Closed,False,False,False,False,False,,
Hospitality,Yum Catering,Restaurant,"309 Bay St, Port Melbourne VIC 3207, Australia",Port Melbourne,https://www.google.com/maps/search/?api=1&query=Yum%20Catering&query_place_id=ChIJl3-jMuxn1moRysLFSBBE_k4,,,,-37.8364838,144.9439659,False,,,,,,,,False,True,False,False,False,,
Hospitality,Prince Alfred Hotel,Pub,"355 Bay St, Port Melbourne VIC 3207, Australia",Port Melbourne,https://www.google.com/maps/search/?api=1&query=Prince%20Alfred%20Hotel&query_place_id=ChIJLyEaDO5n1moRopvg9KOTAAE,http://www.princealfred.pub/,,+61 3 9676 9643,-37.8353503,144.9450198,False,,,,,,,,False,True,False,False,False,832.0,4.4
Hospitality,The Main Course Brothel,Adult entertainment club,"58 Dudley St, West Melbourne VIC 3003, Australia",West Melbourne,https://www.google.com/maps/search/?api=1&query=The%20Main%20Course%20Brothel&query_place_id=ChIJy2uRXy5d1moRJ100w4CEQko,https://themaincourse.com.au/,info@themaincourse.com.au,+61 3 9329 1000,-37.808655,144.95334,False,"12 to 6 AM, 10 AM to 12 AM","12 to 6 AM, 10 AM to 12 AM","12 to 6 AM, 10 AM to 12 AM","12 to 6 AM, 10 AM to 12 AM","12 to 6 AM, 10 AM to 12 AM","12 to 8 AM, 10 AM to 12 AM","12 to 8 AM, 10 AM to 12 AM",False,False,False,False,False,97.0,3.6
Hospitality,Tableside Creatives,Marketing agency,"Ste 218/87 Gladstone St, South Melbourne VIC 3205, Australia",South Melbourne,https://www.google.com/maps/search/?api=1&query=Tableside%20Creatives&query_place_id=ChIJzYlR3L6FhogRfaw99FxNbq8,https://www.tableside.com.au/,hello@tableside.com.au,+61 438 925 200,-37.8296599,144.9507456,False,8 AM to 5 PM,8 AM to 5 PM,8 AM to 5 PM,8 AM to 5 PM,8 AM to 5 PM,Closed,Closed,False,False,False,True,True,31.0,5.0
Hospitality,Wyndham Cache,Restaurant,"243 K Rd, Werribee South VIC 3030, Australia",Werribee South,https://www.google.com/maps/search/?api=1&query=Wyndham%20Cache&query_place_id=ChIJVQ8uWjiE1moRisW1FZTH3gE,https://www.wyndhamcache.com.au/,,+61 3 9742 1526,-37.9309401,144.6778957,False,8 AM to 4 PM,8 AM to 4 PM,8 AM to 4 PM,8 AM to 4 PM,8 AM to 4 PM,8 AM to 4 PM,8 AM to 4 PM,False,True,True,True,True,953.0,4.3
Hospitality,HospoHR,Employment agency,"607 Bourke St, Melbourne VIC 3004, Australia",Melbourne,https://www.google.com/maps/search/?api=1&query=HospoHR&query_place_id=ChIJ4xy7E0xd1moRFtVo2hzk7T0,,,+61 3 9982 6318,-37.8168453,144.9556156,False,9 AM to 5 PM,9 AM to 5 PM,9 AM to 5 PM,9 AM to 5 PM,9 AM to 5 PM,Closed,Closed,False,False,False,False,False,3.0,3.7
Hospitality,Academia Institute,Educational institution,"399 Lonsdale St, Melbourne VIC 3000, Australia",Melbourne,https://www.google.com/maps/search/?api=1&query=Academia%20Institute&query_place_id=ChIJQ2vLBbVC1moRrJkUiGKtPFw,https://www.academia21.com/,,+61 3 9671 4755,-37.8129895,144.960638,False,8 AM to 5 PM,8 AM to 5 PM,8 AM to 5 PM,8 AM to 5 PM,8 AM to 5 PM,Closed,Closed,False,True,False,True,True,156.0,4.4
Hospitality,Novel Institute,Educational institution,"8 Newquay Promenade, Docklands VIC 3008, Australia",Docklands,https://www.google.com/maps/search/?api=1&query=Novel%20Institute&query_place_id=ChIJywzWvzqU2QkRmwfyhkxo6rw,https://novelinstitute.edu.au/,info@novelinstitute.edu.au,+61 3 9125 4411,-37.8140604,144.943752,False,,,,,,,,False,True,False,False,False,3.0,5.0
Hospitality,AFX Student Exchange,Youth organization,"Ste 2, Level 9/477 Collins St, Melbourne VIC 3000, Australia",Melbourne,https://www.google.com/maps/search/?api=1&query=AFX%20Student%20Exchange&query_place_id=ChIJsXTXb4RC1moRsrg2acCFtRk,http://www.afxstudentexchange.com/,,+61 3 6144 7049,-37.8180765,144.9583657,False,,,,,,,,False,False,False,False,False,57.0,4.9
Hospitality,The Oakroom at Batman's,Restaurant,"623 Collins St, Melbourne VIC 3000, Australia",Melbourne,https://www.google.com/maps/search/?api=1&query=The%20Oakroom%20at%20Batman's&query_place_id=ChIJDURFeMNd1moRzRqJdVmURRY,https://batmanshill.com.au/dining,res@batmanshill.com.au,+61 3 9614 6344,-37.8192642,144.9545566,False,7 to 10 AM,"7 to 10 AM, 5 to 9 PM",7 AM to 10 PM,"7 to 10 AM, 5 to 9 PM","7 to 10 AM, 5 to 9 PM","7 to 10 AM, 5 to 9 PM",7 to 10 AM,False,True,True,True,True,121.0,4.2
Hospitality,Only Coffee Project Melbourne Quarter,Coffee shop,"22 Ti Tree Walk, Docklands VIC 3008, Australia",Docklands,https://www.google.com/maps/search/?api=1&query=Only%20Coffee%20Project%20Melbourne%20Quarter&query_place_id=ChIJHdrDJgBd1moRWjVc0qgFHec,,,,-37.8204322,144.952656,False,7 AM to 4 PM,7 AM to 4 PM,7 AM to 4 PM,7 AM to 4 PM,7 AM to 4 PM,8 AM to 2 PM,Closed,False,True,False,False,False,62.0,4.8
Hospitality,MV Birrarung - Private Boat Cruise Melbourne,Boat rental service,"45 Newquay Promenade, Docklands VIC 3008, Australia",Docklands,https://www.google.com/maps/search/?api=1&query=MV%20Birrarung%20-%20Private%20Boat%20Cruise%20Melbourne&query_place_id=ChIJjwe05fxn1moRQ3g_u9szey4,https://www.mvbirrarung.com.au/,,+61 3 9981 2436,-37.815191,144.9418785,False,10 AM to 4 PM,10 AM to 4 PM,10 AM to 4 PM,10 AM to 4 PM,10 AM to 4 PM,10 AM to 4 PM,10 AM to 4 PM,False,False,False,False,False,5.0,5.0
Hospitality,Mercure Melbourne La Trobe Street,Hotel,"492 La Trobe St, West Melbourne VIC 3003, Australia",West Melbourne,https://www.google.com/maps/search/?api=1&query=Mercure%20Melbourne%20La%20Trobe%20Street&query_place_id=ChIJpzG2zBRd1moRPf-y3UDKEe0,https://all.accor.com/lien_externe.svlt?goto=fiche_hotel&code_hotel=B6L6&merchantid=seo-maps-AU-B6L6&sourceid=aw-cen&utm_medium=seo%20maps&utm_source=google%20Maps&utm_campaign=seo%20maps,HB6L6@accor.com,+61 3 9022 8333,-37.8126379,144.952494,False,,,,,,,,False,False,False,False,False,82.0,4.0
Hospitality,Atlantis College of Management,Business school,"14/474 Flinders St, Melbourne VIC 3000, Australia",Melbourne,https://www.google.com/maps/search/?api=1&query=Atlantis%20College%20of%20Management&query_place_id=ChIJJ8LWgk1d1moRU8pCl24GgP0,http://atlantis.edu.au/,info@atlantis.edu.au,+61 3 9614 7857,-37.8197266,144.9582739,False,9 AM to 5 PM,9 AM to 5 PM,9 AM to 5 PM,9 AM to 5 PM,9 AM to 5 PM,Closed,Closed,False,True,False,True,True,11.0,5.0
Hospitality,Brighton College (Melbourne),Vocational school,"Level 1/255 William St, Melbourne VIC 3000, Australia",Melbourne,https://www.google.com/maps/search/?api=1&query=Brighton%20College%20(Melbourne)&query_place_id=ChIJmYUOXHBD1moRpesmQfxM_s0,http://www.brighton.edu.au/,abhishek@brighton.edu.au,+61 3 9998 7411,-37.813148,144.956784,False,8:30 AM to 5 PM,8:30 AM to 5 PM,8:30 AM to 5 PM,8:30 AM to 5 PM,8:30 AM to 5 PM,Closed,Closed,False,True,False,True,True,33.0,4.1
Hospitality,Mr. Hive Kitchen & Bar,Restaurant,"Crown Metropol, Level 1/8 Whiteman St, Southbank VIC 3006, Australia",Southbank,https://www.google.com/maps/search/?api=1&query=Mr.%20Hive%20Kitchen%20%26%20Bar&query_place_id=ChIJuf4fgVNd1moRFoaz2eBWua8,https://www.crownmelbourne.com.au/restaurants/mr-hive-kitchen-and-bar,,+61 3 9292 5777,-37.8245981,144.957825,False,7 AM to 10 PM,7 AM to 10 PM,7 AM to 10 PM,7 AM to 10 PM,7 AM to 10 PM,7 AM to 10 PM,7 AM to 10 PM,False,True,True,True,True,415.0,4.0
Hospitality,Impressive Platters Catering,Caterer,"238-240 Dryburgh St, North Melbourne VIC 3051, Australia",North Melbourne,https://www.google.com/maps/search/?api=1&query=Impressive%20Platters%20Catering&query_place_id=ChIJ1SuiBTxd1moRxz1PadK2_hc,https://impressiveplatters.com.au/,catering@impressiveplatters.com.au,+61 3 9320 5000,-37.8009669,144.9441067,False,7 AM to 5:30 PM,7 AM to 5:30 PM,7 AM to 5:30 PM,7 AM to 5:30 PM,7 AM to 5:30 PM,7 AM to 5:30 PM,7 AM to 5:30 PM,False,False,False,False,False,140.0,4.7
Hospitality,Stovetop Cafe,Cafe,"108/128 Leicester St, Carlton VIC 3053, Australia",Carlton,https://www.google.com/maps/search/?api=1&query=Stovetop%20Cafe&query_place_id=ChIJBbEeyjJd1moRuOa_qaod2PQ,https://www.stovetop.com.au/?utm_source=google&utm_medium=organic&utm_campaign=google_business_profile,info@stovetop.com.au,+61 3 9347 2010,-37.8032266,144.9607319,False,8 AM to 3 PM,8 AM to 3 PM,8 AM to 3 PM,8 AM to 3 PM,8 AM to 3 PM,Closed,Closed,False,True,False,True,True,431.0,4.2
Hospitality,Central Club Hotel - North Melbourne,Pub,"240 - 248 Victoria St, North Melbourne VIC 3051, Australia",North Melbourne,https://www.google.com/maps/search/?api=1&query=Central%20Club%20Hotel%20-%20North%20Melbourne&query_place_id=ChIJldlFgTNd1moRNkHrh7v2vIY,http://www.centralclubhotel.com.au/,,+61 3 4714 0368,-37.8059077,144.9581323,False,Closed,12 to 10 PM,12 to 11 PM,12 to 11 PM,12 to 11 PM,12 PM to 12 AM,Closed,False,True,False,True,False,288.0,4.6
Hospitality,Sportsco,Sportswear store,"Shop 221 Heaths Rd, Werribee VIC 3030, Australia",Werribee,https://www.google.com/maps/search/?api=1&query=Sportsco&query_place_id=ChIJUyZl7lyP1moRRX939JXCh60,http://www.sportsco.com.au/,,+61 3 9748 7649,-37.8759816,144.6805446,False,9 AM to 5:30 PM,9 AM to 5:30 PM,9 AM to 5:30 PM,9 AM to 9 PM,9 AM to 9 PM,9 AM to 5 PM,10 AM to 5 PM,False,True,True,False,False,77.0,3.8
Hospitality,Compass Group,Food products supplier,"4/369 Royal Parade, Parkville VIC 3052, Australia",Parkville,https://www.google.com/maps/search/?api=1&query=Compass%20Group&query_place_id=ChIJu7S3eBhd1moRqBxugLCAU08,http://www.compass-group.com.au/,,+61 3 9274 9500,-37.7848344,144.9582969,False,,,,,,,,False,False,True,False,False,7.0,1.6
Hospitality,Urban Foodies Studio,Event venue,"64 Sutton St, North Melbourne VIC 3051, Australia",North Melbourne,https://www.google.com/maps/search/?api=1&query=Urban%20Foodies%20Studio&query_place_id=ChIJnT2IjBhd1moRVyjRmrpXKj8,https://www.urbanfoodies.com.au/,info@urbanfoodies.com.au,+61 3 9690 5831,-37.7917959,144.9382133,False,7 AM to 3 PM,7 AM to 3 PM,7 AM to 3 PM,7 AM to 3 PM,7 AM to 3 PM,8 AM to 3 PM,Closed,False,True,True,False,False,18.0,4.4
Hospitality,Reggio Calabria Club,Italian restaurant,"476 Brunswick Rd, Parkville VIC 3052, Australia",Parkville,https://www.google.com/maps/search/?api=1&query=Reggio%20Calabria%20Club&query_place_id=ChIJeRCeFuhc1moR8POatotWCqc,https://www.reggiocalabriaclub.com.au/,,+61 3 8560 0556,-37.775334,144.9382845,False,Closed,Closed,Closed,5 to 10 PM,Closed,6:30 to 10:30 PM,12:30 to 4:30 PM,False,True,True,True,True,269.0,4.5
Hospitality,ANIBT - Brunswick Campus,Educational institution,"Unit 2-4/306 Albert St, Melbourne VIC 3056, Australia",Melbourne,https://www.google.com/maps/search/?api=1&query=ANIBT%20-%20Brunswick%20Campus&query_place_id=ChIJ5R9UebNc1moRD_QBPqH_jEE,http://www.anibt.edu.au/,info@anibt.edu.au,+61 3 9388 0402,-37.7688228,144.9588174,False,8:30 AM to 5 PM,8:30 AM to 5 PM,8:30 AM to 5 PM,8:30 AM to 5 PM,8:30 AM to 5 PM,Closed,Closed,False,True,True,False,False,90.0,4.2
Hospitality,Blanc Atelier Interiors Pty Ltd,Interior designer,"77 Galada Ave, Parkville VIC 3052, Australia",Parkville,https://www.google.com/maps/search/?api=1&query=Blanc%20Atelier%20Interiors%20Pty%20Ltd&query_place_id=ChIJ20TSgIqN200RXH_CAPoxSSM,https://www.blancatelier.com.au/,info@blancatelier.com.au,+61 430 863 202,-37.7793182,144.9391046,False,9 AM to 5 PM,9 AM to 5 PM,9 AM to 5 PM,9 AM to 5 PM,9 AM to 5 PM,Closed,Closed,False,False,False,False,False,8.0,5.0
Hospitality,Ganley Group,Corporate office,"1A/60 Fitzroy St, St Kilda VIC 3182, Australia",St Kilda,https://www.google.com/maps/search/?api=1&query=Ganley%20Group&query_place_id=ChIJszOjAWxo1moRdy2lyqVyvTs,http://ganleygroup.com.au/,,+61 3 9534 0279,-37.8592729,144.9773034,False,9 AM to 5 PM,9 AM to 5 PM,9 AM to 5 PM,9 AM to 5 PM,9 AM to 5 PM,Closed,Closed,False,True,False,True,False,1.0,5.0
Hospitality,Middle Park Hotel,Hotel,"102 Canterbury Rd, Middle Park VIC 3206, Australia",Middle Park,https://www.google.com/maps/search/?api=1&query=Middle%20Park%20Hotel&query_place_id=ChIJC1lRNwto1moRzHxSMv1EySA,https://www.middleparkhotel.com.au/?utm_source=google&utm_medium=organic&utm_campaign=gmb&utm_term=plcid_14116319001998101987,info@middleparkhotel.com.au,+61 3 9810 0079,-37.8499391,144.9649751,False,,,,,,,,False,False,False,False,False,1421.0,4.3
Hospitality,The Play Lounge,Event venue,"113 Fitzroy St, St Kilda VIC 3182, Australia",St Kilda,https://www.google.com/maps/search/?api=1&query=The%20Play%20Lounge&query_place_id=ChIJc1nRsW5o1moRI29-Dg1HXvY,http://theplaylounge.com.au/,party@theplaylounge.com.au,+61 409 822 008,-37.860181,144.977353,False,12 PM to 1 AM,12 PM to 1 AM,12 PM to 1 AM,12 PM to 1 AM,12 PM to 1 AM,12 PM to 1 AM,12 PM to 1 AM,False,False,False,False,False,113.0,4.4
Hospitality,Alex Davey Photography,Photographer,"343 Beaconsfield Parade, St Kilda West VIC 3182, Australia",St Kilda West,https://www.google.com/maps/search/?api=1&query=Alex%20Davey%20Photography&query_place_id=ChIJKVXUCkND1moRDbwHu2JKqe4,https://www.alexdavey.com/,alex@alexdavey.com,+61 419 806 434,-37.8585858,144.9708487,False,7 AM to 8 PM,7 AM to 8 PM,7 AM to 8 PM,7 AM to 8 PM,7 AM to 8 PM,7 AM to 8 PM,7 AM to 8 PM,False,False,False,False,False,13.0,5.0
Hospitality,Onsite Team,Property management company,"Unit 2906/250 City Rd, Southbank VIC 3006, Australia",Southbank,https://www.google.com/maps/search/?api=1&query=Onsite%20Team&query_place_id=ChIJq6ra6lRd1moROtbhkTq3FRo,,,,-37.8258358,144.9597515,False,9 AM to 5:30 PM,9 AM to 5:30 PM,9 AM to 5:30 PM,9 AM to 5:30 PM,9 AM to 5:30 PM,Closed,Closed,False,False,False,False,False,72.0,4.0
Hospitality,Palladium at Crown,Event venue,"Level 1 Crown Towers, Crown Melbourne, 8 Whiteman St, Southbank VIC 3006, Australia",Southbank,https://www.google.com/maps/search/?api=1&query=Palladium%20at%20Crown&query_place_id=ChIJk5Bj5lJd1moRRppN4NBYu6M,https://www.crownmelbourne.com.au/events-and-conferences/private-events/palladium?utm_source=google&utm_medium=organic&utm_campaign=gbp&utm_content=palladium-web,,+61 3 9292 6222,-37.822181,144.959875,False,Open 24 hours,Open 24 hours,Open 24 hours,Open 24 hours,Open 24 hours,Open 24 hours,Open 24 hours,False,True,True,True,False,658.0,4.5
Hospitality,Lux List,Short term apartment rental agency,"PH 87/7 Riverside Quay, Southbank VIC 3006, Australia",Southbank,https://www.google.com/maps/search/?api=1&query=Lux%20List&query_place_id=ChIJTS8i1ytD1moRxSKYXD_1efw,https://www.luxlist.com.au/,,+61 400 087 111,-37.8213341,144.9646982,False,Open 24 hours,Open 24 hours,Open 24 hours,Open 24 hours,Open 24 hours,Open 24 hours,Open 24 hours,False,False,False,False,False,15.0,4.7
Hospitality,Indigo Digital Pty Ltd,Marketing agency,"Ste 6, Level 4/80 Market St, South Melbourne VIC 3205, Australia",South Melbourne,https://www.google.com/maps/search/?api=1&query=Indigo%20Digital%20Pty%20Ltd&query_place_id=ChIJ65m9oZ9n1moRxWyz6Ed3t-E,https://indigodigital.com/,,+61 3 7046 9192,-37.8296567,144.9579837,False,9 AM to 5 PM,9 AM to 5 PM,9 AM to 5 PM,9 AM to 5 PM,9 AM to 5 PM,Closed,Closed,False,False,False,False,False,12.0,5.0
Hospitality,Ottie's,Restaurant,"Crowne Plaza, Level 2/1-5 Spencer St, Docklands VIC 3005, Australia",Docklands,https://www.google.com/maps/search/?api=1&query=Ottie's&query_place_id=ChIJscs0QI1d1moRUNDDH2DXMII,https://otties.com.au/,hello@otties.com.au,+61 3 9648 2738,-37.8225289,144.9554173,False,"6:30 to 10 AM, 5:30 to 10 PM","6:30 to 10 AM, 5:30 to 10 PM","6:30 to 10 AM, 5:30 to 10 PM","6:30 to 10 AM, 5:30 to 10 PM","6:30 to 10 AM, 5:30 to 10 PM","7 to 11 AM, 5:30 to 10 PM","7 to 11 AM, 5:30 to 10 PM",False,True,True,True,True,81.0,4.0
Hospitality,The Mahogany Room,Restaurant,"8 Whiteman St, Southbank VIC 3006, Australia",Southbank,https://www.google.com/maps/search/?api=1&query=The%20Mahogany%20Room&query_place_id=ChIJuf4fgVNd1moRjGu0auBm4kQ,,,+61 3 9292 7222,-37.8223737,144.960016,False,12 PM to 12 AM,12 PM to 12 AM,12 PM to 12 AM,12 PM to 12 AM,12 PM to 1 AM,12 PM to 1 AM,12 PM to 12 AM,False,True,True,True,True,28.0,4.3
Hospitality,Bunty's Kitchen,Modern Indian restaurant,"Shop 4/153 Kings Way, Southbank VIC 3006, Australia",Southbank,https://www.google.com/maps/search/?api=1&query=Bunty's%20Kitchen&query_place_id=ChIJ0V8gUoBD1moRUOjEc_DtYGU,https://menumiz.com/Page/1490,buntyskitchensupport@gmail.com,+61 431 982 596,-37.8288329,144.9637176,False,11 AM to 9:30 PM,11 AM to 9:30 PM,11 AM to 9:30 PM,11 AM to 9:30 PM,11 AM to 10:30 PM,3 to 11 PM,5 to 10 PM,False,False,True,False,False,422.0,4.7
Hospitality,Aster Stayz,Serviced accommodation,"63 Haig St, Southbank VIC 3006, Australia",Southbank,https://www.google.com/maps/search/?api=1&query=Aster%20Stayz&query_place_id=ChIJZ0KZpY5d1moRkrhDWkeKyDQ,https://asterstayz.staydirectly.com/,,+61 470 639 292,-37.8277634,144.9567525,False,,,,,,,,False,False,False,False,False,,
Hospitality,Aegli,Restaurant,"226 Coventry St, South Melbourne VIC 3205, Australia",South Melbourne,https://www.google.com/maps/search/?api=1&query=Aegli&query_place_id=ChIJE8ZQJ0Jp1moRUQDa6oRbAGc,https://aegli.melbourne/,info@aegli.melbourne,+61 3 9279 4271,-37.8313425,144.9613426,False,Closed,5 to 10:30 PM,5 to 10:30 PM,5 to 10:30 PM,5 to 10:30 PM,5 to 10:30 PM,5 to 10:30 PM,False,False,False,False,False,192.0,4.9
Hospitality,"Bounce Luggage Storage - Queensberry St/Swanston St, Carlton",Luggage storage facility,"488 Swanston St, Carlton VIC 3053, Australia",Carlton,https://www.google.com/maps/search/?api=1&query=Bounce%20Luggage%20Storage%20-%20Queensberry%20St%2FSwanston%20St%2C%20Carlton&query_place_id=ChIJ2ZS1xVJD1moRU7eTNkgp3Ug,https://bounce.com/stores/melbourne/ombx24?utm_campaign=store_gmbs&utm_medium=website_url&utm_source=gmb,,+61 2 8806 1057,-37.8054922,144.9633658,False,8 AM to 3 AM,8 AM to 3 AM,8 AM to 3 AM,8 AM to 3 AM,8 AM to 3 AM,8 AM to 4 AM,8 AM to 4 AM,False,False,False,False,False,12.0,4.8
Hospitality,RESIDENCE at the Potter,Modern Australian restaurant,"815 Swanston St, Parkville VIC 3010, Australia",Parkville,https://www.google.com/maps/search/?api=1&query=RESIDENCE%20at%20the%20Potter&query_place_id=ChIJezt3vdRC1moR2VEbZCiE1Ow,https://www.residenceatthepotter.com.au/,hello@residenceatthepotter.com.au,+61 422 082 330,-37.7976865,144.9641118,False,8 AM to 3 PM,8 AM to 3 PM,8 AM to 3 PM,8 AM to 3 PM,8 AM to 3 PM,8 AM to 3 PM,8 AM to 3 PM,False,True,False,True,True,71.0,4.9
Hospitality,Squires Loft Sunbury,Restaurant,"91 Oshanassy St, Sunbury VIC 3429, Australia",Sunbury,https://www.google.com/maps/search/?api=1&query=Squires%20Loft%20Sunbury&query_place_id=ChIJ79qnJQn51moRPafDT8oi2Y0,https://squiresloft.com.au/,,+61 3 8746 5794,-37.5820365,144.7298123,False,5 to 10 PM,5 to 10 PM,5 to 10 PM,5 to 10 PM,5 to 10 PM,5 to 10 PM,"12 to 3 PM, 5 to 10 PM",False,True,True,True,True,507.0,4.8
Hospitality,Ecotel Melbourne Pty Ltd,Bakery equipment,"218-222 Nicholson St, Fitzroy VIC 3065, Australia",Fitzroy,https://www.google.com/maps/search/?api=1&query=Ecotel%20Melbourne%20Pty%20Ltd&query_place_id=ChIJi9LFdORD1moROd_4zqmfzXc,https://www.ecotel.asia/,,+61 3 9193 4325,-37.7984998,144.9750553,False,8:30 AM to 4:30 PM,8:30 AM to 4:30 PM,8:30 AM to 4:30 PM,8:30 AM to 4:30 PM,8:30 AM to 4:30 PM,Closed,Closed,False,False,False,False,False,15.0,3.9
Hospitality,SPC Global Holdings,Manufacturer,"501 TOWER, LEVEL 6/501 Swanston St, Melbourne VIC 3000, Australia",Melbourne,https://www.google.com/maps/search/?api=1&query=SPC%20Global%20Holdings&query_place_id=ChIJ6YA7K-2D2GoR_0c0ZA9fCn0,http://spcglobalgroup.com/,,+61 1800 805 168,-37.8067053,144.9615586,False,9 AM to 5 PM,9 AM to 5 PM,9 AM to 5 PM,9 AM to 5 PM,9 AM to 5 PM,Closed,Closed,False,True,True,False,False,11.0,3.2
Hospitality,PappaRich Melbourne Uni,Restaurant,"DM, 6, Building 168/189 Grattan St, Parkville VIC 3010, Australia",Parkville,https://www.google.com/maps/search/?api=1&query=PappaRich%20Melbourne%20Uni&query_place_id=ChIJKZZBzu9D1moRef10MlolYxw,https://www.papparich.net.au/,,+61 3 9347 8808,-37.7991062,144.9628749,False,10 AM to 6 PM,10 AM to 6 PM,10 AM to 6 PM,10 AM to 6 PM,10 AM to 6 PM,Closed,Closed,False,True,False,False,False,211.0,4.7
Hospitality,The Lincoln Arms - Private Dining Room,Function room facility,"138 Queensberry St, Carlton VIC 3053, Australia",Carlton,https://www.google.com/maps/search/?api=1&query=The%20Lincoln%20Arms%20-%20Private%20Dining%20Room&query_place_id=ChIJVzQNTBZD1moR_L8oeJUBL_Y,https://www.hotellincoln.com.au/functions-private-dining,hello@hotellincoln.com.au,+61 3 9347 4666,-37.804473,144.964291,False,12 to 11 PM,12 to 11 PM,12 to 11 PM,12 to 11 PM,12 PM to 12 AM,12 PM to 12 AM,12 to 11 PM,False,True,False,True,False,9.0,4.9
Hospitality,Crowne Plaza Melbourne Carlton by IHG,Hotel,"701 Swanston St, Carlton VIC 3053, Australia",Carlton,https://www.google.com/maps/search/?api=1&query=Crowne%20Plaza%20Melbourne%20Carlton%20by%20IHG&query_place_id=ChIJC98F-dJC1moRpHrC0Cs6bww,https://www.ihg.com/crowneplaza/hotels/us/en/carlton/melcn/hoteldetail?cm_mmc=GoogleMaps-_-CP-_-AU-_-MELCN,frontoffice.melcn@ihg.com,+61 3 9126 0600,-37.8013943,144.9634019,False,,,,,,,,False,False,False,False,False,24.0,4.8
Hospitality,Itahlia restaurant,Italian restaurant,"41 Horne St, Sunbury VIC 3429, Australia",Sunbury,https://www.google.com/maps/search/?api=1&query=Itahlia%20restaurant&query_place_id=ChIJEcYAoLn51moRW_gLAf3pOfE,https://itahlia-restaurant.nextorder.com/,,+61 3 9740 9770,-37.5792615,144.7274685,False,11:30 AM to 9 PM,11:30 AM to 9 PM,11:30 AM to 9 PM,11:30 AM to 9 PM,11:30 AM to 9 PM,11:30 AM to 9 PM,11:30 AM to 9 PM,False,True,True,True,True,614.0,4.2
Hospitality,Australian Hotels Association Victoria,Association / Organization,"1/1 Little Collins St, Melbourne VIC 3000, Australia",Melbourne,https://www.google.com/maps/search/?api=1&query=Australian%20Hotels%20Association%20Victoria&query_place_id=ChIJMaE_FsZC1moRWQHHYdDq7mM,http://www.ahavic.com.au/,,+61 3 9654 7100,-37.8125629,144.973295,False,9 AM to 5 PM,9 AM to 5 PM,9 AM to 5 PM,9 AM to 5 PM,9 AM to 5 PM,Closed,Closed,False,True,False,False,False,19.0,4.6
Hospitality,Black and White Waiters,Event management company,"04/14 365 Little Collins St, Melbourne VIC 3000, Australia",Melbourne,https://www.google.com/maps/search/?api=1&query=Black%20and%20White%20Waiters&query_place_id=ChIJgbTtBIBD1moRK8vgFgdln5E,http://blackandwhitewaiters.com.au/,,+61 1300 138 189,-37.815568,144.9626912,False,,,,,,,,False,False,False,False,False,16.0,5.0
Hospitality,Le Suisse Academy,Vocational school,"Level 1 & 2/301-311 Flinders Ln, Melbourne VIC 3000, Australia",Melbourne,https://www.google.com/maps/search/?api=1&query=Le%20Suisse%20Academy&query_place_id=ChIJpX2WsS1D1moRakTBmvMZfuk,https://lesuisse.edu.au/,info@lesuisse.edu.au,+61 3 7068 0005,-37.8174679,144.9640093,False,9 AM to 5 PM,9 AM to 5 PM,9 AM to 5 PM,9 AM to 5 PM,9 AM to 5 PM,Closed,Closed,False,False,False,False,False,115.0,4.2
Hospitality,Lisa Bellear House – University of Melbourne,Student housing center,"303 Royal Parade, Parkville VIC 3052, Australia",Parkville,https://www.google.com/maps/search/?api=1&query=Lisa%20Bellear%20House%20%E2%80%93%20University%20of%20Melbourne&query_place_id=ChIJ2WWHBDNd1moRcj8_2RnyIMg,https://study.unimelb.edu.au/discover/accommodation/university-accommodation/lisa-bellear-house?utm_source=GMB&utm_medium=organic&utm_campaign=website-button,,+61 3 9109 0900,-37.7862748,144.9583847,False,10 AM to 6 PM,10 AM to 6 PM,10 AM to 6 PM,10 AM to 6 PM,10 AM to 6 PM,10 AM to 6 PM,10 AM to 6 PM,False,True,True,False,False,39.0,4.2
Hospitality,STUDIO Y,Interior designer,"146 St Kilda Rd, St Kilda VIC 3182, Australia",St Kilda,https://www.google.com/maps/search/?api=1&query=STUDIO%20Y&query_place_id=ChIJ14aDK2ho1moRtSVtz0f0yCo,http://studioy.com.au/,groundcontrol@studioy.com.au,+61 3 9988 7920,-37.8603218,144.9846419,False,9 AM to 5:30 PM,9 AM to 5:30 PM,9 AM to 5:30 PM,9 AM to 5:30 PM,9 AM to 5 PM,Closed,Closed,False,False,False,False,False,5.0,5.0
Hospitality,Global Kitchen,Cafe,"1/321 Exhibition St, Melbourne VIC 3000, Australia",Melbourne,https://www.google.com/maps/search/?api=1&query=Global%20Kitchen&query_place_id=ChIJZ9tL785C1moRQ9fS18QxHis,,,+61 3 9663 3542,-37.8085011,144.968728,False,6 AM to 4 PM,6 AM to 4 PM,6 AM to 4 PM,6 AM to 4 PM,6 AM to 4 PM,Closed,Closed,False,True,False,False,False,89.0,4.1
Hospitality,Food Safety Handler & Supervisor Course Melbourne | Short Courses Australia,Training center,"Ste 2 Level 1/350 Collins St, Melbourne VIC 3000, Australia",Melbourne,https://www.google.com/maps/search/?api=1&query=Food%20Safety%20Handler%20%26%20Supervisor%20Course%20Melbourne%20%7C%20Short%20Courses%20Australia&query_place_id=ChIJpUi1QnVD1moRb9-PIiX049c,https://shortcoursesau.edu.au/food-safety-supervisor-fss-course/vic/melbourne,info@shortcoursesau.edu.au,+61 3 9125 4029,-37.8163047,144.9628625,False,9 AM to 5 PM,9 AM to 5 PM,9 AM to 5 PM,9 AM to 5 PM,9 AM to 5 PM,9 AM to 5 PM,Closed,False,True,False,True,True,267.0,4.9
Hospitality,The Mahony Group,Restaurant supply store,"42 Punt Rd, Windsor VIC 3181, Australia",Windsor,https://www.google.com/maps/search/?api=1&query=The%20Mahony%20Group&query_place_id=ChIJW0XT1j9o1moRzI2ApgRTR40,http://www.mahonygroup.net.au/,admin@thewindsoralehouse.com.au,+61 401 846 377,-37.8549684,144.9835547,False,9 AM to 6 PM,9 AM to 6 PM,9 AM to 6 PM,9 AM to 6 PM,9 AM to 6 PM,Closed,Closed,False,False,False,False,False,,
Hospitality,CaterQuip Maintenance P/L,Appliance repair service,"69 McDougall Rd, Sunbury VIC 3429, Australia",Sunbury,https://www.google.com/maps/search/?api=1&query=CaterQuip%20Maintenance%20P%2FL&query_place_id=ChIJ_VJXF4X51moR0_mK-ZwIVuA,http://www.catquip.com.au/,,+61 414 833 798,-37.5951211,144.7175771,False,8:30 AM to 5 PM,8:30 AM to 5 PM,8:30 AM to 5 PM,8:30 AM to 5 PM,8:30 AM to 5 PM,8 AM to 7 PM,8 AM to 7 PM,False,False,True,False,False,31.0,4.6
Hospitality,Houdinis Cafe e Cucina,Northern Italian restaurant,"52-56 Old Calder Hwy, Diggers Rest VIC 3427, Australia",Diggers Rest,https://www.google.com/maps/search/?api=1&query=Houdinis%20Cafe%20e%20Cucina&query_place_id=ChIJH1HW7Bf31moRF9xAMypF1jU,http://houdinis.com.au/,605a7baede844d278b89dc95ae0a9123@sentry-next.wixpress.com,+61 3 9740 0657,-37.6267025,144.7201729,False,Closed,5:30 to 9 PM,"12 to 3 PM, 5:30 to 9 PM","12 to 3 PM, 5:30 to 9 PM","12 to 3 PM, 5:30 to 9 PM","12 to 3 PM, 5:30 to 9 PM","12 to 3 PM, 5:30 to 9 PM",False,True,True,True,True,845.0,4.7
Hospitality,N&M Catering and Event Party Hire,Caterer,"1/16 McDougall Rd, Sunbury VIC 3429, Australia",Sunbury,https://www.google.com/maps/search/?api=1&query=N%26M%20Catering%20and%20Event%20Party%20Hire&query_place_id=ChIJK0BL6ef51moRR401sQgPd9c,http://www.nmcatering.com.au/,,+61 3 9740 7283,-37.5897046,144.7182983,False,10 AM to 5 PM,10 AM to 5 PM,10 AM to 5 PM,10 AM to 5 PM,10 AM to 5 PM,10 AM to 5 PM,10 AM to 5 PM,False,True,True,False,False,87.0,4.8
Hospitality,atWork Australia - Werribee,Employment center,"Office 2/20 McDonald St, Werribee VIC 3030, Australia",Werribee,https://www.google.com/maps/search/?api=1&query=atWork%20Australia%20-%20Werribee&query_place_id=ChIJCSVG4T6F1moRbIrQWf-VVlY,https://www.atworkaustralia.com.au/locations/werribee/?utm_source=google&utm_medium=organic&utm_campaign=gmb-WerribeeVIC,contact@atworkaustralia.com.au,+61 1300 080 856,-37.9046973,144.6598686,False,9 AM to 5 PM,9 AM to 5 PM,9 AM to 5 PM,9 AM to 5 PM,9 AM to 5 PM,Closed,Closed,False,True,True,False,False,33.0,4.8
Hospitality,MCG Corporate Suites,Function room facility,"Brunton Ave, Richmond VIC 3002, Australia",Richmond,https://www.google.com/maps/search/?api=1&query=MCG%20Corporate%20Suites&query_place_id=ChIJL3LmWZVC1moRFusr-xzpIOg,http://www.mcg.org.au/things-to-do/event-hospitality/corporate-suite-leasing,,+61 423 579 232,-37.8189714,144.9833902,False,10 AM to 11:30 PM,10 AM to 11:30 PM,10 AM to 11:30 PM,10 AM to 11:30 PM,10 AM to 11:30 PM,10 AM to 11:30 PM,10 AM to 11:30 PM,False,True,True,True,False,49.0,4.8
Hospitality,"Lanson Place Parliament Gardens, Melbourne",Hotel,"502 Albert St, East Melbourne VIC 3002, Australia",East Melbourne,https://www.google.com/maps/search/?api=1&query=Lanson%20Place%20Parliament%20Gardens%2C%20Melbourne&query_place_id=ChIJ73J0YRFD1moRr3F6WPnH6_k,http://lansonplace.com/parliamentgardens,,+61 3 8638 7800,-37.8091403,144.9739785,False,,,,,,,,False,False,False,False,False,243.0,4.6
Hospitality,Veriu Group Corporate Office,Corporate office,"Level 13/484 St Kilda Rd, Melbourne VIC 3004, Australia",Melbourne,https://www.google.com/maps/search/?api=1&query=Veriu%20Group%20Corporate%20Office&query_place_id=ChIJpe1egyJp1moRWTzm-hBISg8,https://www.veriu.com.au/,info@veriugroup.com.au,+61 1300 964 821,-37.8432358,144.9772549,False,9 AM to 5 PM,9 AM to 5 PM,9 AM to 5 PM,9 AM to 5 PM,9 AM to 5 PM,Closed,Closed,False,True,False,False,False,9.0,3.7
Hospitality,Onnero Operations Pty Ltd,Business management consultant,"4/1 Queens Rd, Melbourne VIC 3004, Australia",Melbourne,https://www.google.com/maps/search/?api=1&query=Onnero%20Operations%20Pty%20Ltd&query_place_id=ChIJCQtQaR1o1moRB-c78WO0jQ4,http://www.onnero.com.au/,contact@company.com,+61 1300 023 344,-37.8357874,144.9738831,False,,,,,,,,False,False,False,False,False,4.0,5.0
Hospitality,AVTES,Hospitality and tourism school,"134 Cambridge St, Collingwood VIC 3066, Australia",Collingwood,https://www.google.com/maps/search/?api=1&query=AVTES&query_place_id=ChIJP4wRAuFC1moRW6J3DNr3HRc,http://www.avtes.com.au/,hello@avtes.com.au,+61 3 9417 0133,-37.804359,144.986017,False,9 AM to 5 PM,9 AM to 5 PM,9 AM to 5 PM,9 AM to 5 PM,9 AM to 5 PM,Closed,Closed,False,False,False,False,False,,
Hospitality,Swanston Institute,Educational institution,"Level 2/364 Lonsdale St, Melbourne VIC 3000, Australia",Melbourne,https://www.google.com/maps/search/?api=1&query=Swanston%20Institute&query_place_id=ChIJpck_KK5D1moR13aTzmTQ8VQ,https://swanston.edu.au/,admin@swanston.edu.au,+61 3 9100 2111,-37.8122712,144.9615849,False,9 AM to 5:30 PM,9 AM to 5:30 PM,9 AM to 5:30 PM,9 AM to 5:30 PM,9 AM to 5:30 PM,9 AM to 5:30 PM,Closed,False,True,False,False,False,64.0,4.9
Hospitality,Holborne Institute Pty Ltd,,"55 Swanston St, Melbourne VIC 3000, Australia",Melbourne,https://www.google.com/maps/search/?api=1&query=Holborne%20Institute%20Pty%20Ltd&query_place_id=ChIJIZp0KrRC1moR29IgoBdffSY,https://holborne.edu.au/contact-us/,,+61 478 496 534,-37.8164,144.9666,False,8 AM to 9 PM,8 AM to 9 PM,8 AM to 9 PM,8 AM to 9 PM,8 AM to 9 PM,Closed,Closed,False,False,False,False,False,16.0,5.0
Hospitality,The Blacksmith Brasserie & Bar,Food and drink,"380 Lonsdale St, Melbourne VIC 3000, Australia",Melbourne,https://www.google.com/maps/search/?api=1&query=The%20Blacksmith%20Brasserie%20%26%20Bar&query_place_id=ChIJ8S87U7VC1moRBuZsBumrWNo,https://www.ihg.com/voco/hotels/us/en/melbourne/melct/hoteldetail,hosts@melbourne.vocohotels.com,+61 3 9122 5500,-37.8123541,144.9612398,False,6:30 to 10:30 AM,"6:30 to 10:30 AM, 12 to 2 PM, 6 to 10 PM","6:30 to 10:30 AM, 12 to 2 PM, 6 to 10 PM","6:30 to 10:30 AM, 12 to 2 PM, 6 to 10 PM","6:30 to 10:30 AM, 12 to 2 PM, 6 to 10 PM","7 to 11 AM, 12 to 2 PM, 6 to 10 PM",7 to 11 AM,False,True,False,False,False,27.0,4.1
Hospitality,McDonald's Pakenham,Fast food restaurant,"1/Cnr Princes Hwy, Pakenham VIC 3809, Australia",Pakenham,https://www.google.com/maps/search/?api=1&query=McDonald's%20Pakenham&query_place_id=ChIJRR0Vzw8e1moRzrdOtBY__iA,https://mcdonalds.com.au/?utm_medium=local&utm_source=google%20my%20business&utm_campaign=local%20search&utm_content=vic&utm_term=mcdonalds%20pakenham,,+61 3 5940 2297,-38.0709327,145.4782148,False,Open 24 hours,Open 24 hours,Open 24 hours,Open 24 hours,Open 24 hours,Open 24 hours,Open 24 hours,False,True,True,True,True,1721.0,3.6
Hospitality,Pakenham Toyota,Toyota dealer,"33 Commercial Dr, Pakenham VIC 3810, Australia",Pakenham,https://www.google.com/maps/search/?api=1&query=Pakenham%20Toyota&query_place_id=ChIJ3_4D3_Ad1moRltHzmCEwUJA,http://www.pakenhamtoyota.com.au/,,+61 3 5935 0643,-38.0928476,145.4847254,False,8:30 AM to 5:30 PM,8:30 AM to 5:30 PM,8:30 AM to 5:30 PM,8:30 AM to 5:30 PM,8:30 AM to 5:30 PM,8:30 AM to 5 PM,Closed,False,True,True,True,True,1264.0,4.8
Hospitality,Attria Wine,Modern Australian restaurant,"107 Swan St, Richmond VIC 3121, Australia",Richmond,https://www.google.com/maps/search/?api=1&query=Attria%20Wine&query_place_id=ChIJRadZ_e5D1moRF0M9ex29Fq4,http://www.attria.com.au/,,+61 485 541 462,-37.825151,144.994762,False,Closed,12 to 10:30 PM,12 to 10:30 PM,12 to 10:30 PM,12 PM to 1 AM,12 PM to 1 AM,3 to 10:30 PM,False,True,False,False,False,224.0,4.6
Hospitality,The Imperial College of Australia,College,"212 Hoddle St, Abbotsford VIC 3067, Australia",Abbotsford,https://www.google.com/maps/search/?api=1&query=The%20Imperial%20College%20of%20Australia&query_place_id=ChIJW38EwRxD1moRxC67X-qaNbk,https://www.imperial.edu.au/,%20info@imperial.edu.au,+61 3 9417 4777,-37.8007588,144.9932171,False,9 AM to 5 PM,9 AM to 5 PM,9 AM to 5 PM,9 AM to 5 PM,9 AM to 4:50 PM,Closed,Closed,False,True,False,False,False,64.0,4.1
Hospitality,Heartattack and Vine,Bar,"329 Lygon St, Carlton VIC 3053, Australia",Carlton,https://www.google.com/maps/search/?api=1&query=Heartattack%20and%20Vine&query_place_id=ChIJF5Nlh9ZC1moRDINfpKG1o1o,http://www.heartattackandvine.com.au/,,+61 3 9349 1891,-37.7976457,144.9672841,False,8 AM to 10 PM,8 AM to 10 PM,8 AM to 10 PM,8 AM to 10 PM,8 AM to 11 PM,8 AM to 11 PM,8 AM to 9 PM,False,False,False,False,False,942.0,4.6
Hospitality,VLOGS OF HYDERABAD,Indian restaurant,"223 Brunswick St, Fitzroy VIC 3065, Australia",Fitzroy,https://www.google.com/maps/search/?api=1&query=VLOGS%20OF%20HYDERABAD&query_place_id=ChIJ4fRNKuRD1moRx7nDtJ6RLZk,http://vlogsofhyderabad.com.au/,,+61 3 9043 4031,-37.8006867,144.9779323,False,,,,,,,,False,False,False,False,False,177.0,4.9
Hospitality,Caretaker's Cottage,Bar,"139-141 Little Lonsdale St, Melbourne VIC 3000, Australia",Melbourne,https://www.google.com/maps/search/?api=1&query=Caretaker's%20Cottage&query_place_id=ChIJI_RgtUND1moRnACbclQN7Bg,http://www.caretakerscottage.bar/,hello@caretakerscottage.bar,,-37.8096618,144.967849,False,4 PM to 12 AM,4 PM to 12 AM,4 PM to 12 AM,4 PM to 12 AM,4 PM to 1 AM,4 PM to 1 AM,Closed,False,True,False,True,True,878.0,4.7
Hospitality,Foremost Coffee Midtown,Espresso bar,"160 Queen St, Melbourne VIC 3000, Australia",Melbourne,https://www.google.com/maps/search/?api=1&query=Foremost%20Coffee%20Midtown&query_place_id=ChIJ-f4fotNd1moRqmtneMpOkCo,https://www.instagram.com/foremostmelbourne?igsh=bXo1dThuM3hnb2to&utm_source=qr,,,-37.8146143,144.9608825,False,7 AM to 3 PM,7 AM to 3 PM,7 AM to 3 PM,7 AM to 3 PM,7 AM to 3 PM,Closed,Closed,False,True,False,True,False,22.0,5.0
Hospitality,Hima Aus Education Consultancy- Melbourne,Educational consultant,"611 Flinders Street Tower 4, Level 10, Melbourne VIC 3005, Australia",Melbourne,https://www.google.com/maps/search/?api=1&query=Hima%20Aus%20Education%20Consultancy-%20Melbourne&query_place_id=ChIJMb7OctVD1moRF3NJ5L_i4Vw,,,+61 3 9600 2052,-37.813265,144.963075,False,9 AM to 5 PM,9 AM to 5 PM,9 AM to 5 PM,9 AM to 5 PM,9 AM to 5 PM,Closed,Closed,False,False,False,False,False,3.0,5.0
Hospitality,Almost French Epicure,Wine bar,"27/29 Little Collins St, Melbourne VIC 3000, Australia",Melbourne,https://www.google.com/maps/search/?api=1&query=Almost%20French%20Epicure&query_place_id=ChIJO2aQawBD1moRoUEC9_0r9_E,https://almostfrenchepicure.com.au/,sales@almostfrenchepicure.com.au,,-37.8126714,144.9725611,False,7:30 AM to 9 PM,7:30 AM to 9 PM,7:30 AM to 9 PM,7:30 AM to 9 PM,7:30 AM to 10 PM,7:30 AM to 10 PM,7:30 AM to 9 PM,False,False,False,False,False,71.0,4.7
Hospitality,The Hotel & Wellness Co,Corporate office,"Level 1/452 St Kilda Rd, Melbourne VIC 3004, Australia",Melbourne,https://www.google.com/maps/search/?api=1&query=The%20Hotel%20%26%20Wellness%20Co&query_place_id=ChIJz5m7Zxxo1moR6_qNiJHtJrs,http://hotelwellnessco.au/,,+61 3 9100 6822,-37.8390865,144.9755242,False,9 AM to 5 PM,9 AM to 5 PM,9 AM to 5 PM,9 AM to 5 PM,9 AM to 5 PM,Closed,Closed,False,False,False,False,False,,
Hospitality,Tapendium,Software company,"412 St Kilda Rd, Melbourne VIC 3004, Australia",Melbourne,https://www.google.com/maps/search/?api=1&query=Tapendium&query_place_id=ChIJgUy9pkxd1moRPBea5rSY02s,http://tapendium.com/,,+61 1300 680 566,-37.8350387,144.9743061,False,9 AM to 5 PM,9 AM to 5 PM,9 AM to 5 PM,9 AM to 5 PM,9 AM to 5 PM,Closed,Closed,False,False,False,False,False,,
Hospitality,Cathy Freeman Room,Function room facility,"1/31 Aughtie Dr, Albert Park VIC 3206, Australia",Albert Park,https://www.google.com/maps/search/?api=1&query=Cathy%20Freeman%20Room&query_place_id=ChIJvTe5JwZo1moRUl2ausi8150,,,+61 3 7032 8400,-37.8412186,144.9652904,False,,,,,,,,False,False,False,False,False,3.0,5.0
Hospitality,First Class HR Solutions,Human resource consulting,"Ground Floor/470 St Kilda Rd, Melbourne VIC 3004, Australia",Melbourne,https://www.google.com/maps/search/?api=1&query=First%20Class%20HR%20Solutions&query_place_id=ChIJG53JRDVp1moRI5QkHAL1wFA,http://www.firstclasshrsolutions.com.au/,admin@firstclasshrsolutions.com.au,+61 421 082 097,-37.8412471,144.9766798,False,,,,,,,,False,False,False,False,False,,
Hospitality,Marley + Finn Buses,Lodging,"Unnamed Road, Fitzroy North VIC 3068, Australia",Fitzroy North,https://www.google.com/maps/search/?api=1&query=Marley%20%2B%20Finn%20Buses&query_place_id=ChIJcTDzPe1D1moRVC__GCoxeRc,,,+61 3 8638 6000,-37.7855531,144.9918683,False,,,,,,,,False,False,False,False,False,5.0,4.8
Hospitality,QIC Training & Development,Training center,"717 Rathdowne St, Carlton North VIC 3054, Australia",Carlton North,https://www.google.com/maps/search/?api=1&query=QIC%20Training%20%26%20Development&query_place_id=ChIJn5wJ-i9D1moRCdc2qQswjP4,http://qictraining.com.au/,info@qictraining.com.au,+61 410 455 163,-37.7880688,144.9718122,False,9 AM to 5:30 PM,9 AM to 5:30 PM,9 AM to 5:30 PM,9 AM to 5:30 PM,9 AM to 5:30 PM,Closed,Closed,False,False,False,False,False,,
Hospitality,Into.Site,Consultant,"520 Rathdowne St, Carlton North VIC 3054, Australia",Carlton North,https://www.google.com/maps/search/?api=1&query=Into.Site&query_place_id=ChIJAdPgVzqvhWQRcz51YapvsCo,http://intosite.com.au/,stuart@intosite.com.au,+61 402 757 424,-37.7851601,144.9728675,False,9 AM to 5 PM,9 AM to 5 PM,9 AM to 5 PM,9 AM to 5 PM,9 AM to 5 PM,Closed,Closed,False,False,False,False,False,,
Hospitality,Kickon Group,Corporate office,"488 Queens Parade, Fitzroy North VIC 3068, Australia",Fitzroy North,https://www.google.com/maps/search/?api=1&query=Kickon%20Group&query_place_id=ChIJv1gAKu1D1moR4BMP55sxXL8,http://www.kickongroup.com/,,,-37.7853566,144.994252,False,9 AM to 5 PM,9 AM to 5 PM,9 AM to 5 PM,9 AM to 5 PM,9 AM to 5 PM,Closed,Closed,False,False,False,False,False,,
Hospitality,Dandenong Hospitality Supplies,,"6 Princes Hwy, Doveton VIC 3177, Australia",Doveton,https://www.google.com/maps/search/?api=1&query=Dandenong%20Hospitality%20Supplies&query_place_id=ChIJrRmigVYR1moRcaz8G0XZGOw,,,,-38.000694,145.228937,True,,,,,,,,False,False,False,False,False,,
Hospitality,"Harris Scarfe Sunbury (Homewares, Manchester & Apparel)",Department store,"92 Evans St, Sunbury VIC 3429, Australia",Sunbury,https://www.google.com/maps/search/?api=1&query=Harris%20Scarfe%20Sunbury%20(Homewares%2C%20Manchester%20%26%20Apparel)&query_place_id=ChIJC0GzULj51moRA23Gr0yzeIM,https://www.harrisscarfe.com.au/en-au/store/victoria/sunbury/2031?utm_content=Harris%20Scarfe%20Sunbury&utm_campaign=Google%20My%20Business&utm_medium=organic&utm_source=google&utm_term=,,+61 3 9732 0500,-37.5810942,144.72744,False,9 AM to 5:30 PM,9 AM to 5:30 PM,9 AM to 5:30 PM,9 AM to 5:30 PM,9 AM to 7 PM,9 AM to 5 PM,10 AM to 5 PM,False,True,True,False,False,378.0,4.2
Hospitality,Lets Vibe,Entertainment agency,"300 Victoria St, Brunswick VIC 3056, Australia",Brunswick,https://www.google.com/maps/search/?api=1&query=Lets%20Vibe&query_place_id=ChIJjWUZlPND1moRaDSDEqqH5Mk,,,+61 3 8538 1628,-37.7672856,144.962982,False,Open 24 hours,Open 24 hours,Open 24 hours,Open 24 hours,Open 24 hours,Open 24 hours,Open 24 hours,False,False,False,False,False,33.0,4.6
Hospitality,Hunger Den,Restaurant,"306 Sydney Rd, Brunswick VIC 3056, Australia",Brunswick,https://www.google.com/maps/search/?api=1&query=Hunger%20Den&query_place_id=ChIJTdo4sjpB1moRvVRiSNpD5sk,https://hunger-den.nextorder.com/,,+61 452 276 936,-37.7706297,144.9618566,False,5 to 10 PM,5 to 10 PM,5 to 10 PM,5 to 10 PM,5 to 11 PM,4 to 11 PM,4 to 10 PM,False,True,True,True,True,771.0,4.3
Hospitality,Times Berwick,Modern Australian restaurant,"13/84 Bemersyde Dr, Berwick VIC 3806, Australia",Berwick,https://www.google.com/maps/search/?api=1&query=Times%20Berwick&query_place_id=ChIJg3-YxWsb1moRLgttV2weYsg,https://timesberwick.com.au/,,+61 3 8796 3883,-38.0558822,145.3469228,False,"11:30 AM to 3 PM, 5 to 9 PM","11:30 AM to 3 PM, 5 to 9 PM","11:30 AM to 3 PM, 5 to 9 PM","11:30 AM to 3 PM, 5 to 9 PM",11:30 AM to 10 PM,11:30 AM to 10 PM,11:30 AM to 9 PM,False,True,True,True,True,1308.0,4.7
Hospitality,Berwick Springs Hotel,Pub,"288-296 Clyde Rd, Berwick VIC 3806, Australia",Berwick,https://www.google.com/maps/search/?api=1&query=Berwick%20Springs%20Hotel&query_place_id=ChIJ71j2l0Ia1moR1n3WQUOMmhQ,http://www.berwickspringshotel.com.au/,info@berwickspringshotel.com.au,+61 3 9702 6223,-38.058854,145.3373134,False,10 AM to 4 AM,10 AM to 4 AM,10 AM to 4 AM,10 AM to 4 AM,10 AM to 4 AM,10 AM to 4 AM,10 AM to 4 AM,False,True,True,True,False,3380.0,3.7
Hospitality,Acknowledge Education (Brunswick Campus),Educational institution,"107 Brunswick Rd, Brunswick VIC 3057, Australia",Brunswick,https://www.google.com/maps/search/?api=1&query=Acknowledge%20Education%20(Brunswick%20Campus)&query_place_id=ChIJVzVd0DdD1moRk9qGa0FEhAc,http://www.acknowledgeeducation.edu.au/,,+61 3 9387 8215,-37.778037,144.970041,False,9 AM to 5 PM,9 AM to 5 PM,9 AM to 5 PM,9 AM to 5 PM,9 AM to 5 PM,Closed,Closed,False,True,False,False,False,67.0,4.1
Hospitality,Albion Charles Hotel,Pub,"2 Charles St, Northcote VIC 3070, Australia",Northcote,https://www.google.com/maps/search/?api=1&query=Albion%20Charles%20Hotel&query_place_id=ChIJQRWDDm9D1moRGXrWbsDZUKU,https://www.albioncharles.com.au/,albion.charles@alhgroup.com.au,+61 3 9482 5033,-37.7767671,144.9904746,False,10 AM to 4 AM,10 AM to 4 AM,10 AM to 4 AM,10 AM to 4 AM,10 AM to 4 AM,10 AM to 4 AM,10 AM to 4 AM,False,True,True,True,True,389.0,4.2
Hospitality,BBQ Lounge on Lygon,Pakistani restaurant,"43-49 Lygon St, Brunswick East VIC 3057, Australia",Brunswick East,https://www.google.com/maps/search/?api=1&query=BBQ%20Lounge%20on%20Lygon&query_place_id=ChIJgYO541JD1moRtFJbyAM01tc,https://bbqlounge.com.au/index.html,,+61 424 102 659,-37.7776069,144.9705664,False,5:30 PM to 2 AM,5:30 PM to 2 AM,5:30 PM to 2 AM,5:30 PM to 2 AM,5:30 PM to 2 AM,10:30 AM to 2 AM,10:30 AM to 2 AM,True,True,True,True,True,2502.0,4.1
Hospitality,Clockwise Consulting,Consultant,"5/41 Lygon St, Brunswick East VIC 3057, Australia",Brunswick East,https://www.google.com/maps/search/?api=1&query=Clockwise%20Consulting&query_place_id=ChIJ1YKrIEhD1moRClWv3T8FlE8,http://clockwiseconsulting.com.au/,info@clockwiseconsulting.com.au,+61 419 968 263,-37.7776981,144.9704881,False,,,,,,,,False,False,False,False,False,,
Hospitality,PubCo Group,Corporate office,"430 Sydney Rd, Brunswick VIC 3056, Australia",Brunswick,https://www.google.com/maps/search/?api=1&query=PubCo%20Group&query_place_id=ChIJf1HUIE1D1moRtCvLj6BARZ8,http://www.pubcogroup.com.au/contact-us/,contact@pubcogroup.com.au,+61 3 9388 8000,-37.7677638,144.9622288,False,9 AM to 5 PM,9 AM to 5 PM,9 AM to 5 PM,9 AM to 5 PM,9 AM to 5 PM,Closed,Closed,False,False,False,False,False,,
Hospitality,Meat Flour Wine Berwick,Italian restaurant,"2 Verdun Dr, Narre Warren VIC 3805, Australia",Narre Warren,https://www.google.com/maps/search/?api=1&query=Meat%20Flour%20Wine%20Berwick&query_place_id=ChIJOWk4RXYb1moRakmOBkNHLww,https://meatflourwine.com.au/berwick/,,+61 3 7066 8800,-38.0269759,145.3161507,False,"11:30 AM to 3 PM, 5 to 10 PM","11:30 AM to 3 PM, 5 to 10 PM","11:30 AM to 3 PM, 5 to 10 PM","11:30 AM to 3 PM, 5 to 10 PM","11:30 AM to 3 PM, 5 to 11:30 PM","11:30 AM to 3 PM, 5 to 10:30 PM","11:30 AM to 3 PM, 5 to 9 PM",False,True,True,True,True,322.0,4.4
Hospitality,168 Green Cabin,Restaurant,"28A Webb St, Narre Warren VIC 3805, Australia",Narre Warren,https://www.google.com/maps/search/?api=1&query=168%20Green%20Cabin&query_place_id=ChIJC8t5SbIR1moRAQbcayP64eM,https://168greencabin.com.au/,,+61 466 119 550,-38.0263523,145.3044152,False,10 AM to 4:30 PM,Closed,10 AM to 9:30 PM,10 AM to 9:30 PM,10 AM to 9:30 PM,10 AM to 9:30 PM,10 AM to 9:30 PM,False,False,True,False,False,193.0,4.8
Hospitality,Restaurant Joya,Afghan restaurant,"10 Adakite Dr, Berwick VIC 3806, Australia",Berwick,https://www.google.com/maps/search/?api=1&query=Restaurant%20Joya&query_place_id=ChIJwYmasEcb1moRd74EdKkFOWU,http://restaurantjoya.com.au/,13e49d785d8d4f828038b6136f3b48ba@sentry.io,+61 469 764 561,-38.0481983,145.3209487,False,,,,,,,,False,False,False,False,False,110.0,4.6
Hospitality,81 Bar & Grill,Restaurant,"81 High St, Berwick VIC 3806, Australia",Berwick,https://www.google.com/maps/search/?api=1&query=81%20Bar%20%26%20Grill&query_place_id=ChIJXdi__oUZ1moR8pf9v62XAf0,,,+61 3 9768 9555,-38.0310985,145.3477554,False,Closed,Closed,5 to 9 PM,5 to 9 PM,12 PM to 1 AM,12 PM to 1 AM,12 to 9 PM,False,True,True,True,True,738.0,4.1
Hospitality,Fountain Gate Hotel,Pub,"Fountain Gate Shopping Centre, Overland Dr, Narre Warren VIC 3805, Australia",Narre Warren,https://www.google.com/maps/search/?api=1&query=Fountain%20Gate%20Hotel&query_place_id=ChIJ3ceKek0X1moR-wyXQQG6Yd8,https://www.hotelfountaingate.com.au/,fountaingate.hotel@alhgroup.com.au,+61 3 9704 7922,-38.018661,145.30271,False,10 AM to 4 AM,10 AM to 4 AM,10 AM to 4 AM,10 AM to 4 AM,10 AM to 4 AM,10 AM to 4 AM,10 AM to 4 AM,False,True,True,True,True,943.0,4.0
Hospitality,The Cutting Edge Hospitality Agency Australia Pty Ltd,Consultant,"1 Almeida Cres, South Yarra VIC 3141, Australia",South Yarra,https://www.google.com/maps/search/?api=1&query=The%20Cutting%20Edge%20Hospitality%20Agency%20Australia%20Pty%20Ltd&query_place_id=ChIJwZ9P5cBD1moRqbpdbEvmbpg,http://www.thecuttingedgeagency.com/,,+61 451 848 323,-37.8390089,144.9954417,False,10 AM to 5:30 PM,10 AM to 5:30 PM,10 AM to 5:30 PM,10 AM to 5:30 PM,10 AM to 5:30 PM,10 AM to 5:30 PM,10 AM to 5:30 PM,False,False,False,False,False,,
Hospitality,The Grand Room,Event venue,"625 Chapel St, South Yarra VIC 3141, Australia",South Yarra,https://www.google.com/maps/search/?api=1&query=The%20Grand%20Room&query_place_id=ChIJE_UR2nBD1moRnqji75f8mKc,https://www.lkhevents.com.au/,events@lkhospitality.com.au,+61 3 8080 8080,-37.8390167,144.9954469,False,9 AM to 5 PM,9 AM to 5 PM,9 AM to 5 PM,9 AM to 5 PM,9 AM to 5 PM,9:30 AM to 5:30 PM,Closed,False,True,False,True,False,22.0,4.9
Hospitality,Knight Out,Marketing agency,"2/17 Prince Patrick St, Richmond VIC 3121, Australia",Richmond,https://www.google.com/maps/search/?api=1&query=Knight%20Out&query_place_id=ChIJebD4Mflp1moRE6j9dFHFoOQ,https://knightout.com.au/,hello@knightout.com.au,+61 1300 292 495,-37.8323956,144.9979144,False,8 AM to 6 PM,8 AM to 6 PM,8 AM to 6 PM,8 AM to 6 PM,8 AM to 6 PM,Closed,Closed,False,False,False,False,False,24.0,4.9
Hospitality,Leisure Sports Hospitality,,"364 Malvern Rd, Armadale VIC 3143, Australia",Armadale,https://www.google.com/maps/search/?api=1&query=Leisure%20Sports%20Hospitality&query_place_id=ChIJ00VXTilo1moRCvVmW7EadjE,https://www.leisuresportsinc.com/sections-text-layouts,,+61 3 4826 3672,-37.847687,144.998897,False,,,,,,,,False,False,False,False,False,,
Hospitality,Five Bounds,Function room facility,"234 Swan St, Cremorne VIC 3121, Australia",Cremorne,https://www.google.com/maps/search/?api=1&query=Five%20Bounds&query_place_id=ChIJiZySD0xD1moRUkGOo73znK0,https://fivebounds.com.au/,adam@fivebounds.com.au,+61 412 769 420,-37.8257702,144.99748,False,,,,,,,,False,True,False,True,False,8.0,5.0
Hospitality,Corporate Sports Unlimited | Premium Hospitality Packages. Book Your Sporting Moment Now!,Event planner,"276 Church St, Richmond VIC 3121, Australia",Richmond,https://www.google.com/maps/search/?api=1&query=Corporate%20Sports%20Unlimited%20%7C%20Premium%20Hospitality%20Packages.%20Book%20Your%20Sporting%20Moment%20Now!&query_place_id=ChIJGcmcg7ZC1moRvI4IsEwSapQ,http://www.corporatesports.com.au/,info@corporatesports.com.au,+61 3 9654 1445,-37.819578,144.998804,False,10 AM to 6 PM,10 AM to 6 PM,10 AM to 6 PM,10 AM to 6 PM,10 AM to 6 PM,Closed,Closed,False,True,True,False,False,3.0,5.0
Hospitality,Unicorn Kitchenware,Kitchen supply store,"200 Victoria St, Richmond VIC 3121, Australia",Richmond,https://www.google.com/maps/search/?api=1&query=Unicorn%20Kitchenware&query_place_id=ChIJAflSG_xC1moRAJNq7_1TDOA,https://unicornkitchenware.com.au/?utm_source=google&utm_medium=organic&utm_campaign=gbp,,+61 3 9427 8822,-37.810589,144.9979749,False,9 AM to 5:30 PM,9 AM to 5:30 PM,9 AM to 5:30 PM,9 AM to 5:30 PM,9 AM to 5:30 PM,10 AM to 4 PM,Closed,False,True,False,False,False,54.0,4.5
Hospitality,Trek Bicycle Pakenham,Bicycle store,"Shop 2/2 Lakeside Link, Pakenham VIC 3810, Australia",Pakenham,https://www.google.com/maps/search/?api=1&query=Trek%20Bicycle%20Pakenham&query_place_id=ChIJw1xGmL4f1moRRlhX3-6kzCY,https://www.trekbikes.com/au/en_AU/retail/pakenham/?y_source=1_NjYzMDc5NzMtNzE1LWxvY2F0aW9uLndlYnNpdGU%3D,,+61 3 5941 8850,-38.0625017,145.4545923,False,9 AM to 5:30 PM,9 AM to 5:30 PM,9 AM to 5:30 PM,9 AM to 5:30 PM,9 AM to 5:30 PM,10 AM to 4 PM,10 AM to 4 PM,False,False,False,False,False,68.0,4.8
Hospitality,ALH Hotels,Corporate office,"459 Church St, Richmond VIC 3121, Australia",Richmond,https://www.google.com/maps/search/?api=1&query=ALH%20Hotels&query_place_id=ChIJtzO4Q1KjEmsRaGC8STShIe4,https://www.alhgroup.com.au/,,,-37.827334,144.9978998,False,9 AM to 5 PM,9 AM to 5 PM,9 AM to 5 PM,9 AM to 5 PM,9 AM to 5 PM,Closed,Closed,False,True,True,True,False,36.0,2.5
Hospitality,LK Group,Business management consultant,"7/88 Green St, Cremorne VIC 3121, Australia",Cremorne,https://www.google.com/maps/search/?api=1&query=LK%20Group&query_place_id=ChIJlxMz7Bxo1moRxo7knFj_Ag4,http://lkg.com.au/,enquiries@lkg.com.au,+61 3 8391 6000,-37.8293165,144.9943486,False,,,,,,,,False,True,False,False,False,2.0,2.5
Hospitality,Mad Hot Pot & Dumplings,Restaurant,"Shop 19/215/225 Parkhill Dr, Berwick VIC 3806, Australia",Berwick,https://www.google.com/maps/search/?api=1&query=Mad%20Hot%20Pot%20%26%20Dumplings&query_place_id=ChIJq8DAsokZ1moR1yUpx3vF8JM,http://madhotpot.com.au/,Customers.madhotpot@gmail.com,+61 488 319 226,-38.0144924,145.3235496,False,4 to 9 PM,4 to 9 PM,11:30 AM to 9 PM,11:30 AM to 9 PM,11:30 AM to 10 PM,11:30 AM to 10 PM,11:30 AM to 9 PM,False,True,True,False,True,1587.0,4.8
Hospitality,Kitchen Warehouse Narre Warren,Countertop store,"10/44 Victor Cres, Narre Warren VIC 3805, Australia",Narre Warren,https://www.google.com/maps/search/?api=1&query=Kitchen%20Warehouse%20Narre%20Warren&query_place_id=ChIJn-SL8XAX1moRxpsxLjwnAOc,https://www.kitchenwarehouse.com.au/,KWH-Commercial-Logo_190x40@2x.png,+61 3 7050 5446,-38.0209164,145.3114547,False,9 AM to 5:30 PM,9 AM to 5:30 PM,9 AM to 5:30 PM,9 AM to 5:30 PM,9 AM to 5:30 PM,9 AM to 5 PM,10 AM to 5 PM,False,True,True,False,False,45.0,4.5
Hospitality,Burnbank Estate,Indoor lodging,"70/72 Beaumont Rd, Berwick VIC 3806, Australia",Berwick,https://www.google.com/maps/search/?api=1&query=Burnbank%20Estate&query_place_id=ChIJvce1mqEZ1moRu9dvUk_XQA8,,,+61 3 9769 9127,-38.0173441,145.3539914,False,,,,,,,,False,False,False,False,False,81.0,4.3
Hospitality,My australian career,Employment agency,"58-60 Victor Cres, Narre Warren VIC 3805, Australia",Narre Warren,https://www.google.com/maps/search/?api=1&query=My%20australian%20career&query_place_id=ChIJ17q-aFUX1moRnJCNqyyCdPk,http://myaustraliancareer.com/,cv@myaustraliancareer.com,+61 3 9088 6077,-38.0225328,145.312939,False,9 AM to 6:30 PM,9 AM to 6:30 PM,9 AM to 6:30 PM,9 AM to 6:30 PM,9 AM to 6:30 PM,Closed,Closed,False,False,True,False,False,17.0,4.5
Hospitality,Roccella Italian Restaurant East Melbourne,Italian restaurant,"158 Clarendon St, East Melbourne VIC 3002, Australia",East Melbourne,https://www.google.com/maps/search/?api=1&query=Roccella%20Italian%20Restaurant%20East%20Melbourne&query_place_id=ChIJiWZcQlZD1moReLf1KVvQ98M,https://www.roccellamelbourne.com.au/?utm_source=GMB&utm_medium=traffic&utm_campaign=direct&utm_term=website+home,functions@roccellaitalian.com.au,+61 3 9416 1700,-37.8119728,144.9835404,False,8 AM to 8:30 PM,8 AM to 8:30 PM,8 AM to 8:30 PM,8 AM to 8:30 PM,8 AM to 9 PM,8 AM to 9 PM,8 AM to 8:30 PM,False,True,True,True,True,2938.0,4.8
Hospitality,The Tippler & Co.,Restaurant,"58 Wellington Parade, East Melbourne VIC 3002, Australia",East Melbourne,https://www.google.com/maps/search/?api=1&query=The%20Tippler%20%26%20Co.&query_place_id=ChIJoQ71_OtC1moREoPyA323sjY,https://thetipplerandco.com/,info@thetipplerandco.com,+61 492 891 971,-37.8165595,144.9882328,False,Closed,5 to 11 PM,5 to 11 PM,5 to 11 PM,5 to 11 PM,5 to 11 PM,Closed,False,False,False,True,False,584.0,4.7
Hospitality,Grace by Curtis Stone Events,Caterer,"48-50 Bridge Rd, Richmond VIC 3121, Australia",Richmond,https://www.google.com/maps/search/?api=1&query=Grace%20by%20Curtis%20Stone%20Events&query_place_id=ChIJE-JY87dD1moRA6o2ceO77ok,https://au.curtisstoneevents.com/?utm_source=google&utm_medium=organic&utm_campaign=gbp-listing,hello@curtisstoneevents.com,+61 3 9989 9918,-37.8178873,144.9915687,False,7 AM to 1 AM,7 AM to 1 AM,7 AM to 1 AM,7 AM to 1 AM,7 AM to 1 AM,7 AM to 1 AM,7 AM to 1 AM,False,True,False,True,True,16.0,5.0
Hospitality,Life's Too Short Bar,Event venue,"Tribeca Arcade, Shop 2/412 Victoria Parade, East Melbourne VIC 3002, Australia",East Melbourne,https://www.google.com/maps/search/?api=1&query=Life's%20Too%20Short%20Bar&query_place_id=ChIJafASURxD1moRx1rJBi_RSls,http://www.lifestooshortbar.com.au/,,+61 466 045 473,-37.8098449,144.9852752,False,,,,,,,,False,True,False,False,True,173.0,4.7
Hospitality,Bruschetta Ristorante Pizzeria,Pizza restaurant,"31-33 Bridge Rd, Richmond VIC 3121, Australia",Richmond,https://www.google.com/maps/search/?api=1&query=Bruschetta%20Ristorante%20Pizzeria&query_place_id=ChIJae1TETZD1moR3v51fCuZk6U,http://bruschettaristorante.com.au/,,+61 3 8456 8052,-37.8175223,144.991129,False,,,,,,,,False,True,False,False,False,139.0,4.7
Hospitality,Castano Bathroom Kitchen Laundry Clearance Northcote,Kitchen supply store,"37 Cunningham St, Northcote VIC 3070, Australia",Northcote,https://www.google.com/maps/search/?api=1&query=Castano%20Bathroom%20Kitchen%20Laundry%20Clearance%20Northcote&query_place_id=ChIJVVXFZHFD1moRc90kr95yJO8,https://www.castano.com.au/clearance-page,sales@castano.com.au,+61 468 302 221,-37.7821043,144.9976175,False,9:30 AM to 3 PM,9:30 AM to 3 PM,9:30 AM to 3 PM,9:30 AM to 3 PM,9:30 AM to 3 PM,9:30 AM to 3 PM,9:30 AM to 3 PM,False,True,True,False,False,172.0,4.9
Hospitality,The Recreation Bistro x Bottleshop,Restaurant,"162-170 Queens Parade, Fitzroy North VIC 3068, Australia",Fitzroy North,https://www.google.com/maps/search/?api=1&query=The%20Recreation%20Bistro%20x%20Bottleshop&query_place_id=ChIJ79VXuxdD1moRk2c3B2GgRx8,http://the-recreation.com/,eat@the-recreation.com,+61 3 9042 2707,-37.7906086,144.9852456,False,5 to 10 PM,5 to 10 PM,12 to 10 PM,12 to 10 PM,12 to 10 PM,12 to 10 PM,1 to 8 PM,False,True,True,True,True,529.0,4.8
Hospitality,Hubtronics PTY Ltd.,Engineer,"101 Alfred Cres, Fitzroy North VIC 3068, Australia",Fitzroy North,https://www.google.com/maps/search/?api=1&query=Hubtronics%20PTY%20Ltd.&query_place_id=ChIJmcA3YRZD1moR0nKriYc5o5U,,,+61 419 307 278,-37.7884742,144.9856708,False,,,,,,,,False,False,True,False,False,3.0,1.0
Hospitality,Balti Curry House,Indian restaurant,"398 Queens Parade, Fitzroy North VIC 3068, Australia",Fitzroy North,https://www.google.com/maps/search/?api=1&query=Balti%20Curry%20House&query_place_id=ChIJPQTHIDlD1moRAfhJtBNJfAY,http://www.balticurryhouse.com.au/,,+61 3 9482 1967,-37.7873986,144.9922653,False,Closed,4:45 to 9:30 PM,4:45 to 9:30 PM,4:45 to 9:30 PM,4:45 to 9:30 PM,4:45 to 9:30 PM,4:45 to 9:30 PM,False,True,True,False,True,182.0,4.8
Hospitality,"Jones & Co Collection | Corporate Hospitality, Travel & Brand Representation",Branding agency,"Level 2/60 Burwood Rd, Hawthorn VIC 3122, Australia",Hawthorn,https://www.google.com/maps/search/?api=1&query=Jones%20%26%20Co%20Collection%20%7C%20Corporate%20Hospitality%2C%20Travel%20%26%20Brand%20Representation&query_place_id=ChIJac14AElC1moR-nW3eY2lPJU,http://jonesandco.travel/,admin@jonesandco.travel,+61 3 9810 3580,-37.8215755,145.0245134,False,,,,,,,,False,False,False,False,False,4.0,4.8
Hospitality,Melbourne Event Group,Event venue,"2 Wallen Rd, Hawthorn VIC 3122, Australia",Hawthorn,https://www.google.com/maps/search/?api=1&query=Melbourne%20Event%20Group&query_place_id=ChIJG7vp6kZC1moRGR_OAaXwe9o,https://melbourneeventgroup.com.au/,events@melbourneeventgroup.com.au,+61 3 9819 1020,-37.8272817,145.0234155,False,9 AM to 5 PM,9 AM to 5 PM,9 AM to 5 PM,9 AM to 5 PM,9 AM to 5 PM,9 AM to 5 PM,9 AM to 5 PM,False,True,True,True,False,30.0,5.0
Hospitality,Winning Appliances Richmond,Appliance store,"540 Swan St, Richmond VIC 3121, Australia",Richmond,https://www.google.com/maps/search/?api=1&query=Winning%20Appliances%20Richmond&query_place_id=ChIJ20mLlYdD1moRF1FjOGfTTXY,https://www.winnings.com.au/,,+61 3 9002 0400,-37.8272094,145.0109805,False,9 AM to 5 PM,9 AM to 5 PM,9 AM to 5 PM,9 AM to 5 PM,9 AM to 5 PM,9 AM to 5 PM,10 AM to 4 PM,False,True,True,False,False,176.0,4.4
Hospitality,Mercury Principle Events (Richmond),Event management company,"374 Burnley St, Richmond VIC 3121, Australia",Richmond,https://www.google.com/maps/search/?api=1&query=Mercury%20Principle%20Events%20(Richmond)&query_place_id=ChIJT_k1xehD1moRwZua5koSyag,http://www.mercuryprinciple.com.au/,sales@mercuryprinciple.com,+61 3 9425 9449,-37.8254906,145.0069601,False,9 AM to 6 PM,9 AM to 6 PM,9 AM to 6 PM,9 AM to 6 PM,9 AM to 4 PM,10 AM to 1 PM,Closed,False,False,False,True,False,,
Hospitality,Next Facilities Group,Cleaning service,"484 Swan St, Richmond VIC 3121, Australia",Richmond,https://www.google.com/maps/search/?api=1&query=Next%20Facilities%20Group&query_place_id=ChIJscMkycto1moR4UU80v7__lU,https://nextfg.com.au/,info@nextfg.com.au,+61 3 9969 3631,-37.8271348,145.0082837,False,Open 24 hours,Open 24 hours,Open 24 hours,Open 24 hours,Open 24 hours,Open 24 hours,Open 24 hours,False,False,True,False,False,1.0,5.0
Hospitality,McDonald Management & Events,Event management company,"59 Burwood Rd, Hawthorn VIC 3122, Australia",Hawthorn,https://www.google.com/maps/search/?api=1&query=McDonald%20Management%20%26%20Events&query_place_id=ChIJoT9AqElC1moR3zAJaXnU038,https://mcdonald-mgmt.com/,sally@mcdonaldmgmt.com.au,,-37.821222,145.024628,False,,,,,,,,False,True,False,False,False,,
Hospitality,gener8 Events,Event management company,"142 Stawell St, Burnley VIC 3121, Australia",Burnley,https://www.google.com/maps/search/?api=1&query=gener8%20Events&query_place_id=ChIJWbW8m2BC1moRo08ABNF7Z8g,http://www.gener8.com.au/,info@gener8.com.au,+61 3 9013 0429,-37.82851,145.0089081,False,,,,,,,,False,False,True,False,False,,
Hospitality,RETAIL Intelligence,Software company,"70 Adam St, Burnley VIC 3121, Australia",Burnley,https://www.google.com/maps/search/?api=1&query=RETAIL%20Intelligence&query_place_id=ChIJ41kYrWFC1moRc-shdeKiW88,http://retailintelligence.com.au/,,+61 3 9514 9699,-37.8300539,145.0074539,False,9 AM to 5:30 PM,9 AM to 5:30 PM,9 AM to 5:30 PM,9 AM to 5:30 PM,9 AM to 5:30 PM,Closed,Closed,False,False,True,False,False,,
Hospitality,Maserati Melbourne,Maserati dealer,"362 Swan St, Richmond VIC 3121, Australia",Richmond,https://www.google.com/maps/search/?api=1&query=Maserati%20Melbourne&query_place_id=ChIJW1Gyt49D1moRyiL2XdnxrKc,https://www.barrybourkemotors-maseratimelbourne.com.au/,,+61 1300 063 063,-37.8265876,145.0035247,False,8:30 AM to 5:30 PM,8:30 AM to 5:30 PM,8:30 AM to 5:30 PM,8:30 AM to 5:30 PM,8:30 AM to 5:30 PM,9 AM to 4:30 PM,Closed,False,True,True,False,False,122.0,4.8
Hospitality,Zagame Alfa Romeo,Alfa Romeo dealer,"348 Swan St, Richmond VIC 3121, Australia",Richmond,https://www.google.com/maps/search/?api=1&query=Zagame%20Alfa%20Romeo&query_place_id=ChIJVU62zopC1moR52lV0LvCwbM,https://www.zagamealfaromeo.com.au/,,+61 3 8416 0800,-37.8265165,145.0030431,False,8:30 AM to 6 PM,8:30 AM to 6 PM,8:30 AM to 6 PM,8:30 AM to 6 PM,8:30 AM to 6 PM,9 AM to 5 PM,Closed,False,True,True,False,False,239.0,4.5
Hospitality,Tandoor By The Springs,Takeout Restaurant,"86 Berwick Springs Promenade, Narre Warren South VIC 3805, Australia",Narre Warren South,https://www.google.com/maps/search/?api=1&query=Tandoor%20By%20The%20Springs&query_place_id=ChIJaYfEa4gb1moRcZAwrKU0Ai4,,,+61 431 246 197,-38.0651157,145.3190155,False,5:30 to 9 PM,5:30 to 9 PM,5:30 to 9 PM,5:30 to 9 PM,5:30 to 9:30 PM,9 AM to 9:30 PM,9 AM to 9:30 PM,False,False,False,False,False,266.0,4.9
Hospitality,Singhz End of Lease Cleaning & Canopy cleaning,House cleaning service,"18 Lonarto Ave, Clyde North VIC 3978, Australia",Clyde North,https://www.google.com/maps/search/?api=1&query=Singhz%20End%20of%20Lease%20Cleaning%20%26%20Canopy%20cleaning&query_place_id=ChIJWwhNgKAb1moRDUXpFCFdXBQ,https://singhzservicesmelbourne.com.au/,,+61 3 9794 7002,-38.0799594,145.3652105,False,9 AM to 6 PM,9 AM to 6 PM,9 AM to 6 PM,9 AM to 6 PM,9 AM to 6 PM,9 AM to 6 PM,9 AM to 5 PM,False,False,False,False,False,5.0,5.0
Hospitality,Gusto Woodfired Pizza,Pizza restaurant,"36 Paternoster Ln, Berwick VIC 3806, Australia",Berwick,https://www.google.com/maps/search/?api=1&query=Gusto%20Woodfired%20Pizza&query_place_id=ChIJ91CSS48Z1moRM8ze5DPzVOI,http://gustopizza.com.au/,,+61 3 9769 4800,-38.0307444,145.3465544,False,Closed,Closed,Closed,4 to 9 PM,4 to 9 PM,4 to 9 PM,4 to 9 PM,False,True,True,True,True,318.0,4.4
Hospitality,Lexus Of Berwick,Lexus dealer,"2-12 Clyde Rd, Berwick VIC 3806, Australia",Berwick,https://www.google.com/maps/search/?api=1&query=Lexus%20Of%20Berwick&query_place_id=ChIJRQaOZtAZ1moRmf6SSiRxjUg,http://www.lexusofberwick.com.au/,,+61 3 9125 6331,-38.0316971,145.3433463,False,8:30 AM to 5:30 PM,8:30 AM to 5:30 PM,8:30 AM to 5:30 PM,8:30 AM to 5:30 PM,8:30 AM to 5:30 PM,8:30 AM to 5 PM,Closed,False,True,True,False,False,518.0,4.7
Hospitality,Land Rover Berwick,Land Rover dealer,"751 Princes Hwy, Berwick VIC 3806, Australia",Berwick,https://www.google.com/maps/search/?api=1&query=Land%20Rover%20Berwick&query_place_id=ChIJrQVseokZ1moRtZ8K0u93aiU,https://retailers.landrover.com.au/berwick?utm_source=Yext&utm_medium=organic&utm_campaign=M797802411,sales@berwickjlr.com.au,+61 3 9071 3123,-38.0316248,145.3404674,False,8:30 AM to 5:30 PM,8:30 AM to 5:30 PM,8:30 AM to 5:30 PM,8:30 AM to 5:30 PM,8:30 AM to 5:30 PM,8:30 AM to 5 PM,Closed,False,True,True,True,True,288.0,4.1
Hospitality,Flemington Greene Events,Event venue,"448 Epsom Rd, Flemington VIC 3031, Australia",Flemington,https://www.google.com/maps/search/?api=1&query=Flemington%20Greene%20Events&query_place_id=ChIJxbmIZAZd1moRENDsRaPAsG0,http://www.flemingtonevents.com.au/,,+61 1300 727 575,-37.7887055,144.9058337,False,,,,,,,,False,True,True,True,False,32.0,4.4
Hospitality,HUONG PHAT ONE - Aussie Electro Components,Electronics company,"174 Newmarket St, Flemington VIC 3031, Australia",Flemington,https://www.google.com/maps/search/?api=1&query=HUONG%20PHAT%20ONE%20-%20Aussie%20Electro%20Components&query_place_id=ChIJcWzrLABd1moRhHJ70jqJuec,,,,-37.7841061,144.9252382,False,Open 24 hours,Open 24 hours,Open 24 hours,Open 24 hours,Open 24 hours,Open 24 hours,Open 24 hours,False,False,True,False,False,4.0,5.0
Hospitality,Straight Six Restaurant,Restaurant,"Members Stand, Level 2, Flemington VIC 3031, Australia",Flemington,https://www.google.com/maps/search/?api=1&query=Straight%20Six%20Restaurant&query_place_id=ChIJrWLv8Cpd1moRqdzE47CbUbE,https://www.vrc.com.au/products/2023-2024/hospitality-and-dining/the-dining-room/,,,-37.7881532,144.9086363,False,11 AM to 9 PM,11 AM to 9 PM,11 AM to 9 PM,11 AM to 9 PM,11 AM to 10 PM,11 AM to 10 PM,11 AM to 9 PM,False,True,True,True,True,3.0,3.3
Hospitality,Berwick Mazda,Mazda dealer,"3 Prestige Pl, Narre Warren VIC 3805, Australia",Narre Warren,https://www.google.com/maps/search/?api=1&query=Berwick%20Mazda&query_place_id=ChIJ4cIk1QEa1moRCWJ7lFPt3EM,https://www.berwickmazda.com.au/,,+61 3 8796 6222,-38.0260236,145.3174637,False,8:30 AM to 5 PM,8:30 AM to 5:30 PM,8:30 AM to 5:30 PM,8:30 AM to 5:30 PM,8:30 AM to 5 PM,8:30 AM to 5 PM,Closed,False,True,True,False,False,1384.0,4.6
Hospitality,Berwick BMW,BMW dealer,"6 Coventry Rd, Narre Warren VIC 3805, Australia",Narre Warren,https://www.google.com/maps/search/?api=1&query=Berwick%20BMW&query_place_id=ChIJN7LA4k0R1moRHbojimEYYJM,https://www.berwickbmw.com.au/,,+61 3 8763 4500,-38.0264026,145.3116343,False,7:30 AM to 5:30 PM,7:30 AM to 5:30 PM,7:30 AM to 5:30 PM,7:30 AM to 5:30 PM,7:30 AM to 5:30 PM,9 AM to 5 PM,Closed,False,True,True,False,False,1033.0,4.8
Hospitality,Subaru Berwick,Subaru dealer,"1 Prestige Pl, Narre Warren VIC 3805, Australia",Narre Warren,https://www.google.com/maps/search/?api=1&query=Subaru%20Berwick&query_place_id=ChIJszegMQAa1moRd5Pixgia_40,https://www.subaruberwick.com.au/?utm_campaign=gmb&utm_medium=organic&utm_source=local,,+61 3 8740 2039,-38.0255463,145.3169843,False,8:30 AM to 5:30 PM,8:30 AM to 5:30 PM,8:30 AM to 5:30 PM,8:30 AM to 5:30 PM,8:30 AM to 5:30 PM,8:30 AM to 5 PM,Closed,False,False,False,False,False,1806.0,4.7
Hospitality,Heritance Restaurant and Bar,Restaurant,"121 Grices Rd, Clyde North VIC 3978, Australia",Clyde North,https://www.google.com/maps/search/?api=1&query=Heritance%20Restaurant%20and%20Bar&query_place_id=ChIJkbwQ16Mb1moRvSW4oyS-jO4,https://www.heritance.au/,,+61 421 834 496,-38.0767896,145.3500827,False,11 AM to 9:30 PM,Closed,5 to 9:30 PM,11 AM to 9:30 PM,11 AM to 9:30 PM,11 AM to 9:30 PM,11 AM to 9:30 PM,False,True,True,True,True,266.0,4.1
Hospitality,Brightstar,Cleaning service,"100 Wurundjeri Blvd, Berwick VIC 3806, Australia",Berwick,https://www.google.com/maps/search/?api=1&query=Brightstar&query_place_id=ChIJaeoVUVQa1moRSh4ln6LVQJg,http://brightstarfacility.com.au/,sam@brightstarfaciliti.com.au,+61 1800 577 390,-38.0730417,145.3553937,False,,,,,,,,False,False,False,False,False,,
Hospitality,Sachin Garg Catering,Caterer,"530 Malvern Rd, Prahran VIC 3181, Australia",Prahran,https://www.google.com/maps/search/?api=1&query=Sachin%20Garg%20Catering&query_place_id=ChIJQ_01PCto1moRye_XJAUhn6A,http://www.sgcatering.com.au/,sachin@sgcatering.com.au,+61 3 9510 2037,-37.8483816,145.0039921,False,Open 24 hours,Open 24 hours,Open 24 hours,Open 24 hours,Open 24 hours,Open 24 hours,Open 24 hours,False,False,False,False,False,51.0,4.9
Hospitality,Heritage Northcote Aged Care Facility,Aged care,"14-24 Pearl St, Northcote VIC 3070, Australia",Northcote,https://www.google.com/maps/search/?api=1&query=Heritage%20Northcote%20Aged%20Care%20Facility&query_place_id=ChIJAbq6kXBD1moR2OnIXRcyNqc,https://www.heritagecare.com.au/our-homes/aged-care-in-northcote/,,+61 3 8372 4888,-37.7786075,144.9976311,False,Open 24 hours,Open 24 hours,Open 24 hours,Open 24 hours,Open 24 hours,Open 24 hours,Open 24 hours,False,True,True,True,True,40.0,4.2
Hospitality,BURCHELL HOTEL GROUP,Business management consultant,"Tok Corporate Centre, B4/459 Toorak Rd, Toorak VIC 3142, Australia",Toorak,https://www.google.com/maps/search/?api=1&query=BURCHELL%20HOTEL%20GROUP&query_place_id=ChIJ__8_THxC1moRgC1HK2iCYBc,http://burchellhotelgroup.com.au/,,+61 418 552 216,-37.8403941,145.0082622,False,,,,,,,,False,False,False,False,False,,
Hospitality,Global International Travel,Travel agency,"Ste 202/505 Toorak Rd, Toorak VIC 3142, Australia",Toorak,https://www.google.com/maps/search/?api=1&query=Global%20International%20Travel&query_place_id=ChIJe80h2yto1moR_Rb9LWHkuyk,http://www.globalinternationaltravel.com.au/,travel@globalinternationaltravel.com.au,+61 3 9826 9600,-37.840741,145.009652,False,9 AM to 5:30 PM,9 AM to 5:30 PM,9 AM to 5:30 PM,9 AM to 5:30 PM,9 AM to 5:30 PM,Closed,Closed,False,True,False,True,True,9.0,4.9
Hospitality,Luscious Affairs,Caterer,"30 Lansell Rd, Toorak VIC 3123, Australia",Toorak,https://www.google.com/maps/search/?api=1&query=Luscious%20Affairs&query_place_id=ChIJs31ZuidC1moR8pNgMWirpWA,http://www.lusciousaffairs.com.au/,,+61 418 383 631,-37.8371733,145.0167405,False,,,,,,,,False,False,True,False,False,10.0,4.2
Hospitality,Ember on Toorak,Steak house,"Level 1/32 Jackson St, Toorak VIC 3142, Australia",Toorak,https://www.google.com/maps/search/?api=1&query=Ember%20on%20Toorak&query_place_id=ChIJu79qmUlD1moR2pgRy99HZhY,https://embertoorak.com.au/,,+61 3 9191 9973,-37.8405446,145.0102374,False,11 AM to 9 PM,11 AM to 9 PM,11 AM to 9 PM,11 AM to 9 PM,11 AM to 10 PM,11 AM to 10 PM,11 AM to 9 PM,False,False,False,False,False,41.0,4.9
Hospitality,Crissy Zhang Design,Interior designer,"Level 3/489 Toorak Rd, Toorak VIC 3142, Australia",Toorak,https://www.google.com/maps/search/?api=1&query=Crissy%20Zhang%20Design&query_place_id=ChIJy-olqpZp1moRvO9kltVvayA,https://crissyzhang.com.au/,studio@crissyzhang.com.au,+61 401 758 036,-37.840969,145.00926,False,9 AM to 5 PM,9 AM to 5 PM,9 AM to 5 PM,9 AM to 5 PM,9 AM to 5 PM,Closed,Closed,False,False,False,False,False,,
Hospitality,Chefland,Kitchen supply store,"286 Victoria St, Richmond VIC 3121, Australia",Richmond,https://www.google.com/maps/search/?api=1&query=Chefland&query_place_id=ChIJGTWfuP5C1moRTwvzgBE6FO0,https://m.facebook.com/pages/Chefland/239700856187793,,+61 3 9429 7085,-37.8107862,145.0011096,False,9:30 AM to 5 PM,9:30 AM to 5 PM,9:30 AM to 5 PM,9:30 AM to 5 PM,9:30 AM to 5 PM,9:30 AM to 5 PM,10 AM to 5 PM,False,False,False,False,False,117.0,4.2
Hospitality,Aussie Chef Clothing Company,Uniform store,"114 Murphy St, Richmond VIC 3121, Australia",Richmond,https://www.google.com/maps/search/?api=1&query=Aussie%20Chef%20Clothing%20Company&query_place_id=ChIJnfMZaFdC1moRgcaW-XePsVE,http://www.aussiechef.com.au/?utm_source=google&utm_medium=organic&utm_campaign=gmb,info@aussiechef.com.au,+61 3 9427 0033,-37.818294,145.009343,False,8:30 AM to 4:30 PM,8:30 AM to 4:30 PM,8:30 AM to 4:30 PM,8:30 AM to 4:30 PM,8:30 AM to 4:30 PM,Closed,Closed,False,False,False,False,False,74.0,4.0
Hospitality,Heat & Grill - Weber Store | Richmond,Grill store,"619-623 Bridge Rd, Richmond VIC 3121, Australia",Richmond,https://www.google.com/maps/search/?api=1&query=Heat%20%26%20Grill%20-%20Weber%20Store%20%7C%20Richmond&query_place_id=ChIJj3-UoVBC1moRTlI_GojHIxs,https://www.heatgrill.com.au/?utm_source=google&utm_medium=heatgrill&utm_campaign=website&utm_content=button,info@heatgrill.com.au,+61 3 9429 6888,-37.8195694,145.0116213,False,9 AM to 5 PM,9 AM to 5 PM,9 AM to 5 PM,9 AM to 5 PM,9 AM to 5 PM,9 AM to 5 PM,10 AM to 5 PM,False,False,False,False,False,637.0,4.8
Hospitality,ANM Furniture,Bar restaurant furniture store,"465 Victoria St, Abbotsford VIC 3067, Australia",Abbotsford,https://www.google.com/maps/search/?api=1&query=ANM%20Furniture&query_place_id=ChIJ0WGBwf5C1moRKMOLsrjYbds,http://www.anmfurniture.com.au/,,+61 3 9429 3525,-37.8104784,145.001482,False,10:30 AM to 5 PM,10:30 AM to 5 PM,10:30 AM to 5 PM,10:30 AM to 5 PM,10:30 AM to 5 PM,Closed,Closed,False,False,False,False,False,2.0,5.0
Hospitality,SOLANT,Software company,"Suite 17/663 Victoria St, Abbotsford VIC 3067, Australia",Abbotsford,https://www.google.com/maps/search/?api=1&query=SOLANT&query_place_id=ChIJVVVVOFNC1moReW0quST7vOQ,http://solant.com.au/,support@solant.com.au,+61 1300 978 184,-37.8112179,145.0124275,False,,,,,,,,False,False,False,False,False,,
Hospitality,Terminus Hotel,Pub,"605 Victoria St, Abbotsford VIC 3067, Australia",Abbotsford,https://www.google.com/maps/search/?api=1&query=Terminus%20Hotel&query_place_id=ChIJXX9pCFVC1moRgVBXrJAo8ZE,http://www.theterminushotel.com.au/,info@theterminushotel.com.au,+61 3 9427 0615,-37.8110948,145.0072168,False,12 to 10 PM,12 to 10 PM,12 to 10 PM,12 to 10 PM,12 PM to 12 AM,12 PM to 12 AM,12 to 10 PM,False,False,False,False,False,1320.0,4.3
Hospitality,Looks Generous | Interior Design,Interior designer,"36 Grove Rd, Hawthorn VIC 3122, Australia",Hawthorn,https://www.google.com/maps/search/?api=1&query=Looks%20Generous%20%7C%20Interior%20Design&query_place_id=ChIJiVa5UFxD1moR2Ac8lojTMP4,https://looksgenerous.com/,design@looksgenerous.com,+61 3 9245 1010,-37.8150692,145.0254606,False,9 AM to 6 PM,9 AM to 6 PM,9 AM to 6 PM,9 AM to 6 PM,9 AM to 6 PM,Closed,Closed,False,False,False,False,False,3.0,5.0
Hospitality,Kovstruct Pty Ltd,Building firm,"16/22 Church St, Hawthorn VIC 3122, Australia",Hawthorn,https://www.google.com/maps/search/?api=1&query=Kovstruct%20Pty%20Ltd&query_place_id=ChIJJeJ6Cutn1moRYVvufqzzH-c,http://www.kovstruct.com/,info@kovstruct.com,+61 419 119 789,-37.813737,145.022518,False,8 AM to 5 PM,8 AM to 5 PM,8 AM to 5 PM,8 AM to 5 PM,8 AM to 5 PM,Closed,Closed,False,False,False,False,False,,
Hospitality,Morrisons Café,Cafe,"42 Church St, Hawthorn VIC 3122, Australia",Hawthorn,https://www.google.com/maps/search/?api=1&query=Morrisons%20Caf%C3%A9&query_place_id=ChIJa31lWEtC1moRKfhiT1KB-Mk,http://www.morrisonscafe.com.au/,13e49d785d8d4f828038b6136f3b48ba@sentry.io,+61 493 812 060,-37.814565,145.021923,False,,,,,,,,False,False,False,False,False,186.0,4.7
Hospitality,Global Hospitality Group,Food and beverage consultant,"30 Belford Rd, Kew East VIC 3102, Australia",Kew East,https://www.google.com/maps/search/?api=1&query=Global%20Hospitality%20Group&query_place_id=ChIJdR0M_-5D1moRO4vwA5LIE0I,http://www.globalhospitalitygroup.com.au/,support@yourname.com,+61 413 150 599,-37.7987865,145.0471646,False,8:30 AM to 5:30 PM,8:30 AM to 5:30 PM,8:30 AM to 5:30 PM,8:30 AM to 5:30 PM,8:30 AM to 5:30 PM,9 AM to 12:30 PM,Closed,False,False,True,False,False,,
Hospitality,Grandeur in Clyde,Banquet hall,"30 Matterhorn Dr, Clyde North VIC 3978, Australia",Clyde North,https://www.google.com/maps/search/?api=1&query=Grandeur%20in%20Clyde&query_place_id=ChIJcc6QxHEb1moRoIfVrs7lV4o,https://www.grandeurinclyde.com.au/,info@grandeurinclyde.com.au,+61 468 881 155,-38.0926502,145.342236,False,9 AM to 1 AM,9 AM to 1 AM,9 AM to 1 AM,9 AM to 1 AM,9 AM to 1 AM,9 AM to 1 AM,9 AM to 1 AM,False,True,True,True,True,53.0,4.3
Hospitality,Club Chef,Uniform store,"291 High St, Northcote VIC 3070, Australia",Northcote,https://www.google.com/maps/search/?api=1&query=Club%20Chef&query_place_id=ChIJPdzlQXxD1moRcN4cmvuqVz4,http://www.clubchefstore.com.au/,,+61 3 9481 8477,-37.7718941,144.9983803,False,9 AM to 5 PM,9 AM to 5 PM,9 AM to 5 PM,9 AM to 5 PM,9 AM to 5 PM,10 AM to 3 PM,Closed,False,True,True,False,False,30.0,4.6
Hospitality,DEGANI NORTHCOTE,Cafe,"Shop T10/3 Breavington Way, Northcote VIC 3070, Australia",Northcote,https://www.google.com/maps/search/?api=1&query=DEGANI%20NORTHCOTE&query_place_id=ChIJSbGd_YFE1moR6KuH8CMFDyM,http://www.degani.com.au/,,+61 3 9489 5000,-37.7677461,145.0021891,False,6:30 AM to 10 PM,6:30 AM to 10 PM,6:30 AM to 10 PM,6:30 AM to 10 PM,6:30 AM to 10 PM,6:30 AM to 10 PM,6:30 AM to 10 PM,False,True,True,True,True,1171.0,4.4
Hospitality,CG LIVE,Event ticket seller,"301 High St, Northcote VIC 3070, Australia",Northcote,https://www.google.com/maps/search/?api=1&query=CG%20LIVE&query_place_id=ChIJ2_QFOHxD1moRx7FeNSjlEDQ,http://cglive.com.au/,publicity@cglive.com.au,,-37.771438,144.998389,False,,,,,,,,False,False,False,False,False,,
Hospitality,Supplime,Software company,"7 Wimble St, Northcote VIC 3070, Australia",Northcote,https://www.google.com/maps/search/?api=1&query=Supplime&query_place_id=ChIJtZ7VB3xD1moRluniXu97lRk,http://supplime.com.au/,,+61 421 727 844,-37.773131,144.998987,False,,,,,,,,False,False,False,False,False,,
Hospitality,Firecracker Event,Food products supplier,"58a Victoria Rd, Northcote VIC 3070, Australia",Northcote,https://www.google.com/maps/search/?api=1&query=Firecracker%20Event&query_place_id=ChIJ7-4ajWlE1moRyh6NX_TlmV8,http://www.firecrackerevent.com/,hello@firecrackerevent.com,+61 422 927 311,-37.7788059,145.010479,False,,,,,,,,False,True,True,True,True,26.0,5.0
Hospitality,Primo,Pizza restaurant,"104 High St, Northcote VIC 3070, Australia",Northcote,https://www.google.com/maps/search/?api=1&query=Primo&query_place_id=ChIJK-Es_nBD1moREzRfamLvq1Y,http://eatprimo.com.au/,MANAGER@EATPRIMO.COM.AU,+61 3 9482 2000,-37.7797258,144.9971633,False,5 to 10 PM,5 to 10 PM,5 to 10 PM,5 to 10 PM,5 to 10 PM,5 to 10 PM,5 to 10 PM,False,True,False,True,True,762.0,4.6
Hospitality,Yuni's Kitchen,Indonesian restaurant,"251 High St, Northcote VIC 3070, Australia",Northcote,https://www.google.com/maps/search/?api=1&query=Yuni's%20Kitchen&query_place_id=ChIJIW0bdXxD1moRUiC6QcYGc2c,http://www.yuniskitchen.com.au/,605a7baede844d278b89dc95ae0a9123@sentry-next.wixpress.com,+61 455 337 666,-37.7729899,144.9980243,False,Closed,5:30 to 9 PM,5:30 to 9 PM,5:30 to 9 PM,5:30 to 9 PM,5:30 to 9 PM,Closed,False,True,False,False,True,306.0,4.5
Hospitality,Nostra Kitchen,Restaurant,"58A Victoria Rd, Northcote VIC 3070, Australia",Northcote,https://www.google.com/maps/search/?api=1&query=Nostra%20Kitchen&query_place_id=ChIJK0OHDP8x12oRxtJMbxVgt-k,https://www.nostrakitchen.com.au/,,+61 449 593 865,-37.7788059,145.010479,False,,,,,,,,False,False,False,False,False,42.0,4.6
Hospitality,Pink Hill Hotel,Pub,"20 Pink Hill Bvd, Beaconsfield VIC 3807, Australia",Beaconsfield,https://www.google.com/maps/search/?api=1&query=Pink%20Hill%20Hotel&query_place_id=ChIJ-b1G_J8b1moR72SJ0qk2Rp8,https://www.pinkhillhotel.com.au/,enquiries@pinkhillhotel.com.au,+61 3 9707 6888,-38.0537986,145.3830718,False,10 AM to 1 AM,10 AM to 1 AM,10 AM to 1 AM,10 AM to 1 AM,10 AM to 1 AM,10 AM to 1 AM,10 AM to 1 AM,False,True,True,True,False,1549.0,3.9
Hospitality,Hoppa and Joe,Cafe,"457 Heidelberg Rd, Fairfield VIC 3078, Australia",Fairfield,https://www.google.com/maps/search/?api=1&query=Hoppa%20and%20Joe&query_place_id=ChIJNVXxrY9D1moRc_j0FbWeyNI,https://www.instagram.com/hoppa_and_joe/,,+61 3 7012 8516,-37.782982,145.0187432,False,Closed,7 AM to 2:30 PM,7 AM to 2:30 PM,7 AM to 2:30 PM,7 AM to 2:30 PM,7 AM to 3 PM,7 AM to 3 PM,False,False,False,False,True,517.0,4.7
Hospitality,3 Point Motors Fairfield,Car dealer,"484 Heidelberg Rd, Fairfield VIC 3078, Australia",Fairfield,https://www.google.com/maps/search/?api=1&query=3%20Point%20Motors%20Fairfield&query_place_id=ChIJZcAzTI5D1moRUedvjkkPAzA,http://www.mb3point.com.au/,testdriveepping@3point.com.au,+61 3 9489 7777,-37.7831354,145.0192791,False,7:30 AM to 6 PM,7:30 AM to 6 PM,7:30 AM to 6 PM,7:30 AM to 6 PM,7:30 AM to 6 PM,9 AM to 5 PM,Closed,False,True,True,False,False,519.0,4.4
Hospitality,Roto-Service,Food processing equipment,"34 Regent St, Prahran VIC 3181, Australia",Prahran,https://www.google.com/maps/search/?api=1&query=Roto-Service&query_place_id=ChIJabctti9o1moRa3CISI-mMek,,,+61 3 9525 2883,-37.850806,144.996553,False,8 AM to 4 PM,8 AM to 4 PM,8 AM to 4 PM,8 AM to 4 PM,8 AM to 3 PM,Closed,Closed,False,False,False,False,False,34.0,2.9
Hospitality,Lah Bros Windsor | Modern Nepalese Restaurant,Restaurant,"119 Chapel St, Windsor VIC 3181, Australia",Windsor,https://www.google.com/maps/search/?api=1&query=Lah%20Bros%20Windsor%20%7C%20Modern%20Nepalese%20Restaurant&query_place_id=ChIJCe1YZ5Vp1moRC0SiyYfmbY4,http://lahbros.com.au/,info@lahbros.com.au,+61 3 9421 6215,-37.8537085,144.9928203,False,Closed,5:30 to 9:30 PM,5:30 to 9:30 PM,"12 to 2:30 PM, 5:30 to 9:30 PM","12 to 2:30 PM, 5:30 to 10 PM","12 to 2:30 PM, 5:30 to 10 PM","12 to 2:30 PM, 5:30 to 9:30 PM",False,False,False,False,False,365.0,5.0
Hospitality,The Apprentice Restaurant,Restaurant,"142 High St, Prahran VIC 3181, Australia",Prahran,https://www.google.com/maps/search/?api=1&query=The%20Apprentice%20Restaurant&query_place_id=ChIJZ0_84zpo1moRITDeGtjpsjo,,,+61 3 9269 1200,-37.8517626,144.9918884,False,,,,,,,,False,True,False,False,False,12.0,4.9
Hospitality,Menswear Warehouse,Men's clothing store,"515 Mt Alexander Rd, Moonee Ponds VIC 3039, Australia",Moonee Ponds,https://www.google.com/maps/search/?api=1&query=Menswear%20Warehouse&query_place_id=ChIJGdIoU7Rd1moRcEq546MXH7c,https://menswearwarehouse.com.au/,,+61 3 9370 4073,-37.7711338,144.9260895,False,10 AM to 5 PM,10 AM to 5 PM,10 AM to 5 PM,10 AM to 5 PM,10 AM to 5 PM,10 AM to 5 PM,10 AM to 5 PM,False,True,True,False,False,323.0,4.9
Hospitality,Canlar Türkü evi melbourne,Restaurant,"528 Mt Alexander Rd, Ascot Vale VIC 3032, Australia",Ascot Vale,https://www.google.com/maps/search/?api=1&query=Canlar%20T%C3%BCrk%C3%BC%20evi%20melbourne&query_place_id=ChIJDd9v0qZd1moRXmhORBUa4FI,https://wa.me/61416228087?text=Merhaba%20rezervasyon%20yapmak%20istiyorum,,+61 416 228 087,-37.77466,144.9282861,False,,,,,,,,False,False,False,False,False,23.0,4.9
Hospitality,Estonian House Co-Op Ltd.,Association / Organization,"43 Melville Rd, Brunswick West VIC 3055, Australia",Brunswick West,https://www.google.com/maps/search/?api=1&query=Estonian%20House%20Co-Op%20Ltd.&query_place_id=ChIJj6KuwL5c1moRZl1vWivZn_g,http://www.eesti.org.au/estonian-houses/,estonianhall@gmail.com,+61 481 459 311,-37.7650877,144.9435525,False,,,,,,,,False,True,False,False,False,52.0,4.4
Hospitality,Switch Lifestyle,Restaurant,"Westfield Fountain Gate, 1125/352 Princes Hwy, Narre Warren VIC 3805, Australia",Narre Warren,https://www.google.com/maps/search/?api=1&query=Switch%20Lifestyle&query_place_id=ChIJ4_3-eLIQ1moRvmn_PF_DF2I,https://www.switchlifestyle.com.au/?utm_source=Google+My+Business&utm_medium=GMB&utm_campaign=Website+Link,,+61 3 9704 4333,-38.0183581,145.3020342,False,11:30 AM to 9 PM,11:30 AM to 9 PM,11:30 AM to 9 PM,11:30 AM to 10 PM,11:30 AM to 10:30 PM,11 AM to 10:30 PM,11 AM to 9 PM,False,True,True,True,True,1005.0,3.7
Hospitality,SpinifexIT,Software company,"3c/88 Ricketts Rd, Mount Waverley VIC 3149, Australia",Mount Waverley,https://www.google.com/maps/search/?api=1&query=SpinifexIT&query_place_id=ChIJxc3rcFQV1moRrN5Mh6olfJs,,,+61 3 9543 1075,-37.8958644,145.1411421,False,,,,,,,,False,True,True,False,False,1.0,5.0
Hospitality,Vogue Jewellers - Melbourne,Jeweler,"Fountain Gate, Shop 2078, 25/55 Overland Dr, Narre Warren VIC 3805, Australia",Narre Warren,https://www.google.com/maps/search/?api=1&query=Vogue%20Jewellers%20-%20Melbourne&query_place_id=ChIJSS7EqecR1moR0yLYd3kqmnI,,,+61 3 8753 6150,-38.0174735,145.3051695,False,9 AM to 5:30 PM,9 AM to 5:30 PM,9 AM to 5:30 PM,9 AM to 9 PM,9 AM to 9 PM,9 AM to 5 PM,10 AM to 5 PM,False,True,True,False,False,20.0,4.7
Hospitality,Ultra Tune Glen Waverley,Mechanic,"Cnr Waverley & Aristoc Rds, Glen Waverley VIC 3150, Australia",Glen Waverley,https://www.google.com/maps/search/?api=1&query=Ultra%20Tune%20Glen%20Waverley&query_place_id=ChIJtTnIvuk_1moRVD-7SFNHhYA,https://www.ultratune.com.au/stores/ultra-tune-glen-waverley/?utm_term=plcid_7419961546558174304&utm_source=google&utm_medium=organic&utm_campaign=Google%20My%20Business&utm_content=Ultra%20Tune%20Glen%20Waverley%20-%20GLEN%20WAVERLEY,glenwaverley@ultratune.com.au,+61 3 9561 5044,-37.8878653,145.1572697,False,8 AM to 5:30 PM,8 AM to 5:30 PM,8 AM to 5:30 PM,8 AM to 5:30 PM,8 AM to 5:30 PM,8 AM to 12 PM,Closed,False,True,True,False,False,178.0,4.7
Hospitality,GIAN Group,Corporate office,"Unit 3/2 Brandon Park Dr, Wheelers Hill VIC 3150, Australia",Wheelers Hill,https://www.google.com/maps/search/?api=1&query=GIAN%20Group&query_place_id=ChIJnytfr9oL1moRZkEliiVlh7g,http://www.giangroup.com.au/,,+61 1300 004 426,-37.9045945,145.1644028,False,8 AM to 5 PM,8 AM to 5 PM,8 AM to 5 PM,8 AM to 5 PM,8 AM to 5 PM,Closed,Closed,False,True,True,True,False,,
Hospitality,Feast Buffet @ Village Green Hotel,Buffet restaurant,"Ferntree Gully Rd, Mulgrave VIC 3170, Australia",Mulgrave,https://www.google.com/maps/search/?api=1&query=Feast%20Buffet%20%40%20Village%20Green%20Hotel&query_place_id=ChIJP5FnN2cV1moRH8MFGP8-lI4,https://www.thevillagegreen.com.au/dining?utm_source=gmb&utm_medium=organic&utm_campaign=gmb-web-visit,villagegreenhotel@alhgroup.com.au,+61 3 9560 8400,-37.903987,145.1599709,False,"11:30 AM to 2:30 PM, 5:30 to 8:30 PM","11:30 AM to 2:30 PM, 5:30 to 8:30 PM","11:30 AM to 2:30 PM, 5:30 to 8:30 PM","11:30 AM to 2:30 PM, 5:30 to 8:30 PM","11:30 AM to 3 PM, 5:30 to 9 PM","11:30 AM to 3 PM, 5:30 to 9 PM","11:30 AM to 3 PM, 5:30 to 9 PM",False,True,True,True,True,530.0,3.9
Hospitality,Glenny Kebabs - Mt Waverley,Kebab shop,"423 Blackburn Rd, Mount Waverley VIC 3149, Australia",Mount Waverley,https://www.google.com/maps/search/?api=1&query=Glenny%20Kebabs%20-%20Mt%20Waverley&query_place_id=ChIJhS1qoIQ_1moRaYSCY5m3cVM,http://www.glennykebabs.com/,,+61 3 8838 9595,-37.8913999,145.144283,False,11 AM to 1 AM,11 AM to 1 AM,11 AM to 1 AM,11 AM to 1 AM,11 AM to 1 AM,11 AM to 1 AM,11 AM to 1 AM,False,True,True,False,True,856.0,4.0
Hospitality,Fully Promoted Mount Waverley,Uniform store,"1/350 Springvale Rd, Glen Waverley VIC 3150, Australia",Glen Waverley,https://www.google.com/maps/search/?api=1&query=Fully%20Promoted%20Mount%20Waverley&query_place_id=ChIJR48CFVQV1moRO1rbov6mxZg,https://fullypromoted.com.au/store/mount-waverley,,+61 3 8548 4680,-37.887721,145.1647358,False,9 AM to 5 PM,9 AM to 5 PM,9 AM to 5 PM,9 AM to 5 PM,9 AM to 5 PM,Closed,Closed,False,True,True,False,False,117.0,4.9
Hospitality,Quest Glen Waverley,Hotel,"353-361 Springvale Rd, Glen Waverley VIC 3150, Australia",Glen Waverley,https://www.google.com/maps/search/?api=1&query=Quest%20Glen%20Waverley&query_place_id=ChIJ1ZC3m8M_1moRZdNKujQJY0I,https://www.questapartments.com.au/properties/vic/glen-waverley/quest-glen-waverley,,+61 3 9239 2900,-37.8876801,145.1640731,False,,,,,,,,False,False,False,False,False,310.0,4.4
Hospitality,Dorsett Melbourne,Hotel,"615 Little Lonsdale St, Melbourne VIC 3000, Australia",Melbourne,https://www.google.com/maps/search/?api=1&query=Dorsett%20Melbourne&query_place_id=ChIJKeYNKlld1moRniRXxqNFrJk,https://www.dorsetthotels.com/dorsett-melbourne/,reservations.melbourne@dorsetthotels.com,+61 3 9123 4888,-37.813933,144.9532924,False,,,,,,,,False,False,False,False,False,985.0,4.3
Hospitality,Galaxy Party Supplies,Party store,"5 Tallis Cct, Truganina VIC 3029, Australia",Truganina,https://www.google.com/maps/search/?api=1&query=Galaxy%20Party%20Supplies&query_place_id=ChIJC7QJrbiJ1moRvmipbqEbDo4,,,+61 452 545 900,-37.8375633,144.7416336,False,10 AM to 6 PM,10 AM to 6 PM,10 AM to 6 PM,10 AM to 6 PM,10 AM to 6 PM,10 AM to 6 PM,10 AM to 2 PM,False,False,True,False,False,822.0,5.0
Hospitality,Elegant Collections Truganina - Furniture Shop and Store,Furniture store,"276 Tallis Cct, Truganina VIC 3029, Australia",Truganina,https://www.google.com/maps/search/?api=1&query=Elegant%20Collections%20Truganina%20-%20Furniture%20Shop%20and%20Store&query_place_id=ChIJKfugFIBf1moRwF80P5KXS0M,https://www.elegantcollections.com.au/,info@elegantcollections.com.au,+61 481 333 244,-37.8384452,144.7439218,False,10 AM to 6 PM,10 AM to 6 PM,10 AM to 6 PM,10 AM to 6 PM,10 AM to 6 PM,11 AM to 6 PM,11 AM to 6 PM,False,True,True,False,False,221.0,4.8
Hospitality,BBQ BLISS,Indian restaurant,"Unit 13/150 Palmers Rd, Truganina VIC 3029, Australia",Truganina,https://www.google.com/maps/search/?api=1&query=BBQ%20BLISS&query_place_id=ChIJP09AkCyJ1moRev0BKjLtDxI,https://bbqbliss.com.au/,Bbqbliss1@gmail.com,+61 403 711 488,-37.8416991,144.7471556,False,Closed,5 to 11 PM,5 to 11 PM,5 to 11 PM,5 to 11 PM,5 to 11 PM,5 to 11 PM,False,True,True,False,False,162.0,4.8
Hospitality,Anzano Social Club,Social club,"191 Leakes Rd, Truganina VIC 3029, Australia",Truganina,https://www.google.com/maps/search/?api=1&query=Anzano%20Social%20Club&query_place_id=ChIJXVnzMYWJ1moR9kyP3HAyPD4,https://www.anzanoclub.com.au/,info@anzanoclub.com.au,+61 3 9369 5897,-37.8403856,144.7502322,False,Closed,Closed,9 AM to 5 PM,9 AM to 5 PM,9 AM to 5 PM,9 AM to 5 PM,Closed,False,True,True,False,False,14.0,4.3
Hospitality,Aanch,Indian restaurant,"Shop 6/211 Leakes Rd, Truganina VIC 3029, Australia",Truganina,https://www.google.com/maps/search/?api=1&query=Aanch&query_place_id=ChIJax_K4BKJ1moRbFnumA_TNEM,https://www.aanchindian.com.au/,,+61 481 035 528,-37.8405394,144.7484565,False,4:30 to 11 PM,4:30 to 11 PM,4:30 to 11 PM,4:30 to 11 PM,4:30 to 11 PM,11 AM to 11 PM,11 AM to 11 PM,False,True,True,True,True,831.0,4.5
Hospitality,Mamma Roti,Restaurant,"2 Infinity Dr, Truganina VIC 3029, Australia",Truganina,https://www.google.com/maps/search/?api=1&query=Mamma%20Roti&query_place_id=ChIJjcrGWoGJ1moRk-wRBjUvTw0,http://www.mammaroti.com.au/,,+61 415 727 560,-37.8354376,144.7466967,False,4:30 to 10:30 PM,Closed,4:30 to 10:30 PM,4:30 to 10:30 PM,4:30 to 10:30 PM,4:30 to 10:30 PM,4:30 to 10:30 PM,False,True,True,False,False,312.0,4.6
Hospitality,Chaskah Truganina | Indian Restaurant | Function Hall | Bulk Food,Indian restaurant,"Unit 7/203 Palmers Rd, Truganina VIC 3029, Australia",Truganina,https://www.google.com/maps/search/?api=1&query=Chaskah%20Truganina%20%7C%20Indian%20Restaurant%20%7C%20Function%20Hall%20%7C%20Bulk%20Food&query_place_id=ChIJPXeWvUyJ1moRMYQxFd6dNHQ,http://www.chaskah.com.au/,info@chaskah.com.au,+61 3 9394 1165,-37.8386831,144.7455961,False,11 AM to 11 PM,Closed,11 AM to 11 PM,11 AM to 11 PM,11 AM to 11 PM,11 AM to 11 PM,11 AM to 11 PM,False,True,True,True,True,1914.0,3.9
Hospitality,Glitter Jewellers,Jewelry store,"Unit4/215 Palmers Rd, Truganina VIC 3029, Australia",Truganina,https://www.google.com/maps/search/?api=1&query=Glitter%20Jewellers&query_place_id=ChIJq7gDP42J1moRREFQU8przEk,https://www.glitterjewellers.com.au/,,+61 452 411 411,-37.837574,144.7458164,False,11 AM to 5 PM,11 AM to 5 PM,11 AM to 5 PM,11 AM to 5 PM,11 AM to 5 PM,11 AM to 5 PM,11 AM to 5 PM,False,True,True,False,True,177.0,4.9
Hospitality,Pacific Oz-tralasia,Restaurant supply store,"530 Little Collins St, Melbourne VIC 3000, Australia",Melbourne,https://www.google.com/maps/search/?api=1&query=Pacific%20Oz-tralasia&query_place_id=ChIJ4_a4KA8U1moRBsAV_Q0i1yE,https://pacozasia.com/,,+61 3 9614 6622,-37.8169111,144.9571444,False,9 AM to 5 PM,9 AM to 5 PM,9 AM to 5 PM,9 AM to 5 PM,9 AM to 5 PM,Closed,Closed,False,False,False,False,False,,
Hospitality,Higher Ground,Cafe,"650 Little Bourke St, Melbourne VIC 3000, Australia",Melbourne,https://www.google.com/maps/search/?api=1&query=Higher%20Ground&query_place_id=ChIJ-R8fAE9d1moR3yFuI2x1z00,https://highergroundmelbourne.com.au/,info@highergroundmelbourne.com.au,+61 3 8899 6219,-37.8157491,144.9530438,False,7 AM to 5 PM,7 AM to 5 PM,7 AM to 5 PM,7 AM to 5 PM,7 AM to 5 PM,7:30 AM to 5 PM,7:30 AM to 5 PM,False,True,True,True,True,6136.0,4.1
Hospitality,Mail Exchange Hotel,Hotel,"688 Bourke St, Melbourne VIC 3000, Australia",Melbourne,https://www.google.com/maps/search/?api=1&query=Mail%20Exchange%20Hotel&query_place_id=ChIJw-4JwlhB1moRrg9MwaFQ8lM,https://mailexchangehotel.com.au/#utm_source=google&utm_medium=organic&utm_campaign=Mail-Exchange-Hotel-Website&utm_content=688-Bourke-St-Melbourne-VIC,,+61 3 9903 6880,-37.8167985,144.9536878,False,,,,,,,,False,True,False,True,True,3632.0,4.2
Hospitality,IFSuites Upper West Side,Serviced accommodation,"647 Lonsdale St, Melbourne VIC 3000, Australia",Melbourne,https://www.google.com/maps/search/?api=1&query=IFSuites%20Upper%20West%20Side&query_place_id=ChIJxVLR4k5d1moRGeJAncpCtrA,,,+61 426 878 268,-37.8150503,144.9533863,False,,,,,,,,False,False,False,False,False,84.0,4.2
Hospitality,Arrow on Spencer,Hotel,"585 La Trobe St, Melbourne VIC 3000, Australia",Melbourne,https://www.google.com/maps/search/?api=1&query=Arrow%20on%20Spencer&query_place_id=ChIJ-SqezEhd1moRY7NQtgVT_uc,https://www.arrowonspencer.com.au/,Reception@arrowonspencer.com.au,+61 3 9321 0900,-37.8131941,144.9518495,False,,,,,,,,False,False,False,False,False,479.0,3.7
Hospitality,ALTEC College,Vocational school,"Level 8/620 Bourke St, Melbourne VIC 3000, Australia",Melbourne,https://www.google.com/maps/search/?api=1&query=ALTEC%20College&query_place_id=ChIJV--QnDNd1moR-Ym39X-U2w4,https://www.altec.edu.au/,info@altec.edu.au,+61 3 9529 1783,-37.8162459,144.9552799,False,9 AM to 5:30 PM,9 AM to 5:30 PM,9 AM to 5:30 PM,9 AM to 5:30 PM,9 AM to 5:30 PM,Closed,Closed,False,True,False,True,True,116.0,4.3
Hospitality,Brighton Institute of Technology,College,"level 5/255 William St, Melbourne VIC 3000, Australia",Melbourne,https://www.google.com/maps/search/?api=1&query=Brighton%20Institute%20of%20Technology&query_place_id=ChIJ67J1IbVC1moROsZu9dP8Ba4,http://www.bit.edu.au/,info@bit.edu.au,+61 3 9642 1770,-37.8131612,144.9567781,False,Closed,Closed,Closed,Closed,8:30 AM to 5 PM,8:30 AM to 5 PM,8:30 AM to 5 PM,False,True,False,False,False,131.0,4.5
Hospitality,The Bakeshop,Bakery,"Bldg D/555 La Trobe St, Melbourne VIC 3000, Australia",Melbourne,https://www.google.com/maps/search/?api=1&query=The%20Bakeshop&query_place_id=ChIJ7TaR1khd1moR333Ilj08K_E,https://www.angliss.edu.au/restaurants-events/angliss-dining/angliss-bakeshop/,international@angliss.edu.au,+61 3 9606 2409,-37.8131013,144.9526428,False,4 to 5 PM,4 to 5 PM,4 to 5 PM,4 to 5 PM,4 to 5 PM,Closed,Closed,False,True,False,False,False,17.0,4.1
Hospitality,"The Ritz-Carlton, Melbourne",Hotel,"650 Lonsdale St, Melbourne VIC 3000, Australia",Melbourne,https://www.google.com/maps/search/?api=1&query=The%20Ritz-Carlton%2C%20Melbourne&query_place_id=ChIJfZGGrDxd1moRMQclgXcozFo,https://www.ritzcarlton.com/en/hotels/melrz-the-ritz-carlton-melbourne/overview/?scid=f2ae0541-1279-4f24-b197-a979c79310b0,,+61 3 9122 2888,-37.8147847,144.9529471,False,,,,,,,,False,False,False,False,False,952.0,4.5
Hospitality,570 Bourke Street,Corporate office,"558 Little Bourke St, Melbourne VIC 3000, Australia",Melbourne,https://www.google.com/maps/search/?api=1&query=570%20Bourke%20Street&query_place_id=ChIJ9eOI6w5d1moRi6C6_9O7hhY,https://www.570bourke.com.au/,,+61 3 9602 1606,-37.8148972,144.9559351,False,,,,,,,,False,True,False,True,False,5.0,4.8
Hospitality,Caterhire,Corporate office,"15 Paraweena Dr, Truganina VIC 3029, Australia",Truganina,https://www.google.com/maps/search/?api=1&query=Caterhire&query_place_id=ChIJuxA3rk2K1moR2lhs9HGlDL4,http://www.caterhire.com.au/,,+61 1300 228 447,-37.8135188,144.7533944,False,7 AM to 4 PM,7 AM to 4 PM,7 AM to 4 PM,7 AM to 4 PM,7 AM to 4 PM,Closed,Closed,False,True,True,False,False,3.0,3.7
Hospitality,Linwood Hospitality,Hotel,"10 Simpson St, Moorabbin VIC 3189, Australia",Moorabbin,https://www.google.com/maps/search/?api=1&query=Linwood%20Hospitality&query_place_id=ChIJEXnFenRs1moRbcdAFUkrhHY,,,,-37.9479402,145.0747173,False,,,,,,,,False,False,False,False,False,1.0,1.0
Hospitality,Hadi Hospitality,,"Unit 9/11 Friars Rd, Moorabbin VIC 3189, Australia",Moorabbin,https://www.google.com/maps/search/?api=1&query=Hadi%20Hospitality&query_place_id=ChIJGz1mIw9s1moR9ZBoQ-aDfrA,https://hadihospitality.com.au/contact/,lelio@HADIHOSPITALITY.COM,+61 425 833 264,-37.9452675,145.0625325,False,,,,,,,,False,False,False,False,False,,
Hospitality,Swiss Institute Australia,Educational institution,"Level 1, Suite 22/420 Collins St, Melbourne VIC 3000, Australia",Melbourne,https://www.google.com/maps/search/?api=1&query=Swiss%20Institute%20Australia&query_place_id=ChIJ-fdPWCBd1moRI0hFdd4N7aU,https://www.swiss.edu.au/,info@swiss.edu.au,+61 3 4309 4084,-37.817029,144.9602963,False,9 AM to 6 PM,9 AM to 6 PM,9 AM to 6 PM,9 AM to 6 PM,9 AM to 6 PM,Closed,Closed,False,True,False,False,False,1.0,5.0
Hospitality,524 Flinders Event Space,Event venue,"524 Flinders St, Melbourne VIC 3000, Australia",Melbourne,https://www.google.com/maps/search/?api=1&query=524%20Flinders%20Event%20Space&query_place_id=ChIJRzRvElJd1moRxUaAjJEhGEM,http://www.524flinders.com.au/,events@524flinders.com.au,+61 416 155 568,-37.820368,144.956803,False,9 AM to 5 PM,9 AM to 5 PM,9 AM to 5 PM,9 AM to 5 PM,9 AM to 5 PM,Closed,Closed,False,True,False,True,False,116.0,4.6
Hospitality,menumiz,Software company,"121 King St, Melbourne VIC 3000, Australia",Melbourne,https://www.google.com/maps/search/?api=1&query=menumiz&query_place_id=ChIJY7GhpndbkWsRF7rJCClStDE,https://www.menumiz.com/,media@menumiz.com,+61 3 7071 3000,-37.817251,144.955775,False,Open 24 hours,Open 24 hours,Open 24 hours,Open 24 hours,Open 24 hours,Open 24 hours,Open 24 hours,False,True,False,False,False,12.0,4.7
Hospitality,CIEL The Venue,Event venue,"408 City Rd, Southbank VIC 3006, Australia",Southbank,https://www.google.com/maps/search/?api=1&query=CIEL%20The%20Venue&query_place_id=ChIJQVm5DXBd1moRwaaIEx4NcFE,https://atlanticgroup.com.au/venues/ciel-the-venue/,Audi-@-CIEL2-1-RESIZED-.jpg,+61 3 8623 9600,-37.8294412,144.9557167,False,,,,,,,,False,True,False,True,False,49.0,4.8
Hospitality,Luminare,Event venue,"Cnr Browns Lane &, York St, South Melbourne VIC 3205, Australia",South Melbourne,https://www.google.com/maps/search/?api=1&query=Luminare&query_place_id=ChIJWfzVCP9n1moRKwLlDxYGd_o,http://www.luminare.net.au/,nav-private-parties@2x.jpg,+61 3 8416 9700,-37.830707,144.9577094,False,9 AM to 5 PM,9 AM to 5 PM,9 AM to 5 PM,9 AM to 5 PM,9 AM to 5 PM,Closed,Closed,False,True,True,True,False,209.0,4.5
Hospitality,The Waverley International Hotel,Hotel,"301 Springvale Rd, Glen Waverley VIC 3150, Australia",Glen Waverley,https://www.google.com/maps/search/?api=1&query=The%20Waverley%20International%20Hotel&query_place_id=ChIJ9cvVMcE_1moRQvmNb_qsa98,https://www.waverleymelbourne.com/,reservation@thewaverley.com,+61 3 9560 3311,-37.8835292,145.1643477,False,,,,,,,,False,False,False,False,False,576.0,4.1
Hospitality,Gambino Restaurant & Rooftop,Italian restaurant,"L5/73-75 Kingsway, Glen Waverley VIC 3150, Australia",Glen Waverley,https://www.google.com/maps/search/?api=1&query=Gambino%20Restaurant%20%26%20Rooftop&query_place_id=ChIJ8a9db1c_1moRun1OX8nDoN8,https://www.gambino.au/,hello@gambino.au,+61 3 9560 8080,-37.8805097,145.1633031,False,Closed,5 to 11 PM,5 to 11 PM,12 to 11 PM,12 to 11 PM,12 to 11:30 PM,12 to 10:30 PM,False,False,False,True,True,398.0,4.2
Hospitality,Novotel Melbourne Glen Waverley,Hotel,"285 Springvale Rd, Glen Waverley VIC 3150, Australia",Glen Waverley,https://www.google.com/maps/search/?api=1&query=Novotel%20Melbourne%20Glen%20Waverley&query_place_id=ChIJd2qjU8c_1moRdD4-bh0nuQA,https://all.accor.com/lien_externe.svlt?goto=fiche_hotel&code_hotel=2068&merchantid=seo-maps-AU-2068&sourceid=aw-cen&utm_medium=seo%20maps&utm_source=google%20Maps&utm_campaign=seo%20maps,H2068@accor.com,+61 3 8561 2345,-37.8813491,145.1646883,False,,,,,,,,False,False,False,False,False,1528.0,4.3
Hospitality,ibis Melbourne Glen Waverley,Hotel,"297 Springvale Rd, Glen Waverley VIC 3150, Australia",Glen Waverley,https://www.google.com/maps/search/?api=1&query=ibis%20Melbourne%20Glen%20Waverley&query_place_id=ChIJ0evVktw_1moRjiDR53VDzeQ,https://all.accor.com/lien_externe.svlt?goto=fiche_hotel&code_hotel=6413&merchantid=seo-maps-AU-6413&sourceid=aw-cen&utm_medium=seo%20maps&utm_source=google%20Maps&utm_campaign=seo%20maps,H6413@accor.com,+61 3 9518 7111,-37.8829591,145.164316,False,,,,,,,,False,False,False,False,False,952.0,4.0
Hospitality,Astra Apartments Glen Waverley @Osullivan RD,Hotel,"Unit 23/54 Osullivan Rd, Glen Waverley VIC 3150, Australia",Glen Waverley,https://www.google.com/maps/search/?api=1&query=Astra%20Apartments%20Glen%20Waverley%20%40Osullivan%20RD&query_place_id=ChIJgZW0jQc_1moRUXQ5S19zvg4,https://www.astraapartments.com.au/locations/melbourne/glen-waverley/?utm_source=google&utm_medium=GMB&utm_campaign=glen-waverley,,+61 432 540 728,-37.8786804,145.1650843,False,,,,,,,,False,False,False,False,False,24.0,4.9
Hospitality,House of Delight,Chinese restaurant,"level 1/52 Montclair Ave, Glen Waverley VIC 3150, Australia",Glen Waverley,https://www.google.com/maps/search/?api=1&query=House%20of%20Delight&query_place_id=ChIJ8VjFi8A_1moRpsARdQsIu7k,http://www.houseofdelight.com.au/,,+61 3 9560 2898,-37.8810359,145.1626351,False,"11:30 AM to 3 PM, 5:30 to 10 PM","11:30 AM to 3 PM, 5:30 to 10 PM","11:30 AM to 3 PM, 5:30 to 10 PM","11:30 AM to 3 PM, 5:30 to 10 PM","11:30 AM to 3 PM, 5:30 to 10 PM","11:30 AM to 3 PM, 5:30 to 10 PM","11:30 AM to 3 PM, 5:30 to 10 PM",False,True,True,True,True,1028.0,4.2
Hospitality,Cafe Upstairs 樓上冰室 (Glen Waverley),Cha chaan teng (Hong Kong-style cafe),"Level 1, 73/75 Kingsway, Glen Waverley VIC 3150, Australia",Glen Waverley,https://www.google.com/maps/search/?api=1&query=Cafe%20Upstairs%20%E6%A8%93%E4%B8%8A%E5%86%B0%E5%AE%A4%20(Glen%20Waverley)&query_place_id=ChIJQZUoDMM_1moRGwIbWd_dJqo,https://www.facebook.com/profile.php?id=61569512042447,,+61 3 8518 6696,-37.8805097,145.1633031,False,11 AM to 9 PM,Closed,11 AM to 9 PM,11 AM to 9 PM,11 AM to 9 PM,9 AM to 9 PM,9 AM to 9 PM,False,False,True,False,False,165.0,3.9
Hospitality,Steak Ministry Bar & Grill,Bar & grill,"39-51 Kingsway, Glen Waverley VIC 3150, Australia",Glen Waverley,https://www.google.com/maps/search/?api=1&query=Steak%20Ministry%20Bar%20%26%20Grill&query_place_id=ChIJTdb7Kb8_1moRJ42zwMr4XD4,https://steakministry.com.au/,info@steakministry.com.au,+61 3 9560 1818,-37.8800287,145.1636093,False,5 to 10 PM,5 to 10 PM,5 to 10 PM,"12 to 3 PM, 5 to 10 PM","12 to 3 PM, 5 to 10 PM","12 to 3 PM, 5 to 10 PM",5 to 10 PM,False,True,True,True,True,1724.0,4.1
Hospitality,San Churro Glen Waverley,Dessert shop,"Shop 75, 73/75 Kingsway, Glen Waverley VIC 3150, Australia",Glen Waverley,https://www.google.com/maps/search/?api=1&query=San%20Churro%20Glen%20Waverley&query_place_id=ChIJ7z0X-mA_1moRzBW7DCId4PU,https://www.sanchurro.com/store/san-churro-glen-waverley/,glenwaverley@sanchurro.com,+61 3 5292 0480,-37.8805097,145.1633031,False,12 to 10:30 PM,12 to 10:30 PM,12 to 10:30 PM,12 to 11 PM,12 PM to 12 AM,11 AM to 12 AM,11 AM to 10:30 PM,False,True,True,False,False,275.0,4.4
Hospitality,Mountain View Hotel,Pub,"186 Springvale Rd, Glen Waverley VIC 3150, Australia",Glen Waverley,https://www.google.com/maps/search/?api=1&query=Mountain%20View%20Hotel&query_place_id=ChIJrWm8Ebs_1moRjxhejou5sfQ,https://www.mountainviewhotel.com.au/,mountain.view.hotel@alhgroup.com.au,+61 3 9814 2000,-37.8738732,145.1674825,False,10 AM to 4 AM,10 AM to 4 AM,10 AM to 4 AM,10 AM to 4 AM,10 AM to 4 AM,10 AM to 4 AM,10 AM to 4 AM,False,True,True,True,True,916.0,4.1
Hospitality,HCF,Health insurance agency,"The Glen Shopping Centre, Ground level/235 Springvale Rd, Glen Waverley VIC 3150, Australia",Glen Waverley,https://www.google.com/maps/search/?api=1&query=HCF&query_place_id=ChIJIeiCUWhq1moR5rVuQCX6LZo,https://www.hcf.com.au/,,+61 3 9600 6330,-37.8756813,145.1650389,False,9 AM to 5 PM,9 AM to 5 PM,9 AM to 5 PM,9 AM to 5 PM,9 AM to 5 PM,10 AM to 2 PM,Closed,False,True,True,False,False,46.0,4.4
Hospitality,Laurent Bakery The Glen,Bakery,"235 Springvale Rd, Glen Waverley VIC 3150, Australia",Glen Waverley,https://www.google.com/maps/search/?api=1&query=Laurent%20Bakery%20The%20Glen&query_place_id=ChIJP5cP68I_1moR7mGGpbQUdHA,https://www.laurent.com.au/,,+61 3 9886 1717,-37.8764963,145.1652244,False,9 AM to 5:30 PM,9 AM to 5:30 PM,9 AM to 5:30 PM,9 AM to 9 PM,9 AM to 9 PM,9 AM to 5 PM,9 AM to 5 PM,False,True,True,False,False,472.0,3.7
Hospitality,CHG Australia,Event venue,"157 Moray St, South Melbourne VIC 3205, Australia",South Melbourne,https://www.google.com/maps/search/?api=1&query=CHG%20Australia&query_place_id=ChIJ7_PO8_5n1moRutp3usvYZ7c,http://www.chgaustralia.com/,,+61 3 9690 4511,-37.8309039,144.9627754,False,Open 24 hours,Open 24 hours,Open 24 hours,Open 24 hours,Open 24 hours,Open 24 hours,Open 24 hours,False,True,False,True,False,1.0,5.0
Hospitality,Atlantic Group,Caterer,"387 City Rd, South Melbourne VIC 3205, Australia",South Melbourne,https://www.google.com/maps/search/?api=1&query=Atlantic%20Group&query_place_id=ChIJFXvi0Fld1moRG8_V9fzugIg,http://www.atlanticgroup.com.au/,info@esthergodoy.com,+61 3 8623 9600,-37.831468,144.953943,False,9 AM to 5 PM,9 AM to 5 PM,9 AM to 5 PM,9 AM to 5 PM,9 AM to 5 PM,Closed,Closed,False,True,True,False,False,50.0,4.0
Hospitality,Homey Meals,Restaurant,"39 Evrah Dr, Hoppers Crossing VIC 3029, Australia",Hoppers Crossing,https://www.google.com/maps/search/?api=1&query=Homey%20Meals&query_place_id=ChIJl9IF83aJ1moR03QQhLTSWFY,https://homeymeals.com.au/,,+61 421 928 363,-37.8602659,144.6987639,False,11:30 AM to 9:30 PM,11:30 AM to 9:30 PM,11:30 AM to 9:30 PM,11:30 AM to 9:30 PM,11:30 AM to 9:30 PM,11:30 AM to 9:30 PM,Closed,False,True,True,False,False,160.0,4.6
Hospitality,Simply Indian Hoppers Crossing,Indian restaurant,"Unit 1/266-274 Derrimut Rd, Hoppers Crossing VIC 3029, Australia",Hoppers Crossing,https://www.google.com/maps/search/?api=1&query=Simply%20Indian%20Hoppers%20Crossing&query_place_id=ChIJ7W2r4qKP1moRw33i_ICvhQI,https://simplyindian.net.au/,melton@simplyindian.net.au,+61 3 9748 8848,-37.8612791,144.6860883,False,12 to 10 PM,12 to 10 PM,12 to 10 PM,12 to 10 PM,12 to 10 PM,12 to 10 PM,12 to 10 PM,False,True,True,True,True,1391.0,4.3
Hospitality,Biryani Nation Tarneit,Restaurant,"2/14-20 Lavinia Dr, Tarneit VIC 3029, Australia",Tarneit,https://www.google.com/maps/search/?api=1&query=Biryani%20Nation%20Tarneit&query_place_id=ChIJgw1bh9yJ1moRSUL_1-s4loA,https://biryanination.com.au/,,+61 481 839 457,-37.8494734,144.7026382,False,"11 AM to 3 PM, 5 to 11 PM","11 AM to 3 PM, 5 to 11 PM","11 AM to 3 PM, 5 to 11 PM","11 AM to 3 PM, 5 to 11 PM","11 AM to 3 PM, 5 to 11 PM",11 AM to 11 PM,11 AM to 11 PM,False,True,True,False,True,1827.0,4.5
Hospitality,Vogue Ballroom: Wedding Reception & Function Venue,Wedding venue,"399 Blackburn Rd, Burwood East VIC 3151, Australia",Burwood East,https://www.google.com/maps/search/?api=1&query=Vogue%20Ballroom%3A%20Wedding%20Reception%20%26%20Function%20Venue&query_place_id=ChIJcwHEeJ0_1moR9DjIC2h-VJ4,https://vogueballroom.com.au/,events@vogueballroom.com.au,+61 3 9802 2477,-37.8579841,145.1516275,False,10 AM to 9 PM,10 AM to 9 PM,10 AM to 9 PM,10 AM to 9 PM,10 AM to 9 PM,10 AM to 9 PM,10 AM to 9 PM,False,True,True,True,False,602.0,4.6
Hospitality,WISE Employment Tarneit,Employment agency,"Wyndham Village Shopping Centre, Shop 45C/380 Sayers Rd, Tarneit VIC 3029, Australia",Tarneit,https://www.google.com/maps/search/?api=1&query=WISE%20Employment%20Tarneit&query_place_id=ChIJ79GWTsKJ1moRBu_B5CrUbIs,https://wise.org.au/,enquiries@wise.org.au,+61 1800 161 231,-37.8494143,144.7044824,False,9 AM to 5 PM,9 AM to 5 PM,9 AM to 5 PM,9 AM to 5 PM,9 AM to 5 PM,Closed,Closed,False,True,True,False,False,23.0,4.7
Hospitality,Biryani House Hoppers Crossing,Indian restaurant,"1 Alexandra Ave, Hoppers Crossing VIC 3029, Australia",Hoppers Crossing,https://www.google.com/maps/search/?api=1&query=Biryani%20House%20Hoppers%20Crossing&query_place_id=ChIJA-CNtCiJ1moR5Sa88LeyG0k,https://www.ozfoodhunter.com.au/biryani-house-hoppers-crossing,info@ozfoodhunter.com.au,+61 3 8742 1882,-37.8513464,144.7071829,False,11:30 AM to 11 PM,11:30 AM to 11 PM,11:30 AM to 11 PM,11:30 AM to 11 PM,11:30 AM to 12 AM,11:30 AM to 12 AM,11:30 AM to 10 PM,False,True,True,False,False,861.0,3.5
Hospitality,Umberto Espresso Bar,Italian restaurant,"917 High St, Thornbury VIC 3071, Australia",Thornbury,https://www.google.com/maps/search/?api=1&query=Umberto%20Espresso%20Bar&query_place_id=ChIJrfXhp4tE1moRcBq2WyJ85Tw,https://www.umberto.com.au/,WilliamsRef_UMBERTOS2020_Web@HiSylvia-113.jpg,+61 3 9416 8449,-37.752655,145.001404,False,Closed,5 to 9:30 PM,11:30 AM to 9:30 PM,11:30 AM to 9:30 PM,11:30 AM to 9:30 PM,11:30 AM to 9:30 PM,11:30 AM to 9:30 PM,False,False,False,False,True,841.0,4.4
Hospitality,The Sovereign,Event venue,"302 St Georges Rd, Thornbury VIC 3071, Australia",Thornbury,https://www.google.com/maps/search/?api=1&query=The%20Sovereign&query_place_id=ChIJ-8GImGND1moRLdweXysOI5g,http://sovereignreceptions.com.au/,info@sovereignreceptions.com.au,+61 3 9484 3567,-37.7605527,144.9932872,False,,,,,,,,False,True,True,True,False,132.0,4.6
Hospitality,Jannat Indian Restaurant- By Top in Town,Restaurant,"20 Lavinia Dr, Tarneit VIC 3029, Australia",Tarneit,https://www.google.com/maps/search/?api=1&query=Jannat%20Indian%20Restaurant-%20By%20Top%20in%20Town&query_place_id=ChIJzTxSqC6J1moR9AufbN1JGwI,https://www.jannat.com.au/,support@jannat.com.au,+61 3 9749 4902,-37.8495693,144.7027976,False,11 AM to 10 PM,11 AM to 10 PM,11 AM to 10 PM,11 AM to 10 PM,11 AM to 12 AM,11 AM to 12 AM,11 AM to 10 PM,False,True,True,True,True,1209.0,3.7
Hospitality,Carpet Call Hoppers Crossing,Flooring store,"1/300 Old Geelong Rd, Hoppers Crossing VIC 3029, Australia",Hoppers Crossing,https://www.google.com/maps/search/?api=1&query=Carpet%20Call%20Hoppers%20Crossing&query_place_id=ChIJk0jN_sCI1moRisxlBTtzf04,https://www.carpetcall.com.au/find-a-store/vic/hoppers-crossing?utm_source=google&utm_medium=gbp&utm_campaign=gbp_hoppers-crossing,,+61 3 9912 0530,-37.872825,144.724922,False,9 AM to 5 PM,9 AM to 5 PM,9 AM to 5 PM,9 AM to 5 PM,9 AM to 6 PM,9 AM to 5 PM,10 AM to 5 PM,False,True,True,False,False,324.0,4.6
Hospitality,Catering Technology Solutions Pty Ltd.,Electrician,"33/29 Richards Rd, Hoppers Crossing VIC 3029, Australia",Hoppers Crossing,https://www.google.com/maps/search/?api=1&query=Catering%20Technology%20Solutions%20Pty%20Ltd.&query_place_id=ChIJnTnZz-KI1moRIDgjKtwqOB8,https://www.cateringtechnologysolutions.com.au/,,+61 1300 768 227,-37.8653741,144.7296972,False,7:30 AM to 4:30 PM,7:30 AM to 4:30 PM,7:30 AM to 4:30 PM,7:30 AM to 4:30 PM,7:30 AM to 4:30 PM,Closed,Closed,False,False,False,False,False,,
Hospitality,Petstock Hoppers Crossing,Pet store,"431 Old Geelong Rd, Hoppers Crossing VIC 3029, Australia",Hoppers Crossing,https://www.google.com/maps/search/?api=1&query=Petstock%20Hoppers%20Crossing&query_place_id=ChIJW-w8UfuI1moRIIrrJiKkel8,https://www.petstock.com.au/store/petstock-hoppers-crossing-3034?utm_term=plcid_2742953469081805341,hoppers@petstock.com.au,+61 3 9369 9955,-37.8685137,144.7305521,False,8 AM to 6:30 PM,8 AM to 6:30 PM,8 AM to 6:30 PM,8 AM to 6:30 PM,8 AM to 6:30 PM,8:30 AM to 5:30 PM,9 AM to 5:30 PM,False,True,True,False,False,1002.0,4.4
Hospitality,JAI HO INDIAN RESTAURANT HOPPERS CROSSING | FUNCTION HALL | CATERING | WEDDINGS,Indian restaurant,"8/428 Old Geelong Rd, Hoppers Crossing VIC 3029, Australia",Hoppers Crossing,https://www.google.com/maps/search/?api=1&query=JAI%20HO%20INDIAN%20RESTAURANT%20HOPPERS%20CROSSING%20%7C%20FUNCTION%20HALL%20%7C%20CATERING%20%7C%20WEDDINGS&query_place_id=ChIJObG9evuI1moROR1MhHu7yDk,https://www.jaihorestauranthopperscrossing.com.au/,jaiho_hc@yahoo.com,+61 483 944 442,-37.8701339,144.7315747,False,5 PM to 12 AM,5 PM to 12 AM,5 PM to 12 AM,5 PM to 12 AM,5 PM to 12 AM,12 PM to 12 AM,12 PM to 12 AM,False,True,True,True,True,962.0,4.1
Hospitality,Kartel Catering Melbourne,Caterer,"500 Collins St, Melbourne VIC 3000, Australia",Melbourne,https://www.google.com/maps/search/?api=1&query=Kartel%20Catering%20Melbourne&query_place_id=ChIJt5qsSExd1moRoTXkfC_aNgk,https://kartel.net.au/,catering@kartel.net.au,+61 3 9629 9800,-37.8175832,144.9576415,False,7 AM to 5 PM,7 AM to 5 PM,7 AM to 5 PM,7 AM to 5 PM,7 AM to 5 PM,Closed,Closed,False,True,False,True,True,60.0,4.0
Hospitality,Cafe Blahnik Corporate Catering,Cafe,"30 Equitable Pl, Melbourne VIC 3000, Australia",Melbourne,https://www.google.com/maps/search/?api=1&query=Cafe%20Blahnik%20Corporate%20Catering&query_place_id=ChIJBXVyH7VC1moRd1PSYUYnJ1o,http://www.blahnik.com.au/,catering@blahnik.com.au,+61 3 9642 2234,-37.8155441,144.9631347,False,6:30 AM to 4 PM,6:30 AM to 4 PM,6:30 AM to 4 PM,6:30 AM to 4 PM,6:30 AM to 4 PM,8 AM to 2 PM,Closed,False,True,False,False,True,404.0,4.7
Hospitality,RACV City Club,Hotel,"501 Bourke St, Melbourne VIC 3000, Australia",Melbourne,https://www.google.com/maps/search/?api=1&query=RACV%20City%20Club&query_place_id=ChIJ_xrZZEtd1moRxb9el7EM1TA,https://www.racv.com.au/racv-club/locations/city.html?cmpid=gmb:rcm,,+61 3 9944 8888,-37.8155119,144.9593383,False,,,,,,,,False,True,True,False,False,1781.0,4.4
Hospitality,Short Courses Australia,Training center,"Suite 2, Level 1/350 Collins St, Melbourne VIC 3000, Australia",Melbourne,https://www.google.com/maps/search/?api=1&query=Short%20Courses%20Australia&query_place_id=ChIJx_yLoddD1moRcNnumm6uu5Y,https://www.shortcoursesau.edu.au/rsa-course/vic/melbourne,info@shortcoursesau.edu.au,+61 1300 747 430,-37.8163047,144.9628625,False,9 AM to 5:30 PM,9 AM to 5:30 PM,9 AM to 5:30 PM,9 AM to 5:30 PM,9 AM to 5:30 PM,9 AM to 5:30 PM,Closed,False,True,False,True,True,1149.0,4.8
Hospitality,Hotel520,Event venue,"520 Sayers Rd, Tarneit VIC 3029, Australia",Tarneit,https://www.google.com/maps/search/?api=1&query=Hotel520&query_place_id=ChIJE9DB_9SO1moRLw9pbPAlfDc,https://hotel520.com.au/,hello@hotel520.com.au,+61 3 9748 8520,-37.848038,144.6904993,False,10 AM to 1 AM,10 AM to 1 AM,10 AM to 1 AM,10 AM to 3 AM,10 AM to 3 AM,10 AM to 3 AM,10 AM to 1 AM,False,True,True,True,True,1096.0,4.2
Hospitality,Scott Bolton Recruitment,Employment agency,"Ste 2, Level 4/454 Collins St, Melbourne VIC 3000, Australia",Melbourne,https://www.google.com/maps/search/?api=1&query=Scott%20Bolton%20Recruitment&query_place_id=ChIJc_TCVUxd1moRp6VzbXl-r9M,http://www.scottbolton.com.au/,,+61 425 877 072,-37.8173251,144.9592691,False,Open 24 hours,Open 24 hours,Open 24 hours,Open 24 hours,Open 24 hours,Open 24 hours,Open 24 hours,False,True,False,False,False,,
Hospitality,Fleet Rooftop Bar,Bar,"1 Queen St, Melbourne VIC 3000, Australia",Melbourne,https://www.google.com/maps/search/?api=1&query=Fleet%20Rooftop%20Bar&query_place_id=ChIJiVHlaQBD1moRD3FgRMTmjAc,https://fleetrooftopbar.com.au/?utm_source=googleplaces&utm_medium=organic&utm_campaign=googleplaces&utm_content=fleet,,+61 3 9958 9100,-37.8187885,144.9620354,False,Closed,3 to 11 PM,3 to 11 PM,3 PM to 12 AM,3 PM to 12 AM,12 PM to 12 AM,3 to 11 PM,False,True,False,True,False,376.0,4.6
Hospitality,LaneStay,Short term apartment rental agency,"S504/365 Little Collins St, Melbourne VIC 3000, Australia",Melbourne,https://www.google.com/maps/search/?api=1&query=LaneStay&query_place_id=ChIJ-b-cAaRp1moR-2XEDfnIA38,https://lanestay.com.au/,team@lanestay.com.au,+61 459 026 661,-37.8161145,144.9630719,False,9 AM to 8 PM,9 AM to 8 PM,9 AM to 12 AM,"12 to 8 AM, 9 AM to 8 PM",9 AM to 8 PM,9 AM to 8 PM,9 AM to 8 PM,False,False,False,False,False,123.0,5.0
Hospitality,Melbourne Restaurant Marketing,Marketing agency,"Level1, 1/11, 343 Little Collins St, Melbourne VIC 3000, Australia",Melbourne,https://www.google.com/maps/search/?api=1&query=Melbourne%20Restaurant%20Marketing&query_place_id=ChIJ3_Z8RtpD1moRsVM1GgPo-UQ,https://melbournerestaurant.marketing/,,+61 3 9070 5610,-37.8154536,144.9634297,False,10 AM to 3 PM,10 AM to 3 PM,10 AM to 3 PM,10 AM to 3 PM,Closed,Closed,Closed,False,False,False,False,False,7.0,5.0
Hospitality,Chef's Hat,Kitchen supply store,"131 Cecil St, South Melbourne VIC 3205, Australia",South Melbourne,https://www.google.com/maps/search/?api=1&query=Chef's%20Hat&query_place_id=ChIJAdfS-v5n1moR2xfhp-UcDLY,https://www.chefshat.com.au/,online@chefshat.com.au,+61 3 9682 1441,-37.832255,144.957712,False,9 AM to 5:30 PM,9 AM to 5:30 PM,9 AM to 5:30 PM,9 AM to 5:30 PM,9 AM to 5:30 PM,9 AM to 4 PM,10 AM to 4 PM,False,True,True,False,False,1143.0,4.5
Hospitality,Dan Murphy's South Melbourne,Liquor store,"100 Market St, South Melbourne VIC 3006, Australia",South Melbourne,https://www.google.com/maps/search/?api=1&query=Dan%20Murphy's%20South%20Melbourne&query_place_id=ChIJH4JOaf9n1moRU1QiexA7ZmY,https://danmurphys.com.au/stores/VIC-South-Melbourne-3619,,+61 1300 723 388,-37.8300098,144.9570716,False,9 AM to 9 PM,9 AM to 9 PM,9 AM to 9 PM,9 AM to 9 PM,9 AM to 10 PM,9 AM to 9 PM,10 AM to 7 PM,False,True,True,False,False,568.0,4.4
Hospitality,The Victoria Hotel Yarraville,Pub,"188 Hyde St, Yarraville VIC 3013, Australia",Yarraville,https://www.google.com/maps/search/?api=1&query=The%20Victoria%20Hotel%20Yarraville&query_place_id=ChIJwXlR6mdn1moRHyC3G6fMpAQ,https://www.vichotelyarraville.com.au/?utm_source=google&utm_medium=organic&utm_campaign=gmb&utm_term=plcid_3630214774070118687,info@vichotelyarraville.com.au,+61 3 8840 4821,-37.8169975,144.8965301,False,12 to 11 PM,12 to 11 PM,12 to 11 PM,12 to 11 PM,12 PM to 12 AM,11:30 AM to 12 AM,11 AM to 11 PM,False,True,True,True,True,984.0,4.1
Hospitality,Monsoon Harvest,Hospitality and tourism school,"No:, 59 Francis St, Yarraville VIC 3013, Australia",Yarraville,https://www.google.com/maps/search/?api=1&query=Monsoon%20Harvest&query_place_id=ChIJTa9NvWNn1moRlDLnVGNwzzk,,,+61 435 783 906,-37.8217577,144.8927644,False,9 AM to 10 PM,9 AM to 10 PM,9 AM to 10 PM,9 AM to 10 PM,9 AM to 10 PM,9 AM to 6 PM,9 AM to 6 PM,False,True,True,False,False,,
Hospitality,The Topiary,Event venue,"52 Tope St, South Melbourne VIC 3205, Australia",South Melbourne,https://www.google.com/maps/search/?api=1&query=The%20Topiary&query_place_id=ChIJuXzIkKpC1moRxHioSC_buZU,https://www.thetopiary.com.au/,,+61 3 9690 4511,-37.8306525,144.9629879,False,9 AM to 5 PM,9 AM to 5 PM,9 AM to 5 PM,9 AM to 5 PM,9 AM to 5 PM,9 AM to 5 PM,9 AM to 5 PM,False,False,False,False,False,3.0,4.3
Hospitality,Idiom Events,Event management company,"2/190 Coventry St, South Melbourne VIC 3205, Australia",South Melbourne,https://www.google.com/maps/search/?api=1&query=Idiom%20Events&query_place_id=ChIJVYpVLqhC1moRsp2nRxaCr6I,http://www.idiomevents.com.au/,info@idiomevents.com.au,+61 3 8488 7998,-37.830682,144.963571,False,Open 24 hours,Open 24 hours,Open 24 hours,Open 24 hours,Open 24 hours,Open 24 hours,Open 24 hours,False,False,False,False,False,,
Hospitality,Cater Tech Australia PTY Ltd.,Equipment rental agency,"68 Chifley Dr, Preston VIC 3072, Australia",Preston,https://www.google.com/maps/search/?api=1&query=Cater%20Tech%20Australia%20PTY%20Ltd.&query_place_id=ChIJf4MBdDdE1moRJko1HSKuGvk,http://www.catertech.com.au/,,+61 3 9416 8701,-37.750265,145.0295894,False,,,,,,,,False,True,True,False,False,3.0,5.0
Hospitality,Complete Food Services,Wholesale food store,"45 Raglan St, Preston VIC 3072, Australia",Preston,https://www.google.com/maps/search/?api=1&query=Complete%20Food%20Services&query_place_id=ChIJ0xY8B0dE1moRRsgx2BFfW88,https://completefoodservices.com.au/,Image-10@2x.png,+61 3 9480 2336,-37.751586,145.0249745,False,9 AM to 4 PM,9 AM to 4 PM,9 AM to 4 PM,9 AM to 4 PM,9 AM to 3 PM,9 AM to 1 PM,Closed,False,True,True,True,True,34.0,3.4
Hospitality,TARNEIT FARM EVENTS,Event venue,"95 Kenning Rd, Tarneit VIC 3029, Australia",Tarneit,https://www.google.com/maps/search/?api=1&query=TARNEIT%20FARM%20EVENTS&query_place_id=ChIJ67NK-g2P1moRXE-kRBfFMs4,,,+61 423 752 311,-37.8104814,144.669078,False,9 AM to 5 PM,9 AM to 5 PM,9 AM to 5 PM,9 AM to 5 PM,9 AM to 5 PM,9 AM to 5 PM,9 AM to 5 AM,False,True,True,True,False,10.0,4.9
Hospitality,Bhatura King (BlinkEat Foods),Food products supplier,"8 Streamlet Bvd, Tarneit VIC 3029, Australia",Tarneit,https://www.google.com/maps/search/?api=1&query=Bhatura%20King%20(BlinkEat%20Foods)&query_place_id=ChIJgQYDFYCP1moRBjFQuKvqpvo,https://bhaturaking.com.au/,,+61 420 444 456,-37.8196061,144.6968464,False,Closed,Closed,Closed,Closed,Closed,10 AM to 4:30 PM,10 AM to 4:30 PM,False,False,True,False,False,147.0,4.8
Hospitality,Curry Master Chef,Indian restaurant,"1035 Dohertys Rd, Tarneit VIC 3029, Australia",Tarneit,https://www.google.com/maps/search/?api=1&query=Curry%20Master%20Chef&query_place_id=ChIJXdGQQ3qP1moR1KdqYQxSwFQ,https://currymastertarneit.com.au/,,+61 416 986 407,-37.8208098,144.6924587,False,11 AM to 10:30 PM,11 AM to 10:30 PM,11 AM to 10:30 PM,11 AM to 10:30 PM,11 AM to 12 AM,11 AM to 12 AM,11 AM to 10:30 PM,False,True,True,False,False,385.0,4.4
Hospitality,Next Millennium Group,Shopfitter,"Unit 08/18 Katherine Dr, Ravenhall VIC 3023, Australia",Ravenhall,https://www.google.com/maps/search/?api=1&query=Next%20Millennium%20Group&query_place_id=ChIJcR0GrDZf1moR-RIoRzM_2Js,http://www.nextmillennium.com.au/,,+61 422 061 364,-37.7646987,144.7434032,False,6 AM to 5 PM,6 AM to 5 PM,6 AM to 5 PM,6 AM to 5 PM,6 AM to 5 PM,7 AM to 12 PM,Closed,False,False,False,True,True,6.0,5.0
Hospitality,Biriyani Jinn,Restaurant,"2 Murray Rd, Coburg North VIC 3058, Australia",Coburg North,https://www.google.com/maps/search/?api=1&query=Biriyani%20Jinn&query_place_id=ChIJI3CXg9ZF1moRlNfqMpKbAU0,https://www.biriyanijinn.com.au/,,+61 473 876 773,-37.7357426,144.9826951,False,Closed,Closed,Closed,3 to 9 PM,3 to 9 PM,1 to 9 PM,1 to 9 PM,False,True,True,True,False,383.0,4.9
Hospitality,Lulu's Oasis,Restaurant,"Shop 18, Central BLVD, Corner 13/15 Lake St, Caroline Springs VIC 3023, Australia",Caroline Springs,https://www.google.com/maps/search/?api=1&query=Lulu's%20Oasis&query_place_id=ChIJP2M-p3T11moR0gbD95iLgxQ,https://lulusoasis.com.au/,info@lulusoasis.com.au,+61 3 9390 4115,-37.733416,144.7414093,False,11 AM to 9 PM,11 AM to 9 PM,11 AM to 9 PM,11 AM to 9 PM,11 AM to 9 PM,"9 AM to 3 PM, 5:30 to 9 PM","9 AM to 3 PM, 5:30 to 9 PM",False,True,True,True,False,86.0,4.9
Hospitality,Krishna Tiffin Room,Cafe,"17 Permas Way, Truganina VIC 3029, Australia",Truganina,https://www.google.com/maps/search/?api=1&query=Krishna%20Tiffin%20Room&query_place_id=ChIJdSaw78GL1moR0C-hE2DhzDY,https://www.krishnatiffinroom.com.au/,,+61 3 8353 2009,-37.8185915,144.7455119,False,5 AM to 2:30 PM,5 AM to 2:30 PM,5 AM to 2:30 PM,5 AM to 2:30 PM,5 AM to 2:30 PM,Closed,Closed,False,True,True,False,True,171.0,4.6
Hospitality,Asey Cafe & Bar,Hookah bar,"Unit 3/12 Makland Dr, Derrimut VIC 3026, Australia",Derrimut,https://www.google.com/maps/search/?api=1&query=Asey%20Cafe%20%26%20Bar&query_place_id=ChIJu9BJRzKL1moRrJb8Fsp8TA0,,,+61 411 049 227,-37.7842012,144.7747166,False,4 PM to 1 AM,4 PM to 1 AM,4 PM to 1 AM,4 PM to 1 AM,4 PM to 1 AM,4 PM to 1 AM,4 PM to 1 AM,False,False,True,False,False,38.0,4.9
Hospitality,AL-Fajr Halal Meats,Butcher shop,"382 Gilbert Rd, Preston VIC 3072, Australia",Preston,https://www.google.com/maps/search/?api=1&query=AL-Fajr%20Halal%20Meats&query_place_id=ChIJXfDSHhtF1moR7FR5Qe9Bub0,,,+61 3 9471 4133,-37.7359683,144.9906138,False,8 AM to 5 PM,8 AM to 5 PM,8 AM to 5 PM,8 AM to 5 PM,8 AM to 5 PM,8 AM to 5 PM,Closed,False,True,True,False,False,109.0,4.7
Hospitality,Chemist Warehouse Heidelberg West,Pharmacy,"1/318 Bell St, Heidelberg West VIC 3081, Australia",Heidelberg West,https://www.google.com/maps/search/?api=1&query=Chemist%20Warehouse%20Heidelberg%20West&query_place_id=ChIJLSlBSyxE1moRDuRIBuen_8I,https://www.chemistwarehouse.com.au/,prescriptions@chemistwarehouse.com.au,+61 3 9484 8053,-37.7488072,145.0410046,False,9 AM to 9 PM,9 AM to 9 PM,9 AM to 9 PM,9 AM to 9 PM,9 AM to 9 PM,9 AM to 6 PM,10 AM to 6 PM,False,True,True,False,False,106.0,3.7
Hospitality,Shell Reddy Express Preston,Convenience store,"485 Bell St (Corner, Stott St, Preston VIC 3072, Australia",Preston,https://www.google.com/maps/search/?api=1&query=Shell%20Reddy%20Express%20Preston&query_place_id=ChIJp70U8e1E1moRMXxZJn-DX4k,https://www.reddyexpress.com.au/stores?utm_source=extnet&utm_medium=yext&utm_campaign=6751,,+61 3 9957 7737,-37.7445252,144.9938755,False,Open 24 hours,Open 24 hours,Open 24 hours,Open 24 hours,Open 24 hours,Open 24 hours,Open 24 hours,False,True,True,False,False,172.0,4.3
Hospitality,Little Ethio Grocery and Cafe,Grocery store,"819D Ballarat Rd, Deer Park VIC 3023, Australia",Deer Park,https://www.google.com/maps/search/?api=1&query=Little%20Ethio%20Grocery%20and%20Cafe&query_place_id=ChIJedGxgrGL1moR4wRShJ5Vv7Q,,,+61 406 061 149,-37.7704837,144.7729505,False,10 AM to 6 PM,10 AM to 6 PM,10 AM to 6 PM,10 AM to 6 PM,10 AM to 6 PM,10 AM to 6 PM,Closed,False,False,True,False,False,19.0,4.6
Hospitality,VIP Refrigeration Catering and Shop Equipment P/L,Restaurant supply store,"144-148 Plenty Rd, Preston VIC 3072, Australia",Preston,https://www.google.com/maps/search/?api=1&query=VIP%20Refrigeration%20Catering%20and%20Shop%20Equipment%20P%2FL&query_place_id=ChIJ29pH8vVE1moRbg4ZTRVYUKA,http://www.v-i-p.com.au/,sales@v-i-p.com.au,+61 3 9480 3777,-37.74819,145.004687,False,9 AM to 4 PM,9 AM to 4 PM,9 AM to 4 PM,9 AM to 4 PM,9 AM to 4 PM,Closed,Closed,False,True,False,False,False,2.0,5.0
Hospitality,Worthy Apparel,Uniform store,"31 Seymour St, Preston VIC 3072, Australia",Preston,https://www.google.com/maps/search/?api=1&query=Worthy%20Apparel&query_place_id=ChIJM-UVYaZE1moRiqEXp20XWBo,http://www.worthyapparel.com.au/,info@worthyapparel.com.au,+61 432 220 221,-37.7468741,145.0029313,False,,,,,,,,False,False,False,False,False,14.0,4.7
Hospitality,Oliva Social,Event venue,"102-104 High St, Preston VIC 3072, Australia",Preston,https://www.google.com/maps/search/?api=1&query=Oliva%20Social&query_place_id=ChIJwRsRZRxF1moR_js6GHyYWzU,https://www.olivasocial.com.au/,events@olivasocial.com.au,+61 3 8597 3792,-37.748303,145.002508,False,9 AM to 5 PM,9 AM to 5 PM,9 AM to 5 PM,9 AM to 5 PM,9 AM to 12 AM,9 AM to 12 AM,9 AM to 12 AM,False,True,False,True,True,157.0,4.7
Hospitality,BPA Business Brokers,Business broker,"181-187 Plenty Rd, Preston VIC 3072, Australia",Preston,https://www.google.com/maps/search/?api=1&query=BPA%20Business%20Brokers&query_place_id=ChIJuxnQnFhE1moRXAYAQNha3oU,http://www.bpabrokers.com.au/,reception@bpabrokers.com.au,+61 3 9485 4488,-37.7458755,145.0055108,False,9 AM to 5 PM,9 AM to 5 PM,9 AM to 5 PM,9 AM to 5 PM,9 AM to 5 PM,Closed,Closed,False,False,True,False,False,123.0,4.3
Hospitality,Stellar Accommodation Brokers,Business broker,"266 Raglan St, Preston VIC 3072, Australia",Preston,https://www.google.com/maps/search/?api=1&query=Stellar%20Accommodation%20Brokers&query_place_id=ChIJRwRPc29F1moRLjaBWZbzkq0,https://stellarbrokers.com.au/,liz@stellarbrokers.com.au,+61 417 334 298,-37.748694,145.003205,False,9 AM to 5 PM,9 AM to 5 PM,9 AM to 5 PM,9 AM to 5 PM,9 AM to 5 PM,Closed,Closed,False,False,False,False,False,,
Hospitality,The Stolberg Hotel,Pub,"197 Plenty Rd, Preston VIC 3072, Australia",Preston,https://www.google.com/maps/search/?api=1&query=The%20Stolberg%20Hotel&query_place_id=ChIJva8kYlhE1moR_zVooxOwEXc,http://www.stolberg.com.au/,info@stolberg.com.au,+61 3 9495 1444,-37.745253,145.0060669,False,3 to 10:30 PM,3 to 10:30 PM,12 to 10:30 PM,12 to 10:30 PM,12 to 10:30 PM,12 to 10:30 PM,12 to 10:30 PM,False,False,True,True,False,1234.0,4.4
Hospitality,Shire Hall Preston,Event venue,"286 Gower St, Preston VIC 3072, Australia",Preston,https://www.google.com/maps/search/?api=1&query=Shire%20Hall%20Preston&query_place_id=ChIJxR5IYfhE1moR_SgIfaz4LKU,,,+61 3 8470 8649,-37.7400536,145.0041078,False,,,,,,,,False,True,True,True,False,9.0,4.4
Hospitality,Moon Rabbit Cafe,Cafe,"218 High St, Preston VIC 3072, Australia",Preston,https://www.google.com/maps/search/?api=1&query=Moon%20Rabbit%20Cafe&query_place_id=ChIJc8KbsvdE1moROow7vd_rs4M,https://moonrabbit.org.au/,,+61 406 853 121,-37.7443,145.00321,False,8:30 AM to 2 PM,8:30 AM to 2 PM,8:30 AM to 2 PM,8:30 AM to 2 PM,Closed,Closed,Closed,False,True,True,False,True,136.0,4.9
Hospitality,SEA Kings by Nationwide Seafoods,Seafood wholesaler,"60 Oakover Rd, Preston VIC 3072, Australia",Preston,https://www.google.com/maps/search/?api=1&query=SEA%20Kings%20by%20Nationwide%20Seafoods&query_place_id=ChIJPY9NVo1E1moRlYw3WVXKkIo,http://www.seakings.com.au/,info@seakings.com.au,+61 3 9416 8177,-37.7486649,144.9943434,False,7 AM to 12:30 PM,7 AM to 12:30 PM,7 AM to 12:30 PM,7 AM to 12:30 PM,7 AM to 12:30 PM,Closed,Closed,False,True,True,False,False,101.0,4.8
Hospitality,Cramers Hotel,Pub,"1 Cramer St, Preston VIC 3072, Australia",Preston,https://www.google.com/maps/search/?api=1&query=Cramers%20Hotel&query_place_id=ChIJ-SFKtvlE1moRGtLnLPXcKts,https://www.cramershotel.com.au/,cramers.hotel@alhgroup.com.au,+61 3 9478 2477,-37.740723,145.0024193,False,10 AM to 4 AM,10 AM to 4 AM,10 AM to 4 AM,10 AM to 4 AM,10 AM to 4 AM,10 AM to 4 AM,10 AM to 4 AM,False,True,True,True,True,884.0,4.0
Hospitality,4 Seasons Kitchen Indian Restaurant,Indian restaurant,"278 High St, Preston VIC 3072, Australia",Preston,https://www.google.com/maps/search/?api=1&query=4%20Seasons%20Kitchen%20Indian%20Restaurant&query_place_id=ChIJ2VJghb1F1moRW_l1CObt1kM,https://www.4sk.com.au/,,+61 3 9478 9637,-37.7424203,145.0035174,False,12 PM to 12 AM,12 PM to 12 AM,12 PM to 12 AM,12 PM to 12 AM,12 PM to 2 AM,12 PM to 2 AM,12 PM to 12 AM,False,False,False,False,False,863.0,4.8
Hospitality,I Am Foodie,Corporate office,"10 Clearwater Rise Parade, Truganina VIC 3029, Australia",Truganina,https://www.google.com/maps/search/?api=1&query=I%20Am%20Foodie&query_place_id=ChIJYdZfXY6J1moRuw8GPM8gK6A,http://imfoodie.in/,,+61 413 518 006,-37.8387743,144.7077159,False,,,,,,,,False,False,True,False,False,,
Hospitality,Midas Werribee Tyre & Auto Service,Car repair and maintenance service,"Shop B024 Heaths Rd, Werribee VIC 3030, Australia",Werribee,https://www.google.com/maps/search/?api=1&query=Midas%20Werribee%20Tyre%20%26%20Auto%20Service&query_place_id=ChIJv9FY0FyP1moRWSQC4qq37WA,https://www.midas.com.au/stores/midas-werribee-plaza/?utm_source=google&utm_medium=organic&utm_campaign=Google%20My%20Business&utm_content=Midas%20Werribee%20Plaza&utm_term=plcid_6993744940300927993,sales@werribee.midas.com.au,+61 3 9748 3477,-37.874001,144.6828655,False,7 AM to 5 PM,7 AM to 7 PM,7 AM to 5 PM,7 AM to 7 PM,7 AM to 5 PM,7 AM to 12 PM,Closed,False,True,True,False,False,343.0,4.3
Hospitality,Kathmandu Momo and Curry House - Preston Nepalese and Indian Restaurant,Nepalese restaurant,"523 High St, Preston VIC 3072, Australia",Preston,https://www.google.com/maps/search/?api=1&query=Kathmandu%20Momo%20and%20Curry%20House%20-%20Preston%20Nepalese%20and%20Indian%20Restaurant&query_place_id=ChIJn4ACQP9E1moRp8nATsOnHZA,https://kathmandumomoandcurryhouse.com.au/,,+61 3 9470 4700,-37.7364874,145.0040971,False,3 to 10 PM,Closed,3 to 10 PM,3 to 10 PM,3 to 10 PM,1 to 10 PM,1 to 10 PM,False,False,False,False,False,280.0,4.1
Hospitality,Waverley Volkswagen,Volkswagen dealer,"565 Springvale Rd, Mulgrave VIC 3170, Australia",Mulgrave,https://www.google.com/maps/search/?api=1&query=Waverley%20Volkswagen&query_place_id=ChIJYVLJhGcV1moRydbThWNZBCs,https://waverleyvolkswagen.com.au/,,+61 3 9550 5800,-37.9053662,145.1601804,False,9 AM to 5:30 PM,9 AM to 5:30 PM,9 AM to 5:30 PM,9 AM to 5:30 PM,9 AM to 5:30 PM,9 AM to 5 PM,Closed,False,True,True,False,False,1266.0,4.5
Hospitality,OZMO KEBAB & MANDI,Restaurant,"Unit 4/716 Tarneit Rd, Tarneit VIC 3029, Australia",Tarneit,https://www.google.com/maps/search/?api=1&query=OZMO%20KEBAB%20%26%20MANDI&query_place_id=ChIJX8Ppw0eP1moRfjio-UW-4jc,https://ozmokebabandmandi.com.au/,,+61 3 8731 0504,-37.8454326,144.6693071,False,12 to 10:30 PM,12 to 10:30 PM,12 to 10:30 PM,12 to 10:30 PM,1:30 to 11:30 PM,12 to 11:30 PM,12 to 10:30 PM,False,False,True,False,False,436.0,4.4
Hospitality,Sohi Sweets & Catering,Caterer,"Riverdale, Tarneit VIC 3029, Australia",Tarneit,https://www.google.com/maps/search/?api=1&query=Sohi%20Sweets%20%26%20Catering&query_place_id=ChIJk0YigCaP1moREFcGs1cVjWA,https://sohisweetscatering.com/,,+61 451 658 070,-37.8336628,144.6706752,False,Open 24 hours,Open 24 hours,Open 24 hours,Open 24 hours,Open 24 hours,Open 24 hours,Open 24 hours,False,False,False,False,False,294.0,5.0
Hospitality,Foodwithatwist,Caterer,"3 Lamonda St, Tarneit VIC 3029, Australia",Tarneit,https://www.google.com/maps/search/?api=1&query=Foodwithatwist&query_place_id=ChIJdd28asKP1moRjcsgtc4Kt4Q,http://www.foodwithatwist.com.au/,ninfo@foodwithatwist.com.au,+61 459 626 728,-37.8266393,144.6801231,False,7 AM to 5 PM,7 AM to 5 PM,7 AM to 5 PM,7 AM to 6 PM,7 AM to 6 PM,7 AM to 6 PM,7 AM to 6 PM,False,False,True,False,False,93.0,4.9
Hospitality,Ferguson Plarre's Bakehouse - Tarneit,Bakery,"Tarneit Gardens Shopping Centre, Woolworths,Kiosk 1, 747 Tarneit Rd, Tarneit VIC 3029, Australia",Tarneit,https://www.google.com/maps/search/?api=1&query=Ferguson%20Plarre's%20Bakehouse%20-%20Tarneit&query_place_id=ChIJw7zYNOeO1moR7kZKalGG9is,http://www.fergusonplarre.com.au/?utm_source=google&utm_medium=organic&utm_campaign=gbp&utm_content=tarneit,customerservice@fergusonplarre.com.au,+61 3 9749 0173,-37.8396998,144.6737767,False,7 AM to 6 PM,7 AM to 6 PM,7 AM to 6 PM,7 AM to 6 PM,7 AM to 6 PM,8 AM to 6 PM,8 AM to 4 PM,False,True,True,False,False,208.0,4.0
Hospitality,Apur Rannaghor,Caterer,"13 Indigo Ct, Tarneit VIC 3029, Australia",Tarneit,https://www.google.com/maps/search/?api=1&query=Apur%20Rannaghor&query_place_id=ChIJFeOKh7AIsQ8R3IbxQFsHbDU,https://www.facebook.com/ApurRannaghor,,+61 404 113 170,-37.8405317,144.6940984,False,,,,,,,,False,False,True,False,False,43.0,4.9
Hospitality,Amalfi Homewares,Wholesaler,"Amalfi, 87 Chifley Dr, Preston VIC 3072, Australia",Preston,https://www.google.com/maps/search/?api=1&query=Amalfi%20Homewares&query_place_id=ChIJnYMHIjVE1moRwZMFEA0jvg4,https://isalbi.com.au/brands/amalfi,enquiries@isalbi.com.au,+61 3 9474 1300,-37.7427695,145.0301321,False,,,,,,,,False,True,True,False,False,3.0,2.3
Hospitality,Schnitz Northland,Restaurant,"2/50 Murray Rd, Preston VIC 3072, Australia",Preston,https://www.google.com/maps/search/?api=1&query=Schnitz%20Northland&query_place_id=ChIJY_LST8pF1moRSxaq7YC8BV4,https://schnitz.com.au/stores/northland/?utm_term=plcid_10655021659119894754,,+61 3 8609 5670,-37.7397791,145.0312998,False,10:30 AM to 5 PM,10:30 AM to 5 PM,10:30 AM to 5 PM,10:30 AM to 9 PM,10:30 AM to 9 PM,10:30 AM to 5 PM,10:30 AM to 5 PM,False,True,True,False,True,302.0,3.5
Hospitality,Degani Northland,Cafe,"Northland Shopping Centre, KK37, Murray Rd, Preston VIC 3072, Australia",Preston,https://www.google.com/maps/search/?api=1&query=Degani%20Northland&query_place_id=ChIJBZhoUspF1moRRaec7mp7O9s,https://degani.com.au/,,+61 3 9478 3830,-37.7379376,145.0308204,False,9 AM to 5:30 PM,9 AM to 5:30 PM,9 AM to 5:30 PM,9 AM to 9 PM,9 AM to 9 PM,9 AM to 5 PM,10 AM to 5 PM,False,True,True,True,True,172.0,3.8
Hospitality,Kmart Northland,Department store,"Northland S/C, 2 Murray Rd, Preston VIC 3072, Australia",Preston,https://www.google.com/maps/search/?api=1&query=Kmart%20Northland&query_place_id=ChIJb9wZr8pF1moRE0mTA3pIKjk,https://www.kmart.com.au/store-detail/Kmart+Northland?utm_source=google&utm_medium=organic&utm_campaign=googleplaces&utm_content=kmart+northland,,+61 3 8470 0600,-37.7372801,145.0300049,False,8 AM to 10 PM,8 AM to 10 PM,8 AM to 10 PM,8 AM to 10 PM,8 AM to 10 PM,8 AM to 8 PM,8 AM to 8 PM,False,True,True,True,True,2060.0,4.1
Hospitality,The Sporting Globe Bar & Grill Northland,Sports bar,"Northland Shopping Centre, F16/50 Murray Rd, Preston VIC 3072, Australia",Preston,https://www.google.com/maps/search/?api=1&query=The%20Sporting%20Globe%20Bar%20%26%20Grill%20Northland&query_place_id=ChIJw5vNhmlF1moR_odW4IGxcw4,https://www.sportingglobe.com.au/,,+61 3 7002 2904,-37.7403643,145.0310676,False,11:30 AM to 9:30 PM,11:30 AM to 9:30 PM,11:30 AM to 9:30 PM,11:30 AM to 9:30 PM,11:30 AM to 11 PM,11:30 AM to 11 PM,11:30 AM to 9:30 PM,False,True,True,True,True,408.0,4.5
Hospitality,Together Co-Living,Hotel,"205 Bell St, Preston VIC 3072, Australia",Preston,https://www.google.com/maps/search/?api=1&query=Together%20Co-Living&query_place_id=ChIJA0tDwjZF1moR79TaMDrehZg,http://www.togethercoliving.com/,email@email.com,+61 3 9485 0100,-37.7465516,145.0094042,False,,,,,,,,False,False,False,False,False,241.0,3.1
Hospitality,Novotel Melbourne Preston,Hotel,"215 Bell St, Preston VIC 3072, Australia",Preston,https://www.google.com/maps/search/?api=1&query=Novotel%20Melbourne%20Preston&query_place_id=ChIJQ1yPpCBF1moRplXOaaSoWro,https://all.accor.com/lien_externe.svlt?goto=fiche_hotel&code_hotel=B3K5&merchantid=seo-maps-AU-B3K5&sourceid=aw-cen&utm_medium=seo%20maps&utm_source=google%20Maps&utm_campaign=seo%20maps,HB3K5@accor.com,+61 3 9485 1000,-37.7461191,145.0083717,False,,,,,,,,False,False,False,False,False,325.0,4.2
Hospitality,The Coffee Club Café - Northland Preston,Cafe,"Shop W034 2, 50 Murray Rd, Preston VIC 3072, Australia",Preston,https://www.google.com/maps/search/?api=1&query=The%20Coffee%20Club%20Caf%C3%A9%20-%20Northland%20Preston&query_place_id=ChIJg2ZY5FVE1moRduClxRPrE3Q,https://www.coffeeclub.com.au/stores/northland-preston/?utm_content=The%20Coffee%20Club%20Caf%C3%A9%20-%20Northland%20Preston%20-%20Preston&utm_campaign=Google%20My%20Business&utm_medium=organic&utm_source=google&utm_term=plcid_11914407009717450730,1e425ea6c12d26a7de50ef7c73c9bf3610b9f1e8_200x@2x.png,+61 3 8347 4201,-37.7391035,145.0291026,False,8 AM to 5:30 PM,8 AM to 5:30 PM,8 AM to 5:30 PM,8 AM to 9 PM,8 AM to 9 PM,8 AM to 5 PM,9 AM to 5 PM,False,True,True,False,True,257.0,3.1
Hospitality,Club Tarneit,Event venue,"622 Leakes Rd, Tarneit VIC 3029, Australia",Tarneit,https://www.google.com/maps/search/?api=1&query=Club%20Tarneit&query_place_id=ChIJ20YyQJ2J1moR9fwzpk7CVbc,http://www.clubtarneit.com.au/,info@clubtarneit.com.au,+61 3 8754 1300,-37.8345829,144.7013604,False,10 AM to 1 AM,10 AM to 1 AM,10 AM to 1 AM,10 AM to 1 AM,10 AM to 1 AM,10 AM to 1 AM,10 AM to 1 AM,False,True,True,True,True,624.0,4.3
Hospitality,Desire Care,,"15 Laflin Ave, Tarneit VIC 3029, Australia",Tarneit,https://www.google.com/maps/search/?api=1&query=Desire%20Care&query_place_id=ChIJkVyPslSO1moRn6w-JCEt6pk,https://desirecarendis.com.au/contact/,support@desirecarendis.com.au,+61 420 751 119,-37.8356439,144.6486193,False,,,,,,,,False,False,False,False,False,,
Hospitality,Desi-licious The Garden Lounge,Indian restaurant,"269 Robinsons Rd, Ravenhall VIC 3023, Australia",Ravenhall,https://www.google.com/maps/search/?api=1&query=Desi-licious%20The%20Garden%20Lounge&query_place_id=ChIJFQVfUOiK1moRtMDA_VjRFlw,http://www.thedesilicious.com.au/,,+61 3 8348 5408,-37.7803565,144.7542601,False,5 to 10 PM,Closed,5 to 10 PM,"11 AM to 3 PM, 5 to 10 PM","11 AM to 3 PM, 5 to 10 PM","11 AM to 3 PM, 5 to 11 PM","11 AM to 3 PM, 5 to 11 PM",False,True,True,True,True,486.0,4.3
Hospitality,Ghee Good Indian Restaurant,Indian restaurant,"4-5/1035 Dohertys Rd, Tarneit VIC 3029, Australia",Tarneit,https://www.google.com/maps/search/?api=1&query=Ghee%20Good%20Indian%20Restaurant&query_place_id=ChIJvzkPKbGP1moRQR2p3G8Jpws,https://www.gheegood.com.au/,info@gheegood.com.au,+61 3 9974 0008,-37.8204427,144.6925173,False,11 AM to 9:30 PM,11 AM to 9:30 PM,11 AM to 9:30 PM,11 AM to 9:30 PM,11 AM to 10 PM,11 AM to 10 PM,11 AM to 10 PM,False,False,True,False,False,357.0,4.0
Hospitality,Punthill Apartment Hotels | Caroline Springs,Hotel,"1/7 Caroline Springs Blvd, Caroline Springs VIC 3023, Australia",Caroline Springs,https://www.google.com/maps/search/?api=1&query=Punthill%20Apartment%20Hotels%20%7C%20Caroline%20Springs&query_place_id=ChIJF2mqVr_11moRbK_AnewksHc,https://punthill.com.au/hotels/punthill-caroline-springs,carolinesprings@punthill.com.au,+61 3 8362 8100,-37.7538381,144.7395815,False,,,,,,,,False,False,False,False,False,251.0,4.2
Hospitality,Chef Saab - Restaurant - Caroline Springs,Restaurant,"1042 Western Hwy, Caroline Springs VIC 3023, Australia",Caroline Springs,https://www.google.com/maps/search/?api=1&query=Chef%20Saab%20-%20Restaurant%20-%20Caroline%20Springs&query_place_id=ChIJvQGjDrmL1moRfyu3W5hNNJA,https://chefsaab.au/,info@chefsaab.au,+61 469 898 518,-37.7581884,144.7480471,False,5 to 10 PM,5 to 10 PM,5 to 10 PM,5 to 10 PM,5 to 11 PM,11 AM to 11 PM,11 AM to 10 PM,False,True,True,False,False,917.0,4.7
Hospitality,Subway,Fast food restaurant,"3/2 Delma Rd, Ravenhall VIC 3023, Australia",Ravenhall,https://www.google.com/maps/search/?api=1&query=Subway&query_place_id=ChIJoyHihieL1moR2jLMzPQeN38,http://www.subway.com/en-au,,+61 3 9468 5000,-37.7579108,144.7423447,False,8 AM to 10 PM,8 AM to 10 PM,8 AM to 10 PM,8 AM to 10 PM,8 AM to 10 PM,8 AM to 10 PM,8 AM to 10 PM,False,True,True,False,False,188.0,3.1
Hospitality,Gloria Jean's Ravenhall Drive Thru,Coffee shop,"2/2 Delma Rd, Ravenhall VIC 3023, Australia",Ravenhall,https://www.google.com/maps/search/?api=1&query=Gloria%20Jean's%20Ravenhall%20Drive%20Thru&query_place_id=ChIJtZc-cdWK1moRQ5nv0jIsSkA,https://www.gloriajeans.com.au/?utm_source=google&utm_medium=organic&utm_campaign=Google+My+Business&utm_content=Gloria+Jean's+Coffees+Ravenhall+Drive+Thru&utm_term=plcid_7301154479126045853,,+61 3 8361 7777,-37.7579269,144.7424011,False,5:30 AM to 7:30 PM,5:30 AM to 7:30 PM,5:30 AM to 7:30 PM,5:30 AM to 7:30 PM,5:30 AM to 7:30 PM,7 AM to 6:30 PM,8:30 AM to 5 PM,False,True,True,False,True,217.0,3.4
Hospitality,Western Highway Honda,Honda dealer,"1 Eucumbene Dr, Ravenhall VIC 3023, Australia",Ravenhall,https://www.google.com/maps/search/?api=1&query=Western%20Highway%20Honda&query_place_id=ChIJ_V7mndmK1moRKZXDmdNW8rU,https://www.honda.com.au/honda-centre/western-highway-honda,,+61 3 9217 8680,-37.7574473,144.7404904,False,8:30 AM to 6 PM,8:30 AM to 6 PM,8:30 AM to 6 PM,8:30 AM to 6 PM,8:30 AM to 6 PM,8:30 AM to 6 PM,10 AM to 5 PM,False,True,True,False,False,2727.0,4.7
Hospitality,Haus of Events,Event venue,"Unit 1/229 Robinsons Rd, Ravenhall VIC 3023, Australia",Ravenhall,https://www.google.com/maps/search/?api=1&query=Haus%20of%20Events&query_place_id=ChIJJdO-IQCL1moRBZsEllQ5cPE,,,+61 433 639 437,-37.7789596,144.7544569,False,Closed,Closed,Closed,Closed,9 AM to 12 AM,9 AM to 12 AM,9 AM to 12 AM,False,True,True,True,False,24.0,4.9
Hospitality,United Food Service,Food products supplier,"40 Riding Boundary Rd, Ravenhall VIC 3023, Australia",Ravenhall,https://www.google.com/maps/search/?api=1&query=United%20Food%20Service&query_place_id=ChIJF8sQHDRb1moRKFBJtAleSyQ,http://www.unitedfoods.net.au/,,+61 1300 836 632,-37.7805175,144.7495117,False,8 AM to 5 PM,8 AM to 5 PM,8 AM to 5 PM,8 AM to 5 PM,8 AM to 5 PM,Closed,Closed,False,True,True,False,False,38.0,4.6
Hospitality,Salt & Pepper House,Caterer,"2 Stoney Way, Derrimut VIC 3026, Australia",Derrimut,https://www.google.com/maps/search/?api=1&query=Salt%20%26%20Pepper%20House&query_place_id=ChIJx8FM41iK1moRv84J-Z-XCeA,https://saltnpepperhouse.com.au/,hi@mystore.com,+61 3 9394 1880,-37.799967,144.755627,False,5 AM to 3 PM,5 AM to 3 PM,5 AM to 3 PM,5 AM to 3 PM,5 AM to 3 PM,Closed,Closed,False,True,True,True,True,304.0,4.7
Hospitality,SilverChef - Commercial Kitchen Equipment,Equipment rental agency,"u2B/40 William Angliss Dr, Laverton North VIC 3032, Australia",Laverton North,https://www.google.com/maps/search/?api=1&query=SilverChef%20-%20Commercial%20Kitchen%20Equipment&query_place_id=ChIJpU3HQm2K1moRaC0KaPFJJgo,https://www.silverchef.com.au/?utm_source=gmb&utm_medium=organic&utm_campaign=laverton,,+61 1800 816 821,-37.8221338,144.7747645,False,8:30 AM to 4 PM,8:30 AM to 4 PM,8:30 AM to 4 PM,8:30 AM to 4 PM,8:30 AM to 4 PM,Closed,Closed,False,True,True,True,True,192.0,3.8
Hospitality,Nightcap at Westside Hotel,Hotel,"Leakes Rd &, Fitzgerald Rd, Laverton VIC 3026, Australia",Laverton,https://www.google.com/maps/search/?api=1&query=Nightcap%20at%20Westside%20Hotel&query_place_id=ChIJsc-018th1moRzOoeVn3SMRU,https://nightcap.nighteliercollective.com.au/content/alh-hotels/nightcap/web/home/our-hotels/nightcap-at-westside-hotel,,+61 3 9360 3700,-37.8440717,144.7800392,False,,,,,,,,False,False,False,False,False,360.0,4.6
Hospitality,Melbourne Tiffin Room,Vegetarian restaurant,"Unit 1/182A Dohertys Rd, Laverton North VIC 3026, Australia",Laverton North,https://www.google.com/maps/search/?api=1&query=Melbourne%20Tiffin%20Room&query_place_id=ChIJN2BkVACL1moRZr_NKyz-YfY,https://melbournetiffinroom.com.au/,contact@melbournetiffinroom.com.au,+61 490 703 739,-37.8265801,144.7738369,False,Closed,Closed,"12 to 2 PM, 6 to 9 PM","12 to 2 PM, 6 to 9 PM","12 to 2 PM, 6 to 9 PM","9 AM to 12:30 PM, 6 to 9 PM","9 AM to 12:30 PM, 6 to 9 PM",False,True,True,True,True,519.0,4.8
Hospitality,Caddy Storage - Laverton North VIC,Truck topper supplier,"7 Norwest Ave, Laverton North VIC 3026, Australia",Laverton North,https://www.google.com/maps/search/?api=1&query=Caddy%20Storage%20-%20Laverton%20North%20VIC&query_place_id=ChIJWzMAWBKK1moRYKebLvA438U,https://caddystorage.com.au/?utm_source=google&utm_medium=organic&utm_campaign=google_business_profile,,+61 3 9369 9799,-37.8242835,144.7718505,False,7 AM to 4:30 PM,7 AM to 4:30 PM,7 AM to 4:30 PM,7 AM to 4:30 PM,7 AM to 4 PM,Closed,Closed,False,True,True,True,True,58.0,4.6
Hospitality,PIZZA CLUB TARNEIT,Pizza Takeout,"Shop 3/1035 Dohertys Rd, Tarneit VIC 3029, Australia",Tarneit,https://www.google.com/maps/search/?api=1&query=PIZZA%20CLUB%20TARNEIT&query_place_id=ChIJv2KmNdWP1moRpNclX1iDy48,https://pizza-club-tarneit.nextorder.com/,,+61 3 9119 0657,-37.82047,144.6924691,False,4 PM to 1 AM,4 PM to 1 AM,4 PM to 1 AM,4 PM to 2 AM,4 PM to 2 AM,4 PM to 2 AM,4 PM to 2 AM,False,True,True,False,False,348.0,3.7
Hospitality,McDonald's Tarneit,Fast food restaurant,"565 Derrimut Rd, Tarneit VIC 3029, Australia",Tarneit,https://www.google.com/maps/search/?api=1&query=McDonald's%20Tarneit&query_place_id=ChIJ1zRtOcmO1moRt8QN0oCIsNw,https://mcdonalds.com.au/?utm_medium=local&utm_source=google%20my%20business&utm_campaign=local%20search&utm_content=vic&utm_term=mcdonalds%20tarneit,,+61 3 9748 7240,-37.835249,144.690272,False,Open 24 hours,Open 24 hours,Open 24 hours,Open 24 hours,Open 24 hours,Open 24 hours,Open 24 hours,False,True,True,True,True,2859.0,2.7
Hospitality,LUXXE Outsourced Hotel Services,Hotel,"44 Lakeview Dr, Scoresby VIC 3179, Australia",Scoresby,https://www.google.com/maps/search/?api=1&query=LUXXE%20Outsourced%20Hotel%20Services&query_place_id=ChIJlfC8orRC1moRBiIC7u-qnF0,http://luxxe.com.au/,,+61 3 8761 9156,-37.9140911,145.2194476,False,,,,,,,,False,False,False,False,False,14.0,4.4
Hospitality,Stamford Inn,Pub,"1200 Stud Rd, Rowville VIC 3178, Australia",Rowville,https://www.google.com/maps/search/?api=1&query=Stamford%20Inn&query_place_id=ChIJIeuAEgQW1moRFwsd6rOWFVE,https://www.thestamford.com.au/,stamfordinn@alhgroup.com.au,+61 3 9764 4488,-37.9268446,145.2320912,False,10 AM to 4 AM,10 AM to 4 AM,10 AM to 4 AM,10 AM to 4 AM,10 AM to 4 AM,10 AM to 4 AM,10 AM to 4 AM,False,True,True,True,True,2615.0,3.9
Hospitality,Nomad Travel,Tour operator,"Rowville VIC 3178, Australia",,https://www.google.com/maps/search/?api=1&query=Nomad%20Travel&query_place_id=ChIJDfCqTAEW1moRRoWg0nGGWzs,https://nomadtravel.com.au/,,+61 3 9021 2567,-37.9250725,145.2308639,False,9 AM to 9 PM,9 AM to 9 PM,9 AM to 9 PM,9 AM to 9 PM,9 AM to 9 PM,9 AM to 9 PM,9 AM to 9 PM,False,False,True,False,False,10.0,5.0
Hospitality,Rowville International Hotel,Hotel,"1233 Stud Rd, Rowville VIC 3178, Australia",Rowville,https://www.google.com/maps/search/?api=1&query=Rowville%20International%20Hotel&query_place_id=ChIJI1m7lwUW1moR1euAlrnvkgg,http://www.rowvilleinternational.com.au/,info@rowvilleinternational.com.au,+61 3 9764 5050,-37.9308906,145.233538,False,,,,,,,,False,False,False,False,False,317.0,4.1
Hospitality,Woolworths Stud Park,Supermarket,"Stud Park Shopping Centre, 1101 Stud Rd, Rowville VIC 3178, Australia",Rowville,https://www.google.com/maps/search/?api=1&query=Woolworths%20Stud%20Park&query_place_id=ChIJGZppyPk91moRs80BGHZ7z00,https://www.woolworths.com.au/shop/storelocator/vic-rowville-3151?utm_source=google&utm_medium=organic&utm_campaign=googleplaces&utm_content=woolworths_supermarkets_3151,,+61 3 8756 2419,-37.9209686,145.2354028,False,7 AM to 11 PM,7 AM to 11 PM,7 AM to 11 PM,7 AM to 11 PM,7 AM to 11 PM,7 AM to 11 PM,7 AM to 11 PM,False,True,True,True,False,728.0,4.1
Hospitality,O'Brien Group Australia,Event management company,"503 Queensberry St, North Melbourne VIC 3051, Australia",North Melbourne,https://www.google.com/maps/search/?api=1&query=O'Brien%20Group%20Australia&query_place_id=ChIJwSpyyrockWsR06KQ3xe63Yc,https://www.obriengroupaustralia.com.au/,,+61 3 9326 5200,-37.803451,144.950523,False,9 AM to 5 PM,9 AM to 5 PM,9 AM to 5 PM,9 AM to 5 PM,9 AM to 5 PM,Closed,Closed,False,True,True,False,False,18.0,4.2
Hospitality,Little Drifter North Melbourne,Hostel,"78 Howard St, North Melbourne VIC 3051, Australia",North Melbourne,https://www.google.com/maps/search/?api=1&query=Little%20Drifter%20North%20Melbourne&query_place_id=ChIJhWxdK39d1moRzUYOVsVdm10,https://thedrifter.com/north-melbourne/,WIFI_PAPRIKA@3x.png,+61 1800 180 288,-37.8030407,144.9544932,False,,,,,,,,False,False,False,False,False,1400.0,4.7
Hospitality,Meals with Impact,Cafe,"1 2, Tower 3/747 Collins St, Docklands VIC 3008, Australia",Docklands,https://www.google.com/maps/search/?api=1&query=Meals%20with%20Impact&query_place_id=ChIJjVw7a09d1moR2zLKZMmiCpI,http://www.mealswithimpact.com.au/,,,-37.8208,144.948903,False,Closed,8 AM to 3 PM,8 AM to 3 PM,8 AM to 3 PM,Closed,Closed,Closed,False,True,False,True,False,92.0,4.8
Hospitality,OrderBuddy,Computer support and services,"Level 17, Tower 4/727 Collins St, Docklands VIC 3008, Australia",Docklands,https://www.google.com/maps/search/?api=1&query=OrderBuddy&query_place_id=ChIJn0PF5ORD1moRmn7ViymdgBc,http://www.orderbuddy.com.au/,team@orderbuddy.com.au,+61 3 8419 0898,-37.8208055,144.95017,False,,,,,,,,False,False,False,False,False,14.0,4.7
Hospitality,Stamford Park Homestead,Restaurant,"8 Emmeline Row, Rowville VIC 3178, Australia",Rowville,https://www.google.com/maps/search/?api=1&query=Stamford%20Park%20Homestead&query_place_id=ChIJMXrmUGI91moR5KiPqPLPNS4,https://www.stamfordparkhomestead.com.au/?utm_source=google&utm_medium=organic&utm_campaign=gbp-stamford-park-homestead&utm_content=website-button,functions@stamfordparkhomestead.com.au,+61 3 9764 2200,-37.9143854,145.2334361,False,"11 AM to 3 PM, 5 to 9 PM","11 AM to 3 PM, 5 to 9 PM","11 AM to 3 PM, 5 to 9 PM","11 AM to 3 PM, 5 to 9 PM","11 AM to 3 PM, 5 to 10 PM","11 AM to 4 PM, 5 to 10 PM","11 AM to 4 PM, 5 to 9 PM",False,True,True,True,True,965.0,4.3
Hospitality,My Local Foodie,Corporate office,"level 1/115 Thistlethwaite St, South Melbourne VIC 3205, Australia",South Melbourne,https://www.google.com/maps/search/?api=1&query=My%20Local%20Foodie&query_place_id=ChIJb3hXFPpn1moRh7LNBWBjJmY,http://mylocalfoodie.com.au/,,+61 1300 382 073,-37.8324989,144.9502496,False,8 AM to 5 PM,8 AM to 5 PM,8 AM to 5 PM,8 AM to 5 PM,8 AM to 5 PM,Closed,Closed,False,False,True,False,False,10.0,5.0
Hospitality,Club Italia Sporting Club,Event venue,"128/132 Furlong Rd, St Albans VIC 3021, Australia",St Albans,https://www.google.com/maps/search/?api=1&query=Club%20Italia%20Sporting%20Club&query_place_id=ChIJbVBPefJf1moRBhs6pPQXYxE,https://www.clubitaliasportingclub.com.au/,admin@clubitaliasportingclub.com.au,+61 3 9367 4187,-37.7604729,144.8192858,False,10 AM to 12 AM,10 AM to 12 AM,10 AM to 12 AM,10 AM to 1 AM,10 AM to 2 AM,10 AM to 2 AM,10 AM to 12 AM,False,True,True,True,False,712.0,4.3
Hospitality,Kealba Hotel,Pub,"Sunshine Ave &, Main Rd E, Kealba VIC 3021, Australia",Kealba,https://www.google.com/maps/search/?api=1&query=Kealba%20Hotel&query_place_id=ChIJFa0SlP9e1moRQlwFy3CzP3w,http://www.kealbahotel.com.au/,info@kealbahotel.com.au,+61 3 9366 6555,-37.7468794,144.8283027,False,10 AM to 4 AM,10 AM to 4 AM,10 AM to 4 AM,10 AM to 4 AM,10 AM to 4 AM,10 AM to 4 AM,10 AM to 4 AM,False,True,True,True,False,1654.0,3.9
Hospitality,We One Caters,Caterer,"19 Henderson St, Sunshine North VIC 3020, Australia",Sunshine North,https://www.google.com/maps/search/?api=1&query=We%20One%20Caters&query_place_id=ChIJDxJzjGRf1moR_gS-iSOpmpo,https://weonecaters.com.au/,weonecatersmelbourne@gmail.com,+61 474 472 173,-37.7638462,144.8423352,False,Closed,Closed,Closed,Closed,9 AM to 6 PM,9 AM to 6 PM,9 AM to 6 PM,False,False,False,False,False,27.0,4.5
Hospitality,The Butlers Pantry,Restaurant,"4/1090 Wellington Rd, Rowville VIC 3178, Australia",Rowville,https://www.google.com/maps/search/?api=1&query=The%20Butlers%20Pantry&query_place_id=ChIJGVS69Yo91moRgX41x0q8GO8,https://www.butlers-pantry.com.au/,,+61 3 9755 8553,-37.9275931,145.2510181,False,7 AM to 3 PM,7 AM to 3 PM,7 AM to 3 PM,7 AM to 3 PM,7 AM to 3 PM,8 AM to 3 PM,8 AM to 3 PM,False,True,True,True,True,651.0,3.9
Hospitality,Eating House,Restaurant,"Wellington Village Shopping Centre, 17/1100 Wellington Rd, Rowville VIC 3178, Australia",Rowville,https://www.google.com/maps/search/?api=1&query=Eating%20House&query_place_id=ChIJQwokbYo91moRoR9AN4uThQM,http://www.eatinghouse.com.au/,contact@eatinghouse.com.au,+61 3 9755 7464,-37.9283429,145.2516623,False,7:30 AM to 9 PM,7:30 AM to 9 PM,7:30 AM to 9 PM,7:30 AM to 9 PM,7:30 AM to 9:30 PM,7:30 AM to 9:30 PM,7:30 AM to 9 PM,False,True,True,True,True,1883.0,4.1
Hospitality,Cozy Hosting,Property management company,"Unit 3/107 Highbury Rd, Burwood VIC 3125, Australia",Burwood,https://www.google.com/maps/search/?api=1&query=Cozy%20Hosting&query_place_id=ChIJeyda3bFD1moR1TgxXl8Syh4,https://www.cozyhosting.com.au/,info.cozy@auacme.com,+61 3 9899 7361,-37.8543786,145.1060276,False,9 AM to 5:30 PM,9 AM to 5:30 PM,9 AM to 5:30 PM,9 AM to 5:30 PM,9 AM to 5:30 PM,Closed,Closed,False,False,False,False,False,85.0,4.7
Hospitality,Notting Hill Hotel (The Nott),Pub,"260-262 Ferntree Gully Rd, Notting Hill VIC 3168, Australia",Notting Hill,https://www.google.com/maps/search/?api=1&query=Notting%20Hill%20Hotel%20(The%20Nott)&query_place_id=ChIJCX48IbFq1moRWdh8xU0uVcQ,http://www.nottinghillhotel.com.au/,,+61 3 9544 3031,-37.8999885,145.1293758,False,11:30 AM to 9:30 PM,11:30 AM to 10 PM,11:30 AM to 10 PM,11:30 AM to 11 PM,11:30 AM to 11 PM,11:30 AM to 11 PM,12 to 9:30 PM,False,True,True,True,True,3274.0,4.2
Hospitality,Quest Notting Hill,Hotel,"5 Acacia Pl, Notting Hill VIC 3168, Australia",Notting Hill,https://www.google.com/maps/search/?api=1&query=Quest%20Notting%20Hill&query_place_id=ChIJM6ecpeRr1moRNFDacYYENkI,https://www.questapartments.com.au/properties/vic/notting-hill/quest-notting-hill,,+61 3 9069 2888,-37.9018977,145.1344846,False,,,,,,,,False,False,False,False,False,231.0,4.5
Hospitality,Middleman Functions,Event venue,"35/37 Dalmore Dr, Scoresby VIC 3179, Australia",Scoresby,https://www.google.com/maps/search/?api=1&query=Middleman%20Functions&query_place_id=ChIJ1ePSfQ8-1moRJqksrUyKKvY,https://middlemanfunctions.com.au/,info@functionsmiddleman.com,+61 403 950 040,-37.9137707,145.2196641,False,7 AM to 3 PM,7 AM to 3 PM,7 AM to 3 PM,7 AM to 3 PM,7 AM to 3 PM,Closed,Closed,False,True,True,True,False,221.0,4.6
Hospitality,HS3B Accounting and Advisory,Accounting firm,"Suite 05/44 Lakeview Dr, Scoresby VIC 3179, Australia",Scoresby,https://www.google.com/maps/search/?api=1&query=HS3B%20Accounting%20and%20Advisory&query_place_id=ChIJp5R-wnc_1moR0leKDsCnwvg,https://www.hs3b.com.au/,,+61 460 831 833,-37.9140909,145.2193974,False,9 AM to 5 PM,9 AM to 5 PM,9 AM to 5 PM,9 AM to 5 PM,9 AM to 12 PM,9 AM to 1 PM,Closed,False,True,True,True,True,23.0,5.0
Hospitality,The Alibi (Previously Calibar),Cafe,"3 Caribbean Dr, Scoresby VIC 3179, Australia",Scoresby,https://www.google.com/maps/search/?api=1&query=The%20Alibi%20(Previously%20Calibar)&query_place_id=ChIJCRGUTj481moR8lBSEcns4yo,https://thealibievents.com.au/,alibievents@outlook.com,+61 452 019 606,-37.901966,145.2213287,False,6 AM to 3 PM,6 AM to 3 PM,6 AM to 3 PM,6 AM to 3 PM,6 AM to 2:30 PM,Closed,Closed,False,True,True,True,True,322.0,4.4
Hospitality,Nutrio,Nut store,"Sampson Dr, Mount Waverley VIC 3149, Australia",Mount Waverley,https://www.google.com/maps/search/?api=1&query=Nutrio&query_place_id=ChIJMVrVrDVr1moRcfFTWmaFjM4,,,+61 401 228 279,-37.890872,145.1319095,False,,,,,,,,False,False,True,False,False,17.0,5.0
Hospitality,Deli'sh @ Hamilton,Deli,"17 Hamilton Pl, Mount Waverley VIC 3149, Australia",Mount Waverley,https://www.google.com/maps/search/?api=1&query=Deli'sh%20%40%20Hamilton&query_place_id=ChIJrYWjxg9A1moRUlVOL0_CDgo,https://taplink.cc/delishathamilton,,+61 3 9807 6911,-37.876138,145.12737,False,8 AM to 5 PM,8 AM to 5 PM,8 AM to 5 PM,8 AM to 5 PM,8 AM to 5 PM,8 AM to 3 PM,Closed,False,False,True,False,False,267.0,4.8
Hospitality,Ritchies IGA Mount Waverley,Grocery store,"283 Stephensons Rd, Mount Waverley VIC 3149, Australia",Mount Waverley,https://www.google.com/maps/search/?api=1&query=Ritchies%20IGA%20Mount%20Waverley&query_place_id=ChIJ4cQCuw9A1moRaN8rBiZOinY,https://www.ritchies.com.au/?utm_source=google&utm_medium=organic&utm_campaign=Google+My+Business&utm_content=Ritchies+IGA+Mount+Waverley&utm_term=plcid_3240265664357876328,,+61 3 9888 2399,-37.8765183,145.1284276,False,7 AM to 9 PM,7 AM to 9 PM,7 AM to 9 PM,7 AM to 9 PM,7 AM to 9 PM,7:30 AM to 9 PM,8 AM to 9 PM,False,True,True,False,False,1031.0,4.3
Hospitality,Frontline Recruitment Group - Retail Melbourne,Employment agency,"16/395 Nepean Hwy, Frankston VIC 3199, Australia",Frankston,https://www.google.com/maps/search/?api=1&query=Frontline%20Recruitment%20Group%20-%20Retail%20Melbourne&query_place_id=ChIJFcK8VUxd1moRYGJoQJLcSwg,https://www.frontlinerecruitmentgroup.com/retail,bcurrie@frgteam.com,+61 3 9108 4236,-38.1391541,145.1235303,False,8:30 AM to 5:30 PM,8:30 AM to 5:30 PM,8:30 AM to 5:30 PM,8:30 AM to 5:30 PM,8:30 AM to 5:30 PM,Closed,Closed,False,False,True,False,False,112.0,4.8
Hospitality,The Hop Shop,Bar,"26 Playne St, Frankston VIC 3199, Australia",Frankston,https://www.google.com/maps/search/?api=1&query=The%20Hop%20Shop&query_place_id=ChIJKxdhdNd11moR_aOP5nqjhGY,http://www.thehopshop.com.au/,info@thehopshop.com.au,+61 405 137 969,-38.1448416,145.121712,False,Closed,4 to 9:30 PM,12 to 9:30 PM,12 to 10 PM,12 to 11:30 PM,12 to 11:30 PM,12 to 9 PM,False,True,True,True,False,428.0,4.7
Hospitality,Functions By The Bay,Function room facility,"Young St &, Plowman Pl, Frankston VIC 3199, Australia",Frankston,https://www.google.com/maps/search/?api=1&query=Functions%20By%20The%20Bay&query_place_id=ChIJ_5UdSCd11moRnjLSNTXpHrU,http://www.functionsbythebay.com.au/,functionsmanager@functionsbythebay.com.au,+61 427 893 556,-38.1472915,145.121086,False,6 AM to 12 AM,6 AM to 12 AM,6 AM to 12 AM,6 AM to 12 AM,6 AM to 12 AM,6 AM to 12 AM,6 AM to 12 AM,False,True,True,True,False,161.0,4.7
Hospitality,Quest Frankston on the Bay,Hotel,"435 Nepean Hwy, Frankston VIC 3199, Australia",Frankston,https://www.google.com/maps/search/?api=1&query=Quest%20Frankston%20on%20the%20Bay&query_place_id=ChIJLzt9Qtl01moRwDNT9yl_-Qo,https://www.questapartments.com.au/properties/vic/frankston/quest-frankston-on-the-bay,,+61 3 8765 2500,-38.1423418,145.1216741,False,,,,,,,,False,False,False,False,False,561.0,4.1
Hospitality,The Sporting Globe Bar & Grill Frankston,Sports bar,"Bayside Entertainment Centre, Shop G001/21 Wells St, Frankston VIC 3199, Australia",Frankston,https://www.google.com/maps/search/?api=1&query=The%20Sporting%20Globe%20Bar%20%26%20Grill%20Frankston&query_place_id=ChIJu24xbjF11moRAoMHI8ur6Ts,https://www.sportingglobe.com.au/locations/frankston/,ua.moc.ebolggnitrops@notsknarf.gst,+61 3 7002 2961,-38.1436359,145.1225153,False,11:30 AM to 11 PM,11:30 AM to 11 PM,11:30 AM to 11 PM,11:30 AM to 11 PM,11:30 AM to 2 AM,11:30 AM to 2 AM,11:30 AM to 11 PM,False,True,True,True,False,181.0,4.5
Hospitality,Quest Frankston,Hotel,"377 Nepean Hwy, Frankston VIC 3199, Australia",Frankston,https://www.google.com/maps/search/?api=1&query=Quest%20Frankston&query_place_id=ChIJZ1L9McV01moRqWm1fSk9Sj4,https://www.questapartments.com.au/properties/vic/frankston/quest-frankston,,+61 3 8796 1000,-38.1373507,145.1242197,False,,,,,,,,False,False,False,False,False,310.0,4.0
Hospitality,You're Covered Pty Ltd,Property management company,"1/4 Kitson St, Frankston VIC 3199, Australia",Frankston,https://www.google.com/maps/search/?api=1&query=You're%20Covered%20Pty%20Ltd&query_place_id=ChIJX5C5HcZ01moRS8x_96WKV5Q,http://yourecovered.com.au/,,+61 3 5925 9292,-38.13302,145.126426,False,8:30 AM to 5 PM,8:30 AM to 5 PM,8:30 AM to 5 PM,8:30 AM to 5 PM,8:30 AM to 5 PM,Closed,Closed,False,False,True,False,False,,
Hospitality,Archie's Farm Restaurant & Bar,Restaurant,"38 Dalmore Dr, Scoresby VIC 3179, Australia",Scoresby,https://www.google.com/maps/search/?api=1&query=Archie's%20Farm%20Restaurant%20%26%20Bar&query_place_id=ChIJJcclZQg_1moRC9LnP7hkzow,https://www.hyatt.com/en-US/hotel/australia/hyatt-place-melbourne-caribbean-park/melzc/dining,,+61 3 4137 1234,-37.9153711,145.2174988,False,"6:30 to 10 AM, 12 to 3 PM, 6 to 10 PM","6:30 to 10 AM, 12 to 3 PM, 6 to 10 PM","6:30 to 10 AM, 12 to 3 PM, 6 to 10 PM","6:30 to 10 AM, 12 to 3 PM, 6 to 10 PM","6:30 to 10 AM, 12 to 3 PM, 6 to 10 PM","7 to 11 AM, 5 to 10 PM","7 to 11 AM, 5 to 9 PM",False,True,True,True,True,127.0,4.2
Hospitality,Personal care providers,Disability services and support organization,"Frankston VIC 3199, Australia",,https://www.google.com/maps/search/?api=1&query=Personal%20care%20providers&query_place_id=ChIJx3mGe6B11moRR5HKaLIK_Xk,,,+61 423 586 782,-38.1470975,145.135207,False,Open 24 hours,Open 24 hours,Open 24 hours,Open 24 hours,Open 24 hours,Open 24 hours,Open 24 hours,False,True,True,False,False,12.0,4.9
Hospitality,Ceylon Girl's,Sri Lankan restaurant,"16 Skye Rd, Frankston VIC 3199, Australia",Frankston,https://www.google.com/maps/search/?api=1&query=Ceylon%20Girl's&query_place_id=ChIJ3auGiVR11moRbdYcem6CK6c,http://ceylongirlscafe.com.au/,,+61 412 383 252,-38.1307358,145.132809,False,Closed,11 AM to 3 PM,11 AM to 8:30 PM,11 AM to 8:30 PM,11 AM to 8:30 PM,11 AM to 8:30 PM,11 AM to 3 PM,False,True,True,True,True,340.0,4.7
Hospitality,Victorian Frozen Foods Distributors Pty Ltd,Wholesaler,"22 Rushdale St, Knoxfield VIC 3180, Australia",Knoxfield,https://www.google.com/maps/search/?api=1&query=Victorian%20Frozen%20Foods%20Distributors%20Pty%20Ltd&query_place_id=ChIJeeEq9eE91moRHQOv8Cn4Fr4,http://www.richmondoysters.com.au/,,+61 3 9429 2022,-37.8961119,145.2552124,False,3 AM to 5 PM,3 AM to 5 PM,3 AM to 5 PM,3 AM to 5 PM,3 AM to 5 PM,3 AM to 12 PM,Closed,False,False,True,False,False,,
Hospitality,Proscope Group Pty Ltd,Corporate office,"U2/8 Brand Rd, Knoxfield VIC 3180, Australia",Knoxfield,https://www.google.com/maps/search/?api=1&query=Proscope%20Group%20Pty%20Ltd&query_place_id=ChIJbRojRLE91moRXQe6-On7YaQ,http://www.proscope.com.au/,info@proscope.com.au,+61 3 9763 6456,-37.8977402,145.2544651,False,6 AM to 3 PM,6 AM to 3 PM,6 AM to 3 PM,6 AM to 3 PM,6 AM to 3 PM,Closed,Closed,False,False,True,False,False,,
Hospitality,Western Melbourne Tourism Inc,Hospitality and tourism school,"301 Hampshire Rd, Sunshine VIC 3020, Australia",Sunshine,https://www.google.com/maps/search/?api=1&query=Western%20Melbourne%20Tourism%20Inc&query_place_id=ChIJ54LH0sZd1moRvwd0bpaZVI8,http://www.melbourneswest.com.au/,,+61 417 545 141,-37.7833326,144.8320585,False,9 AM to 5 PM,9 AM to 5 PM,9 AM to 5 PM,9 AM to 5 PM,9 AM to 5 PM,Closed,Closed,False,True,True,False,False,,
Hospitality,Adgemis Refrigeration and Hospitality Equipment,Commercial refrigerator supplier,"Shop 31/632-642 Clayton Rd, Clayton South VIC 3169, Australia",Clayton South,https://www.google.com/maps/search/?api=1&query=Adgemis%20Refrigeration%20and%20Hospitality%20Equipment&query_place_id=ChIJt7foKs1B1moRgDRQkdncDNY,https://www.adgemisrefrigeration.com.au/,info@adgemisrefrigeration.com.au,+61 3 9808 9209,-37.9494173,145.1154502,False,9 AM to 5 PM,9 AM to 5 PM,9 AM to 5 PM,9 AM to 5 PM,9 AM to 4 PM,Closed,Closed,False,True,True,False,False,54.0,4.7
Hospitality,Finesse Catering Group,Caterer,"32 New St, Frankston VIC 3199, Australia",Frankston,https://www.google.com/maps/search/?api=1&query=Finesse%20Catering%20Group&query_place_id=ChIJo6-QlgZt1moR4lgnWQQCw_0,https://finessecateringgroup.com.au/,events@finessecateringgroup.com.au,+61 410 882 766,-38.130999,145.128929,False,6 AM to 10 PM,6 AM to 10 PM,6 AM to 10 PM,6 AM to 10 PM,6 AM to 10 PM,6 AM to 10 PM,6 AM to 10 PM,False,True,True,False,False,92.0,5.0
Hospitality,Chinna Jaffna,Caterer,"52 Outlook Dr, Dandenong North VIC 3175, Australia",Dandenong North,https://www.google.com/maps/search/?api=1&query=Chinna%20Jaffna&query_place_id=ChIJbyUup1sV1moRXkNPpiOeEwQ,https://www.facebook.com/chinnajaffna,,+61 470 331 016,-37.9506539,145.2201206,False,Closed,Closed,11 AM to 5 PM,11 AM to 5 PM,11 AM to 5 PM,9 AM to 5 PM,11 AM to 2 PM,False,False,True,False,False,40.0,5.0
Hospitality,Forty Winks Frankston,Mattress store,"Frankston Power Centre, Shop 4/111 Cranbourne Rd, Frankston VIC 3199, Australia",Frankston,https://www.google.com/maps/search/?api=1&query=Forty%20Winks%20Frankston&query_place_id=ChIJBYkcnNR01moRSyZGFz5uoKg,https://www.fortywinks.com.au/?utm_source=google&utm_medium=organic&utm_campaign=google_my_business&utm_content=forty_winks_frankston,,+61 3 9781 4566,-38.1484106,145.1386113,False,9 AM to 5:30 PM,9 AM to 5:30 PM,9 AM to 5:30 PM,9 AM to 5:30 PM,9 AM to 5:30 PM,9 AM to 5:30 PM,10 AM to 5:30 PM,False,True,True,False,False,431.0,4.8
Hospitality,Hotel Paradiso,Restaurant,"10 Kookaburra St, Frankston VIC 3199, Australia",Frankston,https://www.google.com/maps/search/?api=1&query=Hotel%20Paradiso&query_place_id=ChIJrzQDqjd11moR0Nn_ZbVF67Q,https://www.hotelparadiso.com.au/,INFO@HOTELPARADISO.cOM.AU,,-38.1320077,145.1291771,False,Closed,Closed,Closed,4 to 10 PM,12 PM to 12:30 AM,12 PM to 12:30 AM,12 to 4 PM,False,True,True,True,True,198.0,4.7
Hospitality,St Albans Hotel,Pub,"5 McKechnie St, St Albans VIC 3021, Australia",St Albans,https://www.google.com/maps/search/?api=1&query=St%20Albans%20Hotel&query_place_id=ChIJq6rqOJpf1moRIFddn4ubVIc,https://www.thestalbans.com.au/,st.albans.hotel@alhgroup.com.au,+61 3 9366 2066,-37.7461827,144.8003094,False,10 AM to 4 AM,10 AM to 4 AM,10 AM to 4 AM,10 AM to 4 AM,10 AM to 4 AM,10 AM to 4 AM,10 AM to 4 AM,False,True,True,True,False,927.0,4.3
Hospitality,Frankston Mitsubishi,Mitsubishi dealer,"136 Dandenong Rd W, Frankston VIC 3199, Australia",Frankston,https://www.google.com/maps/search/?api=1&query=Frankston%20Mitsubishi&query_place_id=ChIJdw_qKsl01moR30pZCp_VarQ,https://www.frankstonmitsubishi.com.au/,Info@baycityautogroup.com.au,+61 3 9122 8751,-38.1309478,145.1308521,False,8:30 AM to 5:30 PM,8:30 AM to 5:30 PM,8:30 AM to 5:30 PM,8:30 AM to 5:30 PM,8:30 AM to 5:30 PM,8:30 AM to 5 PM,Closed,False,True,True,False,False,341.0,4.1
Hospitality,Myki Tiffin Services,Tiffin center,"2 Elmtree Terrace, Chadstone VIC 3148, Australia",Chadstone,https://www.google.com/maps/search/?api=1&query=Myki%20Tiffin%20Services&query_place_id=ChIJDxVDHmBr1moRsLClyEM42Dc,,,+61 423 125 455,-37.8828069,145.1068525,False,,,,,,,,False,False,False,False,False,17.0,5.0
Hospitality,Billy’s Kitchen,Restaurant,"Shop S201/197 Karingal Dr, Frankston VIC 3199, Australia",Frankston,https://www.google.com/maps/search/?api=1&query=Billy%E2%80%99s%20Kitchen&query_place_id=ChIJpW73j2IL1moRejnf2SisUtg,,,+61 412 255 127,-38.1509501,145.1665527,False,9 AM to 8:30 PM,9 AM to 8:30 PM,9 AM to 8:30 PM,9 AM to 8:30 PM,9 AM to 9 PM,8:30 AM to 9 PM,8:30 AM to 8:30 PM,False,True,True,False,False,143.0,4.8
Hospitality,Pubfinda,Corporate office,"Unit 5 37/25 Huntingdale Rd, Burwood VIC 3125, Australia",Burwood,https://www.google.com/maps/search/?api=1&query=Pubfinda&query_place_id=ChIJXcfRTEJA1moRgHnvzy-LXJ4,https://www.pubfinda.com.au/,support@pubfinda.com.au,+61 3 9889 8186,-37.8574706,145.1133736,False,,,,,,,,False,True,True,True,False,5.0,4.2
Hospitality,FRATELLI Frankston,Italian restaurant,"227 Cranbourne Rd, Frankston VIC 3199, Australia",Frankston,https://www.google.com/maps/search/?api=1&query=FRATELLI%20Frankston&query_place_id=ChIJUWu9giYL1moRjXCjHBd0HBw,http://www.fratellifrankston.com.au/,info@fratellifrankston.com.au,+61 3 9776 5277,-38.1517193,145.1522255,False,11 AM to 10 PM,11 AM to 10 PM,11 AM to 10 PM,11 AM to 10 PM,11 AM to 10 PM,11 AM to 10 PM,11 AM to 10 PM,False,True,True,True,True,1843.0,4.1
Hospitality,Goodlife Catering,Caterer,"Shop 7/101 Station St, Ferntree Gully VIC 3156, Australia",Ferntree Gully,https://www.google.com/maps/search/?api=1&query=Goodlife%20Catering&query_place_id=ChIJ1ZUKVwc81moRXmjsF3L9_Ls,https://goodlifecatering.com.au/,admin@goodlifecatering.com.au,+61 3 9729 2199,-37.8827129,145.2943782,False,9 AM to 5 PM,9 AM to 4 PM,9 AM to 4 PM,9 AM to 4 PM,9 AM to 4 PM,9 AM to 4 PM,9 AM to 4 PM,False,True,True,False,False,63.0,4.7
Hospitality,Ferntree Gully Hotel,Pub,"1130 Burwood Hwy, Ferntree Gully VIC 3156, Australia",Ferntree Gully,https://www.google.com/maps/search/?api=1&query=Ferntree%20Gully%20Hotel&query_place_id=ChIJJwngsz881moRGwcUhzYk0jM,https://www.ferntreegullyhotel.com.au/,ferntree.gully.hotel@alhgroup.com.au,+61 3 9758 6544,-37.8892242,145.297398,False,10 AM to 4 AM,10 AM to 4 AM,10 AM to 4 AM,10 AM to 4 AM,10 AM to 4 AM,10 AM to 4 AM,10 AM to 4 AM,False,True,True,True,True,1827.0,4.1
Hospitality,Daiwa Food Corporation,Food products supplier,"6/251 Ferntree Gully Rd, Mount Waverley VIC 3149, Australia",Mount Waverley,https://www.google.com/maps/search/?api=1&query=Daiwa%20Food%20Corporation&query_place_id=ChIJGUvSl69q1moRF0UgmS6yGwM,http://www.ichibajunction.com.au/,1Ichiba_logo_-_Online_Japanese_Grocery_1_300x@2x.jpg,+61 3 8588 7800,-37.8961369,145.1270068,False,9:30 AM to 4:30 PM,9:30 AM to 4:30 PM,9:30 AM to 4:30 PM,9:30 AM to 4:30 PM,9:30 AM to 4:30 PM,9 AM to 3:30 PM,Closed,False,True,True,False,False,39.0,4.1
Hospitality,McDonald's Eastlink Northbound,Fast food restaurant,"1500 Eastlink Northbound, Scoresby VIC 3179, Australia",Scoresby,https://www.google.com/maps/search/?api=1&query=McDonald's%20Eastlink%20Northbound&query_place_id=ChIJ26DbDQ4-1moRrRYBycYVQ1A,https://mcdonalds.com.au/?utm_medium=local&utm_source=google%20my%20business&utm_campaign=local%20search&utm_content=qld&utm_term=mcdonalds%20Scoresby,,+61 3 9753 2057,-37.9123543,145.2134654,False,Open 24 hours,Open 24 hours,Open 24 hours,Open 24 hours,Open 24 hours,Open 24 hours,Open 24 hours,False,True,True,True,True,2884.0,3.5
Hospitality,Connor Karingal Hub,Clothing store,"Karingal Hub Shopping Centre, Shop S074/330 Cranbourne Rd, Frankston VIC 3199, Australia",Frankston,https://www.google.com/maps/search/?api=1&query=Connor%20Karingal%20Hub&query_place_id=ChIJ069nfjEL1moR73zr_nWVLWU,https://www.connor.com.au/au/store/karingal,,+61 3 7007 8072,-38.1518874,145.1652006,False,9 AM to 5:30 PM,9 AM to 5:30 PM,9 AM to 5:30 PM,9 AM to 9 PM,9 AM to 9 PM,9 AM to 5 PM,10 AM to 5 PM,False,True,True,False,False,44.0,4.6
Hospitality,Mens Suit Warehouse,Men's clothing store,"21 Ebden St, Moorabbin VIC 3189, Australia",Moorabbin,https://www.google.com/maps/search/?api=1&query=Mens%20Suit%20Warehouse&query_place_id=ChIJ4RYaEJFr1moRcv81gKNG4gU,https://www.menssuitwarehouse.com.au/,,+61 3 8725 2069,-37.940219,145.066223,False,10 AM to 5 PM,10 AM to 5 PM,10 AM to 5 PM,10 AM to 5 PM,10 AM to 5 PM,10 AM to 5 PM,10 AM to 5 PM,False,True,True,True,True,289.0,4.8
Hospitality,APT Luxury Travel,Travel agency,"Level 1, Building 4/15 Cochranes Rd, Moorabbin VIC 3189, Australia",Moorabbin,https://www.google.com/maps/search/?api=1&query=APT%20Luxury%20Travel&query_place_id=ChIJweoffiVs1moRXPeb6WdpCto,https://www.aptouring.com/,,+61 1300 706 395,-37.9418541,145.0641837,False,8 AM to 6 PM,8 AM to 6 PM,8 AM to 6 PM,8 AM to 6 PM,8 AM to 6 PM,9 AM to 1 PM,Closed,False,True,True,False,False,1057.0,4.6
Hospitality,Skye Lodge,Nursing home,"175 Mcmahons Rd, Frankston VIC 3199, Australia",Frankston,https://www.google.com/maps/search/?api=1&query=Skye%20Lodge&query_place_id=ChIJ0YDbjGkL1moRJewZl_aXPps,http://www.autumnagedcare.com.au/,admissions@autumnagedcare.com.au,+61 3 8797 4100,-38.1334858,145.1408594,False,Open 24 hours,Open 24 hours,Open 24 hours,Open 24 hours,Open 24 hours,Open 24 hours,Open 24 hours,False,True,True,True,True,23.0,4.9
Hospitality,Baba events and studio space,Event venue,"724 Centre Rd, Bentleigh East VIC 3165, Australia",Bentleigh East,https://www.google.com/maps/search/?api=1&query=Baba%20events%20and%20studio%20space&query_place_id=ChIJw_COJaJr1moRkgdSNvRTYDM,http://www.babaevents.com.au/,hello@babaevents.com.au,,-37.921208,145.058211,False,Open 24 hours,Open 24 hours,Open 24 hours,Open 24 hours,Open 24 hours,Open 24 hours,Open 24 hours,False,True,True,True,False,30.0,4.9
Hospitality,Boundary Hotel,Pub,"730 Centre Rd, Bentleigh East VIC 3165, Australia",Bentleigh East,https://www.google.com/maps/search/?api=1&query=Boundary%20Hotel&query_place_id=ChIJ7XbNpedr1moRw8jKT-1L7Nk,https://www.boundaryhotel.com.au/,boundary.hotel@alhgroup.com.au,+61 3 9570 7044,-37.9213234,145.058702,False,10 AM to 4 AM,10 AM to 4 AM,10 AM to 4 AM,10 AM to 4 AM,10 AM to 4 AM,10 AM to 4 AM,10 AM to 4 AM,False,True,True,True,True,1792.0,4.1
Hospitality,The Merchants Guild,Cafe,"680 Centre Rd, Bentleigh East VIC 3165, Australia",Bentleigh East,https://www.google.com/maps/search/?api=1&query=The%20Merchants%20Guild&query_place_id=ChIJpQHAGudr1moRFHl5j86wjik,http://themerchantsguild.com/,info@themerchantsguild.com,+61 3 9579 0734,-37.9209685,145.0568076,False,7 AM to 3 PM,7 AM to 3 PM,7 AM to 3 PM,7 AM to 3 PM,7 AM to 3 PM,7:30 AM to 3 PM,8 AM to 3 PM,False,True,False,False,True,745.0,4.3
Hospitality,Nestys,Takeout Restaurant,"706 Centre Rd, Bentleigh East VIC 3165, Australia",Bentleigh East,https://www.google.com/maps/search/?api=1&query=Nestys&query_place_id=ChIJL6i5MPtr1moRPzTV-RTRtAM,https://nestys.com.au/,info@nestys.com.au,+61 3 7300 6171,-37.9212399,145.0576282,False,Closed,10:30 AM to 8:30 PM,10:30 AM to 8:30 PM,10:30 AM to 8:30 PM,10:30 AM to 8:30 PM,10:30 AM to 8:30 PM,12 to 8 PM,False,False,False,False,False,142.0,4.7
Hospitality,Wash n Wear Uniforms,Uniform store,"631 Centre Rd, Bentleigh East VIC 3165, Australia",Bentleigh East,https://www.google.com/maps/search/?api=1&query=Wash%20n%20Wear%20Uniforms&query_place_id=ChIJFwxTruFr1moRtKtZQKS9Hsk,http://www.washnwear.com.au/,,+61 3 9563 9909,-37.9199407,145.0515828,False,9 AM to 5:30 PM,9 AM to 5:30 PM,9 AM to 5:30 PM,9 AM to 5:30 PM,9 AM to 5:30 PM,10 AM to 3 PM,Closed,False,False,False,False,False,47.0,4.6
Hospitality,The Fab Curry & Hoppers,Sri Lankan restaurant,"686 Centre Rd, Bentleigh East VIC 3165, Australia",Bentleigh East,https://www.google.com/maps/search/?api=1&query=The%20Fab%20Curry%20%26%20Hoppers&query_place_id=ChIJSf01Bedr1moRXlPZif9VB7E,https://www.facebook.com/profile.php?id=100063992385425,,+61 3 9570 4224,-37.9209964,145.0570108,False,,,,,,,,False,False,False,False,False,249.0,4.2
Hospitality,Nightcap at Sandbelt Hotel,Hotel,"630 South Rd, Moorabbin VIC 3189, Australia",Moorabbin,https://www.google.com/maps/search/?api=1&query=Nightcap%20at%20Sandbelt%20Hotel&query_place_id=ChIJ7QSZffRr1moRKCSSfV2XyhU,https://nightcap.nighteliercollective.com.au/content/alh-hotels/nightcap/web/home/our-hotels/nightcap-at-sandbelt-hotel,,+61 3 9555 6899,-37.938633,145.0680927,False,,,,,,,,False,False,False,False,False,1147.0,3.8
Hospitality,Heaven 7 Events,Mobile caterer,"890 North Rd, Bentleigh East VIC 3165, Australia",Bentleigh East,https://www.google.com/maps/search/?api=1&query=Heaven%207%20Events&query_place_id=ChIJ-YisZDhr1moRy-9If85NwrA,https://heaven7.com.au/,events@heaven7.com.au,+61 431 027 027,-37.906812,145.060694,False,7 AM to 10 PM,7 AM to 10 PM,7 AM to 10 PM,7 AM to 10 PM,7 AM to 10 PM,7 AM to 10 PM,7 AM to 10 PM,False,False,True,False,False,188.0,5.0
Hospitality,Shell Reddy Express Bentleigh East,Convenience store,"21 Ardena Crt (Corner, E Boundary Rd, Bentleigh East VIC 3165, Australia",Bentleigh East,https://www.google.com/maps/search/?api=1&query=Shell%20Reddy%20Express%20Bentleigh%20East&query_place_id=ChIJM9pJttxr1moRRFCVvMy_K5I,https://www.reddyexpress.com.au/stores?utm_source=extnet&utm_medium=yext&utm_campaign=6795,,+61 3 9964 1608,-37.9162578,145.0596726,False,5 AM to 10 PM,5 AM to 10 PM,5 AM to 10 PM,5 AM to 10 PM,5 AM to 10 PM,6 AM to 10 PM,6 AM to 10 PM,False,True,True,False,False,44.0,3.7
Hospitality,7-Eleven,Convenience store,"211 Tucker Rd, McKinnon VIC 3204, Australia",McKinnon,https://www.google.com/maps/search/?api=1&query=7-Eleven&query_place_id=ChIJrRl5KmZp1moRyj9sJJkZ5vk,https://www.7eleven.com.au/,,+61 3 9576 9149,-37.9125113,145.0518038,False,Open 24 hours,Open 24 hours,Open 24 hours,Open 24 hours,Open 24 hours,Open 24 hours,Open 24 hours,False,False,False,False,False,77.0,3.8
Hospitality,LIPT Bentleigh,Wine bar,"69 Mackie Rd, Bentleigh East VIC 3165, Australia",Bentleigh East,https://www.google.com/maps/search/?api=1&query=LIPT%20Bentleigh&query_place_id=ChIJ6agRg45r1moRMfWSmRhSWcQ,https://lipt.com.au/,wine@lipt.com.au,+61 3 7044 7766,-37.9156136,145.0742659,False,4 to 10 PM,Closed,4 to 10 PM,4 to 10 PM,4 to 11 PM,4 to 11 PM,Closed,False,True,False,True,True,123.0,4.7
Hospitality,Kanika's Kitchen,Personal chef service,"22 Reid St, Murrumbeena VIC 3163, Australia",Murrumbeena,https://www.google.com/maps/search/?api=1&query=Kanika's%20Kitchen&query_place_id=ChIJLcBIjGdr1moR-Wr6-Ohr424,https://www.kanikaskitchen.com.au/,kanika84@gmail.com,+61 406 573 369,-37.9058001,145.0728735,False,,,,,,,,False,False,True,False,False,25.0,5.0
Hospitality,Custodian Kitchen,Cafe,"472 South Rd, Moorabbin VIC 3189, Australia",Moorabbin,https://www.google.com/maps/search/?api=1&query=Custodian%20Kitchen&query_place_id=ChIJRSBtVVVp1moRLUwTEPQhClE,http://custodiankitchen.com.au/,,+61 3 9191 9454,-37.9350934,145.0492563,False,6:30 AM to 3 PM,6:30 AM to 3 PM,6:30 AM to 3 PM,6:30 AM to 3 PM,6:30 AM to 3 PM,6:30 AM to 3 PM,6:30 AM to 2 PM,False,True,True,False,True,337.0,4.7
Hospitality,Le Cordon Bleu Australia (Melbourne),Culinary school,"488 South Rd, Moorabbin VIC 3189, Australia",Moorabbin,https://www.google.com/maps/search/?api=1&query=Le%20Cordon%20Bleu%20Australia%20(Melbourne)&query_place_id=ChIJc8QGJK-XEmsRdcop-mGrurs,http://www.cordonbleu.edu/melbourne/home/en,australia@cordonbleu.edu,+61 3 9559 3500,-37.9387612,145.0498439,False,9 AM to 5 PM,9 AM to 5 PM,9 AM to 5 PM,9 AM to 5 PM,9 AM to 5 PM,Closed,Closed,False,True,True,False,False,60.0,4.5
Hospitality,Holmesglen Institute's Cilantro Restaurant,Restaurant,"Bldg 4, ground floor/488 South Rd, Moorabbin VIC 3189, Australia",Moorabbin,https://www.google.com/maps/search/?api=1&query=Holmesglen%20Institute's%20Cilantro%20Restaurant&query_place_id=ChIJK2Fukv9r1moRqzIKVzXUTGI,https://www.holmesglen.edu.au/about-us/our-institute/our-facilities/restaurants-and-retail/cilantro-restaurant?utm_source=GMB&utm_medium=organic&utm_campaign=Cilantro,,+61 3 9209 5599,-37.9387143,145.049818,False,8:30 AM to 5 PM,8:30 AM to 5 PM,8:30 AM to 5 PM,8:30 AM to 5 PM,8:30 AM to 5 PM,Closed,Closed,False,True,True,True,True,25.0,4.4
Hospitality,Boho Lounge & Boutique,Cafe,"171 Jasper Rd, Bentleigh VIC 3204, Australia",Bentleigh,https://www.google.com/maps/search/?api=1&query=Boho%20Lounge%20%26%20Boutique&query_place_id=ChIJaVR8c3Vp1moRVcoHb6EUAig,https://boholoungeboutique.com/,team@latofonts.com,+61 431 466 860,-37.9183347,145.0415213,False,Closed,Closed,11 AM to 5 PM,11 AM to 8:30 PM,10 AM to 11:30 PM,10 AM to 12 AM,10 AM to 8:30 PM,False,False,True,False,True,144.0,4.9
Hospitality,Chef Uniforms,Clothing store,"7 Bronson Cct, Cranbourne North VIC 3977, Australia",Cranbourne North,https://www.google.com/maps/search/?api=1&query=Chef%20Uniforms&query_place_id=ChIJ14X3dxMR1moR7xACHtgPgQE,https://www.chef-uniforms.com.au/,,+61 470 309 152,-38.0744198,145.2954271,False,10 AM to 7 PM,10 AM to 7 PM,10 AM to 7 PM,10 AM to 7 PM,10 AM to 7 PM,11 AM to 7 PM,1 to 5 PM,False,True,True,False,False,42.0,5.0
Hospitality,Beretta's Langwarrin Hotel,Pub,"220 Cranbourne-Frankston Rd, Langwarrin VIC 3910, Australia",Langwarrin,https://www.google.com/maps/search/?api=1&query=Beretta's%20Langwarrin%20Hotel&query_place_id=ChIJ2zrZECQL1moRRtPN2usR80I,http://www.berettas.com.au/,jgray@berettas.com.au,+61 3 9789 2711,-38.1520538,145.1950988,False,11:30 AM to 9 PM,11:30 AM to 9 PM,11:30 AM to 9 PM,11:30 AM to 9 PM,11:30 AM to 9 PM,11:30 AM to 9 PM,11:30 AM to 9 PM,False,True,True,True,False,2506.0,4.0
Hospitality,Borrelli Commercial Catering Equipment,Commercial refrigerator supplier,"42 Frankston Gardens Dr, Carrum Downs VIC 3201, Australia",Carrum Downs,https://www.google.com/maps/search/?api=1&query=Borrelli%20Commercial%20Catering%20Equipment&query_place_id=ChIJJXpSu7Z11moRylV_7NLRRgw,https://borrelli.com.au/,sales@borrelli.com.au,+61 3 9783 6325,-38.103495,145.1607202,False,9 AM to 5 PM,9 AM to 5 PM,9 AM to 5 PM,9 AM to 5 PM,9 AM to 5 PM,Closed,Closed,False,True,True,False,False,44.0,3.7
Hospitality,Subway,Sandwich shop,"La Trobe University, Level 1/13 Science Dr, Bundoora VIC 3083, Australia",Bundoora,https://www.google.com/maps/search/?api=1&query=Subway&query_place_id=ChIJByw3flJJ1moRZZ7zY_zKzVk,https://subway.com/en-au,,,-37.7207145,145.0470708,False,9 AM to 5 PM,9 AM to 5 PM,9 AM to 5 PM,9 AM to 5 PM,9 AM to 5 PM,Closed,Closed,False,True,True,False,False,16.0,1.8
Hospitality,BIG4 Mornington Peninsula Holiday Park - Frankston,Hotel,"Frankston Holiday Village, 2 Robinsons Rd, Frankston South VIC 3199, Australia",Frankston South,https://www.google.com/maps/search/?api=1&query=BIG4%20Mornington%20Peninsula%20Holiday%20Park%20-%20Frankston&query_place_id=ChIJ3_JkRbQK1moRQ0mvFR5PtC8,https://www.big4.com.au/caravan-parks/vic/mornington-peninsula/mornington-peninsula-holiday-park,,+61 1800 623 491,-38.1744053,145.1412609,False,,,,,,,,False,True,True,True,False,289.0,4.3
Hospitality,TLP Commercial Cleaning,Cleaning service,"Unit 2/16-18 Hamersley Dr, Clyde North VIC 3978, Australia",Clyde North,https://www.google.com/maps/search/?api=1&query=TLP%20Commercial%20Cleaning&query_place_id=ChIJzXTr-FUN1moRYDbkTGPK_8o,http://www.tlpclean.com.au/,info@tlpclean.com.au,+61 1300 285 759,-38.0932695,145.3396171,False,Open 24 hours,Open 24 hours,Open 24 hours,Open 24 hours,Open 24 hours,Open 24 hours,Open 24 hours,False,False,True,False,False,,
Hospitality,TYREPLUS Clyde North,Tire shop,"17 Argon Circuit, Clyde North VIC 3978, Australia",Clyde North,https://www.google.com/maps/search/?api=1&query=TYREPLUS%20Clyde%20North&query_place_id=ChIJZYarNCzt1moR551rHQSsmtE,https://www.tyreplus.com.au/tyre-shop/clyde-north/tyreplus-clyde-north?utm_source=Google&utm_medium=organic&utm_campaign=Uberall_GBP&utm_content=LDS&utm_term=Uberall_GBP,,+61 3 8753 6626,-38.09004,145.33449,False,8 AM to 7 PM,8 AM to 7 PM,8 AM to 7 PM,8 AM to 7 PM,8 AM to 7 PM,8 AM to 7 PM,9 AM to 7 PM,False,True,True,False,False,65.0,4.6
Hospitality,Fe Fin. Cafe,Cafe,"947 Centre Rd, Bentleigh East VIC 3165, Australia",Bentleigh East,https://www.google.com/maps/search/?api=1&query=Fe%20Fin.%20Cafe&query_place_id=ChIJa0j3gTNr1moReiy7bWLRIdY,https://fefin.com.au/,hello@fefin.com.au,+61 466 397 999,-37.9228352,145.0740505,False,7 AM to 4 PM,7 AM to 4 PM,7 AM to 4 PM,7 AM to 4 PM,7 AM to 4 PM,7 AM to 4 PM,7 AM to 4 PM,False,True,True,True,False,119.0,4.7
Hospitality,JoyGlee Events,Party equipment rental service,"38 Strathmore St, Bentleigh VIC 3204, Australia",Bentleigh,https://www.google.com/maps/search/?api=1&query=JoyGlee%20Events&query_place_id=ChIJF7BRIAIP1moRplG4eqqBDUM,https://joygleeevents.com.au/,,+61 411 790 830,-37.9158519,145.0459699,False,Open 24 hours,Open 24 hours,Open 24 hours,Open 24 hours,Open 24 hours,Open 24 hours,Open 24 hours,False,False,True,False,False,5.0,5.0
Hospitality,Spice Kitchen Bundoora,Indian restaurant,"1268A Plenty Rd, Bundoora VIC 3083, Australia",Bundoora,https://www.google.com/maps/search/?api=1&query=Spice%20Kitchen%20Bundoora&query_place_id=ChIJ_zi5vm5J1moRRyxsGSbioBg,https://www.spicekitchenbundoora.com.au/,info@spicekitchenbundoora.com.au,+61 3 9292 3457,-37.7009209,145.0582991,False,Closed,5 to 11:30 PM,5 to 11:30 PM,5 to 11:30 PM,5 to 11:30 PM,9:30 AM to 11:30 PM,11:30 AM to 10:30 PM,False,False,True,False,True,238.0,4.3
Hospitality,Salvos Stores Bundoora,Thrift store,"1/89 Plenty Rd, Bundoora VIC 3083, Australia",Bundoora,https://www.google.com/maps/search/?api=1&query=Salvos%20Stores%20Bundoora&query_place_id=ChIJKYd7U0RP1moReJeRM1qRUog,https://www.salvosstores.com.au/stores/vic/3083-bundoora-964,,+61 3 9470 8704,-37.6948242,145.0596526,False,9:30 AM to 5:30 PM,9:30 AM to 5:30 PM,9:30 AM to 5:30 PM,9:30 AM to 5:30 PM,9:30 AM to 5:30 PM,9:30 AM to 5:30 PM,Closed,False,False,True,False,False,76.0,3.9
Hospitality,Shell Reddy Express Bundoora,Convenience store,"127-133 Plenty Rd &, Greenhills Rd, Bundoora VIC 3083, Australia",Bundoora,https://www.google.com/maps/search/?api=1&query=Shell%20Reddy%20Express%20Bundoora&query_place_id=ChIJD6UJf8ZI1moRPCpYtdO0dD0,https://www.reddyexpress.com.au/stores?utm_source=extnet&utm_medium=yext&utm_campaign=6849,,+61 3 8419 4521,-37.6921526,145.0621686,False,Open 24 hours,Open 24 hours,Open 24 hours,Open 24 hours,Open 24 hours,Open 24 hours,Open 24 hours,False,True,True,False,False,120.0,3.4
Hospitality,Catering Equipment Plus,Restaurant supply store,"58 Development Blvd, Mill Park VIC 3082, Australia",Mill Park,https://www.google.com/maps/search/?api=1&query=Catering%20Equipment%20Plus&query_place_id=ChIJgy2T-G1J1moRXku2bqr-Bxg,,,+61 405 298 112,-37.6616288,145.0824111,False,9 AM to 5 PM,9 AM to 5 PM,9 AM to 5 PM,9 AM to 5 PM,9 AM to 5 PM,Closed,Closed,False,True,True,False,False,,
Hospitality,Parkside Inn Motel & Conference Centre,Hotel,"1043-1049 Plenty Rd, Kingsbury VIC 3083, Australia",Kingsbury,https://www.google.com/maps/search/?api=1&query=Parkside%20Inn%20Motel%20%26%20Conference%20Centre&query_place_id=ChIJud3QY-9F1moRkbHCu7mBBRk,https://www.parksideinn.com.au/,info@parksideinn.com.au,+61 3 9467 3344,-37.7143114,145.044263,False,,,,,,,,False,False,False,False,False,195.0,2.9
Hospitality,La Porchetta | Best Italian Restaurant in Mill Park,Italian restaurant,"Plenty Road Corner of, 1/11 The Link, Mill Park VIC 3082, Australia",Mill Park,https://www.google.com/maps/search/?api=1&query=La%20Porchetta%20%7C%20Best%20Italian%20Restaurant%20in%20Mill%20Park&query_place_id=ChIJtbdn72tJ1moRbB30R-HUWH0,https://laporchetta.com.au/mill-park/,millpark@laporchetta.com.au,+61 3 9437 7070,-37.6593512,145.0753038,False,11:30 AM to 9 PM,11:30 AM to 9 PM,11:30 AM to 9 PM,11:30 AM to 9 PM,11:30 AM to 9 PM,11:30 AM to 9 PM,11:30 AM to 9 PM,False,True,True,True,True,833.0,4.1
Hospitality,Cargo Crew,Uniform store,"4 Scholar Dr, Bundoora VIC 3083, Australia",Bundoora,https://www.google.com/maps/search/?api=1&query=Cargo%20Crew&query_place_id=ChIJ1-ndK0dD1moR6zdYNHsA664,http://www.cargocrew.com.au/,hello@cargocrew.com.au,+61 3 9411 9850,-37.6850509,145.0735626,False,10 AM to 3 PM,10 AM to 3 PM,10 AM to 3 PM,10 AM to 3 PM,Closed,Closed,Closed,False,True,True,False,False,188.0,4.9
Hospitality,Hotel Renovations & Maintenance Pty. Ltd,Building restoration service,"58 Enterprise Dr, Bundoora VIC 3083, Australia",Bundoora,https://www.google.com/maps/search/?api=1&query=Hotel%20Renovations%20%26%20Maintenance%20Pty.%20Ltd&query_place_id=ChIJ22vEft831moRhW5gzfEm0kQ,http://www.hotelrenovationsandmaintenance.com.au/,office@hotelrm.com.au,+61 3 9473 9200,-37.6862287,145.0744992,False,8:30 AM to 4:30 PM,8:30 AM to 4:30 PM,8:30 AM to 4:30 PM,8:30 AM to 4:30 PM,8:30 AM to 3:30 PM,Closed,Closed,False,False,True,False,False,,
Hospitality,Roccella Italian Restaurant Bundoora,Italian restaurant,"t1/5 Janefield Dr, Bundoora VIC 3083, Australia",Bundoora,https://www.google.com/maps/search/?api=1&query=Roccella%20Italian%20Restaurant%20Bundoora&query_place_id=ChIJqUdseABJ1moRDPXwhsP3zng,https://www.roccellamelbourne.com.au/?utm_source=GMB&utm_medium=traffic&utm_campaign=direct&utm_term=website+home,functions@roccellaitalian.com.au,+61 3 9970 7111,-37.6823933,145.070346,False,7:30 AM to 8:30 PM,7:30 AM to 8:30 PM,7:30 AM to 8:30 PM,7:30 AM to 8:30 PM,7:30 AM to 9 PM,8 AM to 9 PM,8 AM to 8:30 PM,False,True,True,True,True,671.0,4.6
Hospitality,Quest Bundoora,Hotel,"40 Janefield Dr, Bundoora VIC 3083, Australia",Bundoora,https://www.google.com/maps/search/?api=1&query=Quest%20Bundoora&query_place_id=ChIJXRCrIOBI1moRewO5SNEz40g,https://www.questapartments.com.au/properties/vic/bundoora/quest-bundoora,,+61 3 8306 0600,-37.6823463,145.0733185,False,,,,,,,,False,False,False,False,False,582.0,4.7
Hospitality,Bundoora BMW,BMW dealer,"62 Enterprise Dr, Bundoora VIC 3083, Australia",Bundoora,https://www.google.com/maps/search/?api=1&query=Bundoora%20BMW&query_place_id=ChIJ7UvYL-FI1moREAnXUb4vmXA,https://www.bundoorabmw.com.au/,,+61 3 9468 8000,-37.6863365,145.0751037,False,7:30 AM to 6 PM,7:30 AM to 6 PM,7:30 AM to 6 PM,7:30 AM to 6 PM,7:30 AM to 6 PM,9 AM to 5 PM,Closed,False,True,True,False,False,616.0,4.6
Hospitality,Complete Catering Co,Catering food and drink supplier,"366 Victoria St, Richmond VIC 3121, Australia",Richmond,https://www.google.com/maps/search/?api=1&query=Complete%20Catering%20Co&query_place_id=ChIJxSmAORxD1moRf59BRcE4esA,http://www.completecateringco.com.au/,,+61 431 433 285,-37.8110029,145.0035957,False,7 AM to 5 PM,7 AM to 5 PM,7 AM to 5 PM,7 AM to 5 PM,7 AM to 5 PM,7 AM to 5 PM,10 AM to 5 PM,False,False,False,True,False,84.0,5.0
Hospitality,HungryHungry,Software company,"59 Fennell St, Port Melbourne VIC 3207, Australia",Port Melbourne,https://www.google.com/maps/search/?api=1&query=HungryHungry&query_place_id=ChIJE5WAHOFD1moRB0y2GGdoV1U,https://www.hungryhungry.com/?utm_source=google&utm_medium=gmbprofile&utm_campaign=gmb_update,gran@2x.jpg,+61 3 7036 0754,-37.8267148,144.9393925,False,Open 24 hours,Open 24 hours,Open 24 hours,Open 24 hours,Open 24 hours,Open 24 hours,Open 24 hours,False,True,False,False,False,124.0,4.3
Hospitality,Andy's home,Public bathroom,"Docklands VIC 3008, Australia",,https://www.google.com/maps/search/?api=1&query=Andy's%20home&query_place_id=ChIJGZaqVwBd1moRg9IvY-w9qBU,,,,-37.8233073,144.9418209,False,,,,,,,,False,True,False,False,False,1.0,5.0
Hospitality,Abbotsford Private Rooms & Pods @ 15 Charles Homestay,Hotel,"15 Charles St, Abbotsford VIC 3067, Australia",Abbotsford,https://www.google.com/maps/search/?api=1&query=Abbotsford%20Private%20Rooms%20%26%20Pods%20%40%2015%20Charles%20Homestay&query_place_id=ChIJO1fzq_xC1moR7LoDdyehukw,http://15charlesmansion.com/,annykinchan@gmail.com,+61 403 215 314,-37.808943,144.9944672,False,,,,,,,,False,False,False,False,False,188.0,3.8
Hospitality,East Coast Events,Event management company,"3/7 Grosvenor St, Abbotsford VIC 3067, Australia",Abbotsford,https://www.google.com/maps/search/?api=1&query=East%20Coast%20Events&query_place_id=ChIJjQCncVVC1moRnv4BegoNQ60,https://www.eastcoastevents.com.au/,alex@abna.com.au,+61 1300 728 669,-37.8104005,145.006164,False,9 AM to 5 PM,9 AM to 5 PM,9 AM to 5 PM,9 AM to 5 PM,9 AM to 5 PM,Closed,Closed,False,False,False,False,False,,
Hospitality,Eastern Commercial Furniture & Healthcare Furniture Australia,Office furniture store,"1F Marine Parade, Abbotsford VIC 3067, Australia",Abbotsford,https://www.google.com/maps/search/?api=1&query=Eastern%20Commercial%20Furniture%20%26%20Healthcare%20Furniture%20Australia&query_place_id=ChIJ9bHcywND1moRAXhxSN5Rew0,http://ecf.com.au/,info@ecf.com.au,+61 3 9818 5444,-37.8033609,144.9985965,False,8:30 AM to 5 PM,8:30 AM to 5 PM,8:30 AM to 5 PM,8:30 AM to 5 PM,8:30 AM to 5 PM,Closed,Closed,False,True,True,False,False,7.0,5.0
Hospitality,Dama Partners Consulting,Consultant,"428 Johnston St, Abbotsford VIC 3067, Australia",Abbotsford,https://www.google.com/maps/search/?api=1&query=Dama%20Partners%20Consulting&query_place_id=ChIJw-iNR0xd1moRu1VGN_WoRUQ,http://damaconsulting.com.au/,,+61 403 555 794,-37.8002642,144.9996105,False,9 AM to 5 PM,9 AM to 5 PM,9 AM to 5 PM,9 AM to 5 PM,9 AM to 5 PM,Closed,Closed,False,False,False,False,False,1.0,5.0
Hospitality,VERTA events,Mobile caterer,"251 Johnston St, Abbotsford VIC 3067, Australia",Abbotsford,https://www.google.com/maps/search/?api=1&query=VERTA%20events&query_place_id=ChIJl_JV8qoAdiMR0C582FCBtpU,http://www.vertaevents.com.au/,info@vertaevents.com.au,+61 499 403 733,-37.8001593,144.9947973,False,10 AM to 5 PM,10 AM to 5 PM,10 AM to 5 PM,10 AM to 5 PM,Closed,Closed,Closed,False,False,False,False,False,95.0,4.9
Hospitality,The Park Hotel,Pub,"191 Nicholson St, Abbotsford VIC 3067, Australia",Abbotsford,https://www.google.com/maps/search/?api=1&query=The%20Park%20Hotel&query_place_id=ChIJCzmDqQND1moRyVIrgod9LPI,https://www.theparkhotel.com.au/,park@theparkhotel.com.au,+61 3 9427 2030,-37.8028156,144.9970563,False,Closed,4 to 11 PM,4 to 11 PM,12 to 11 PM,12 PM to 12 AM,12 PM to 12 AM,12 to 10 PM,False,True,False,True,True,1040.0,4.7
Hospitality,One of Nine,Event venue,"203 Swan St, Richmond VIC 3121, Australia",Richmond,https://www.google.com/maps/search/?api=1&query=One%20of%20Nine&query_place_id=ChIJiwDuoVxD1moRNM3z7oZmHRI,http://www.oneofnine.com.au/,info@oneofnine.com.au,+61 481 194 968,-37.825616,144.9989,False,,,,,,,,False,False,False,False,False,56.0,4.9
Hospitality,V and C Commercial Catering Equipment,Manufacturer,"3/5 Crissane Rd, Heidelberg West VIC 3081, Australia",Heidelberg West,https://www.google.com/maps/search/?api=1&query=V%20and%20C%20Commercial%20Catering%20Equipment&query_place_id=ChIJ__-PHOBF1moRjFL468Rn5Xo,http://vnc.com.au/,,+61 3 9459 6111,-37.7288057,145.0490361,False,8 AM to 4 PM,8 AM to 4 PM,8 AM to 4 PM,8 AM to 4 PM,8 AM to 1:30 PM,Closed,Closed,False,False,True,False,False,1.0,5.0
Hospitality,Bread & Butta,Caterer,"5 Ring Rd, Bundoora VIC 3083, Australia",Bundoora,https://www.google.com/maps/search/?api=1&query=Bread%20%26%20Butta&query_place_id=ChIJBW9nMHpI1moRienuOHiVZ54,http://www.breadandbutta.com.au/,info@breadandbutta.com.au,+61 421 235 517,-37.7240564,145.0535013,False,8:30 AM to 2 PM,8:30 AM to 2 PM,8:30 AM to 2 PM,8:30 AM to 2 PM,8:30 AM to 2 PM,Closed,Closed,False,True,True,False,False,31.0,4.0
Hospitality,Commercial Hotel,Pub,"820 Plenty Rd, South Morang VIC 3752, Australia",South Morang,https://www.google.com/maps/search/?api=1&query=Commercial%20Hotel&query_place_id=ChIJ0ziwQH5J1moROg2MO6rqV50,https://www.commercialsouthmorang.com.au/,commercialhotelsouthmorang@alhgroup.com.au,+61 3 9407 1082,-37.6510054,145.0890916,False,12 to 10 PM,12 to 10 PM,12 to 10 PM,12 to 10 PM,12 to 11 PM,11 AM to 11 PM,12 to 10 PM,False,True,True,True,False,1285.0,4.1
Hospitality,Skill to Upskill - Education Support Service Provider,Education center,"Unit 112/43 Danaher Dr, South Morang VIC 3752, Australia",South Morang,https://www.google.com/maps/search/?api=1&query=Skill%20to%20Upskill%20-%20Education%20Support%20Service%20Provider&query_place_id=ChIJ0axOYKVH1moRh9z21IKeb5Y,https://skilltoupskill.com.au/,info@skilltoupskill.com.au,+61 3 9008 6595,-37.6474402,145.0860531,False,9:30 AM to 5:30 PM,9:30 AM to 5:30 PM,9:30 AM to 5:30 PM,9:30 AM to 5:30 PM,9:30 AM to 5:30 PM,Closed,Closed,False,True,True,True,True,133.0,5.0
Hospitality,Residentia Group,Wholesaler household appliances,"165 Barkly Ave, Burnley VIC 3121, Australia",Burnley,https://www.google.com/maps/search/?api=1&query=Residentia%20Group&query_place_id=ChIJ4wXL6JJC1moR2MpmyOCWpnY,http://www.residentiagroup.com.au/,sales@residentiagroup.com.au,+61 1300 114 357,-37.8301664,145.0074422,False,,,,,,,,False,True,True,False,False,1349.0,4.7
Hospitality,Institute of Hotel Management Australia,College,"261 Bridge Rd, Richmond VIC 3121, Australia",Richmond,https://www.google.com/maps/search/?api=1&query=Institute%20of%20Hotel%20Management%20Australia&query_place_id=ChIJs29II_FC1moROd5TuPSbd_M,,,+61 3 9427 1211,-37.8180942,144.9990079,False,,,,,,,,False,False,False,False,False,2.0,3.0
Hospitality,"The Motley Hotel Melbourne, Tapestry Collection by Hilton",Hotel,"205 Bridge Rd, Richmond VIC 3121, Australia",Richmond,https://www.google.com/maps/search/?api=1&query=The%20Motley%20Hotel%20Melbourne%2C%20Tapestry%20Collection%20by%20Hilton&query_place_id=ChIJlQI_d9xD1moRcpUgCrk3GBo,https://www.hilton.com/en/hotels/melmrup-the-motley-hotel-melbourne/?SEO_id=GMB-APAC-UP-MELMRUP,,+61 3 9046 2300,-37.8181877,144.996572,False,,,,,,,,False,False,False,False,False,235.0,4.8
Hospitality,Glasshaus Brücke,Event venue,"368 Bridge Rd, Richmond VIC 3121, Australia",Richmond,https://www.google.com/maps/search/?api=1&query=Glasshaus%20Br%C3%BCcke&query_place_id=ChIJodlmNtJD1moRwXi51PtvzfA,https://glasshaus.com.au/,info@glasshaus.com.au,+61 3 9421 4300,-37.8191564,145.0036282,False,,,,,,,,False,False,False,True,False,52.0,4.8
Hospitality,Public House - Richmond,Bar,"433-435 Church St, Richmond VIC 3121, Australia",Richmond,https://www.google.com/maps/search/?api=1&query=Public%20House%20-%20Richmond&query_place_id=ChIJlwPh8YxC1moRgekC18r1aWw,https://publichouse.com.au/,info@publichouse.com.au,+61 3 8840 4833,-37.8262047,144.9981104,False,Closed,Closed,Closed,12 to 10 PM,12 PM to 2 AM,12 PM to 2 AM,12 to 11 PM,True,False,False,False,False,725.0,3.9
Hospitality,WAYGOOD,Restaurant,"213 Swan St, Richmond VIC 3121, Australia",Richmond,https://www.google.com/maps/search/?api=1&query=WAYGOOD&query_place_id=ChIJwd9ppIxC1moR6EgTSE7j32g,https://www.waygood.com.au/,,+61 3 8456 0933,-37.82567,144.999282,False,Closed,5 to 10 PM,5 to 10 PM,5 to 10 PM,5 to 11 PM,1 to 11 PM,Closed,False,True,False,False,True,315.0,4.6
Hospitality,Bahari | The Hellenic Palate,Greek restaurant,"179 Swan St, Melbourne VIC 3121, Australia",Melbourne,https://www.google.com/maps/search/?api=1&query=Bahari%20%7C%20The%20Hellenic%20Palate&query_place_id=ChIJz3uC54xC1moRiLd_lbkKGUQ,http://www.bahari-richmond.com.au/,,+61 3 9427 7898,-37.8255448,144.9975876,False,Closed,5 to 10 PM,5 to 10 PM,5 to 10 PM,"12 to 3 PM, 5 to 11 PM","12 to 3 PM, 5 to 11 PM","12 to 3 PM, 5 to 10 PM",False,True,False,True,True,645.0,4.4
Hospitality,Spaghetti Club,Italian restaurant,"95 Swan St, Richmond VIC 3121, Australia",Richmond,https://www.google.com/maps/search/?api=1&query=Spaghetti%20Club&query_place_id=ChIJp7enpvFD1moR1TQXbL_unlU,https://www.spaghetticlub.com.au/,INFO@MAMASDININGGROUP.COM.AU,+61 3 9969 9953,-37.825096,144.99419,False,5 to 11 PM,"12 to 3 PM, 5 to 11 PM","12 to 3 PM, 5 to 11 PM","12 to 3 PM, 5 to 11 PM",12 to 11 PM,12 to 11 PM,12 to 11 PM,False,True,False,True,True,92.0,4.5
Hospitality,Tikka Shikka,Caterer,"205 Swan St, Richmond VIC 3121, Australia",Richmond,https://www.google.com/maps/search/?api=1&query=Tikka%20Shikka&query_place_id=ChIJ33efdzJD1moR0Q3kdiW7cvg,https://tikkashikka.com.au/,info@tikkashikka.com.au,+61 433 276 903,-37.8256719,144.9989312,False,5 to 11 PM,5 to 11 PM,5 to 11 PM,5 to 11 PM,5 to 11 PM,5 to 11 PM,5 to 11 PM,False,False,False,False,False,123.0,4.9
Hospitality,Northern Kia,Kia dealer,"417 Grimshaw St, Bundoora VIC 3083, Australia",Bundoora,https://www.google.com/maps/search/?api=1&query=Northern%20Kia&query_place_id=ChIJucVhE5VI1moRo7CRrDMt8d0,http://www.northernkia.com.au/,,+61 3 9119 9090,-37.701874,145.0741187,False,8:30 AM to 5:30 PM,8:30 AM to 5:30 PM,8:30 AM to 5:30 PM,8:30 AM to 5:30 PM,8:30 AM to 5:30 PM,8:45 AM to 5 PM,Closed,False,True,True,True,True,561.0,4.7
Hospitality,Fitzroy Private Rooms @ 132 Nicholson Homestay,Hotel,"132/134 Nicholson St, Fitzroy VIC 3065, Australia",Fitzroy,https://www.google.com/maps/search/?api=1&query=Fitzroy%20Private%20Rooms%20%40%20132%20Nicholson%20Homestay&query_place_id=ChIJ8ZmEVaRD1moRGWEjqlD13qE,https://fitzroyprivatehomestay.hotels-melbourne.net/,,+61 403 215 314,-37.8015813,144.9745343,False,,,,,,,,False,False,False,False,False,155.0,4.7
Hospitality,St Andrews Hotel - Fitzroy,Pub,"124 Nicholson St, Fitzroy VIC 3065, Australia",Fitzroy,https://www.google.com/maps/search/?api=1&query=St%20Andrews%20Hotel%20-%20Fitzroy&query_place_id=ChIJ9VEvhdlC1moRyppyfTCVCTs,https://www.standrewshotel.com.au/,,+61 3 9417 2817,-37.8017926,144.9744609,False,Closed,12 to 11 PM,12 to 11 PM,12 to 11 PM,12 PM to 12 AM,12 PM to 12 AM,12 to 10 PM,False,True,True,True,True,753.0,4.5
Hospitality,TWILIGHT CITY,Bar,"105-107 Brunswick St, Fitzroy VIC 3065, Australia",Fitzroy,https://www.google.com/maps/search/?api=1&query=TWILIGHT%20CITY&query_place_id=ChIJz4kQ_2lD1moRarzsW0DhEUM,http://twilightcity.com.au/,Twilight.city@icloud.com,,-37.8043557,144.9773145,False,Closed,5 PM to 1 AM,5 PM to 1 AM,5 PM to 1 AM,5 PM to 1 AM,5 PM to 1 AM,5 PM to 1 AM,False,False,False,False,False,13.0,5.0
Hospitality,St Mary’s House of Welcome [SMHOW] | Melbourne Homeless Charity,Homeless service,"165/169 Brunswick St, Fitzroy VIC 3065, Australia",Fitzroy,https://www.google.com/maps/search/?api=1&query=St%20Mary%E2%80%99s%20House%20of%20Welcome%20%5BSMHOW%5D%20%7C%20Melbourne%20Homeless%20Charity&query_place_id=ChIJc91fS9lC1moRJZ7LtG1-XY8,https://www.smhow.org.au/,6497operations@smhow.org.au,+61 3 9417 6497,-37.8025104,144.9775628,False,8:30 AM to 4 PM,8:30 AM to 4 PM,8:30 AM to 4 PM,8:30 AM to 4 PM,8:30 AM to 4 PM,8 AM to 12 PM,Closed,False,True,True,True,True,71.0,4.5
Hospitality,Propti Design,Interior designer,"Blackburn Rd, Doncaster East VIC 3109, Australia",Doncaster East,https://www.google.com/maps/search/?api=1&query=Propti%20Design&query_place_id=ChIJaU1PL3MJnQ0RyI22kM_jO0A,https://www.proptidesign.com.au/,info@mysite.com,+61 403 222 489,-37.7805634,145.1635955,False,8:30 AM to 5:30 PM,8:30 AM to 5:30 PM,8:30 AM to 5:30 PM,8:30 AM to 5:30 PM,8:30 AM to 5:30 PM,Closed,Closed,False,False,True,False,False,4.0,5.0
Hospitality,lyf Collingwood Melbourne,Serviced accommodation,"42 Oxford St, Collingwood VIC 3066, Australia",Collingwood,https://www.google.com/maps/search/?api=1&query=lyf%20Collingwood%20Melbourne&query_place_id=ChIJkU0hSLRD1moR_Kmoi31WwDQ,https://www.discoverasr.com/en/lyf/australia/lyf-collingwood-melbourne?utm_source=google&utm_medium=maps&utm_campaign=hq-google-gbp-alwayson-20240531-all-en-au-au-lyfcollingwoodmelbourne-eme-gbp,lyf.collingwood@the-ascott.com,+61 3 9977 5988,-37.8061969,144.9845936,False,,,,,,,,False,False,False,False,False,285.0,4.4
Hospitality,LOKE,Software company,"5 Glasshouse Rd, Collingwood VIC 3066, Australia",Collingwood,https://www.google.com/maps/search/?api=1&query=LOKE&query_place_id=ChIJfwV9wpBC1moRyKMP3b2Ufog,http://www.loke.com.au/,support@loke.global,+61 1300 349 469,-37.805445,144.987165,False,9:30 AM to 6:30 PM,9:30 AM to 6:30 PM,9:30 AM to 6:30 PM,9:30 AM to 6:30 PM,9:30 AM to 6:30 PM,Closed,Closed,False,False,False,False,False,13.0,4.2
Hospitality,Melbourne Metropole Central Apartment Hotel,Hotel,"44 Brunswick St, Fitzroy VIC 3065, Australia",Fitzroy,https://www.google.com/maps/search/?api=1&query=Melbourne%20Metropole%20Central%20Apartment%20Hotel&query_place_id=ChIJyT6he9tC1moRMdlPDnQGmdg,http://www.metropolecentral.com.au/,reservations@metropolecentral.com.au,+61 3 9411 8100,-37.806269,144.9774785,False,,,,,,,,False,False,False,False,False,1173.0,4.2
Hospitality,Comfort Apartments Royal Gardens,Hotel,"8 Royal Ln, Fitzroy VIC 3065, Australia",Fitzroy,https://www.google.com/maps/search/?api=1&query=Comfort%20Apartments%20Royal%20Gardens&query_place_id=ChIJteAUcEdD1moRFfPKrOZ2O9s,https://www.choicehotels.com/victoria/fitzroy/comfort-inn-hotels/au967?mc=llgoxxap,,+61 3 9419 9888,-37.8046912,144.9746949,False,,,,,,,,False,False,False,False,False,117.0,4.4
Hospitality,Bentwood Fitzroy Cafe,Cafe,"237 Napier St, Fitzroy VIC 3065, Australia",Fitzroy,https://www.google.com/maps/search/?api=1&query=Bentwood%20Fitzroy%20Cafe&query_place_id=ChIJ6_sNdN9C1moR5zcuxFy0TXs,http://bentwoodfitzroy.com.au/,touchbase@bentwoodfitzroy.com.au,+61 3 9419 1614,-37.8006639,144.9802,False,7 AM to 3 PM,7 AM to 3 PM,7 AM to 3 PM,7 AM to 3 PM,7 AM to 3 PM,7:30 AM to 3 PM,7:30 AM to 3 PM,False,True,True,True,True,622.0,4.0
Hospitality,Clocktower Apartment Hotel Melbourne,Hotel,"Shop 27/255 Drummond St, Carlton VIC 3053, Australia",Carlton,https://www.google.com/maps/search/?api=1&query=Clocktower%20Apartment%20Hotel%20Melbourne&query_place_id=ChIJD9ZRttZC1moRUpHq1-eODOY,https://www.clocktower.com.au/,res@clocktower.com.au,+61 3 9349 9700,-37.8000686,144.968366,False,,,,,,,,False,False,False,False,False,155.0,4.2
Hospitality,Taylor Knights,Architect,"15/108 Moor St, Fitzroy VIC 3065, Australia",Fitzroy,https://www.google.com/maps/search/?api=1&query=Taylor%20Knights&query_place_id=ChIJwzwseOBC1moRa56issHOmPI,http://taylorknights.com.au/,office@taylorknights.com.au,+61 3 9417 6862,-37.801756,144.978445,False,9 AM to 5:30 PM,9 AM to 5:30 PM,9 AM to 5:30 PM,9 AM to 5:30 PM,9 AM to 5:30 PM,Closed,Closed,False,False,False,False,False,10.0,5.0
Hospitality,Builders Arms Hotel,Pub,"211 Gertrude St, Fitzroy VIC 3065, Australia",Fitzroy,https://www.google.com/maps/search/?api=1&query=Builders%20Arms%20Hotel&query_place_id=ChIJ-bOawN1C1moRBG3llVDC8pU,http://www.buildersarmshotel.com.au/,info@buildersarmshotel.com.au,+61 3 9417 7700,-37.806005,144.9816518,False,12 to 11 PM,12 to 11 PM,12 to 11 PM,12 to 11 PM,12 to 11 PM,12 to 11 PM,12 to 11 PM,False,True,False,True,False,1631.0,4.3
Hospitality,Napier Hotel,Pub,"210 Napier St, Fitzroy VIC 3065, Australia",Fitzroy,https://www.google.com/maps/search/?api=1&query=Napier%20Hotel&query_place_id=ChIJNfggB99C1moRzCQUqUGiRH0,http://thenapierhotel.com.au/,bookings@thenapierhotel.com.au,+61 3 9419 4240,-37.8016513,144.9803884,False,3 to 11 PM,3 to 11 PM,3 to 11 PM,3 to 11 PM,12 PM to 12 AM,12 PM to 12 AM,12 to 11 PM,False,False,False,True,False,1661.0,4.6
Hospitality,Allow Me Solutions Pty Ltd,Software company,"26/32 King William St, Fitzroy VIC 3065, Australia",Fitzroy,https://www.google.com/maps/search/?api=1&query=Allow%20Me%20Solutions%20Pty%20Ltd&query_place_id=ChIJlcMbedlC1moRpgc2vZFIW3M,http://allowme.world/,,+61 430 381 770,-37.8022763,144.9751516,False,,,,,,,,False,False,False,False,False,,
Hospitality,Drummond Street Services,Mental health service,"100 Drummond St, Carlton VIC 3053, Australia",Carlton,https://www.google.com/maps/search/?api=1&query=Drummond%20Street%20Services&query_place_id=ChIJ10srFdFC1moRjAwGaAOnsOU,http://www.ds.org.au/,,+61 3 9663 6733,-37.8043894,144.9681606,False,9 AM to 5 PM,9 AM to 7 PM,9 AM to 5 PM,9 AM to 5 PM,9 AM to 5 PM,Closed,Closed,False,True,True,True,True,12.0,4.5
Hospitality,The Best Western Plus Travel Inn Hotel,Hotel,"225 Drummond St, Carlton VIC 3053, Australia",Carlton,https://www.google.com/maps/search/?api=1&query=The%20Best%20Western%20Plus%20Travel%20Inn%20Hotel&query_place_id=ChIJ_7gEN9FC1moRMFOPsdtieeE,http://www.thetravelinn.com.au/,res@travelinn.net.au,+61 3 9347 7922,-37.8004361,144.9682137,False,,,,,,,,False,False,False,False,False,587.0,4.1
Hospitality,R & S Tyre and Auto,Tire shop,"673 Waterdale Rd, Heidelberg West VIC 3081, Australia",Heidelberg West,https://www.google.com/maps/search/?api=1&query=R%20%26%20S%20Tyre%20and%20Auto&query_place_id=ChIJ3R0HowpG1moRhzP1rCt1K00,https://www.randstyres.com.au/,,+61 3 9459 3386,-37.7287755,145.0498113,False,8 AM to 5 PM,8 AM to 5 PM,8 AM to 5 PM,8 AM to 5 PM,8 AM to 5 PM,8 AM to 2 PM,9 AM to 2 PM,False,True,True,False,False,250.0,4.7
Hospitality,Rydges Melbourne,Hotel,"186 Exhibition St, Melbourne VIC 3000, Australia",Melbourne,https://www.google.com/maps/search/?api=1&query=Rydges%20Melbourne&query_place_id=ChIJGx34w8hC1moRP_RjDusr0Zs,https://www.rydges.com/accommodation/melbourne-vic/melbourne-cbd/?utm_source=google&utm_medium=organic&utm_campaign=gmb,contactus@priorityguestrewards.com.au,+61 3 9662 0511,-37.8112221,144.970649,False,,,,,,,,False,False,False,False,False,2430.0,4.1
Hospitality,Park Hyatt Melbourne,Hotel,"1 Parliament Square, off, Parliament Pl, Melbourne VIC 3002, Australia",Melbourne,https://www.google.com/maps/search/?api=1&query=Park%20Hyatt%20Melbourne&query_place_id=ChIJN92GPsRC1moRORPubhGOXn8,https://www.hyatt.com/park-hyatt/en-US/melph-park-hyatt-melbourne?src=corp_lclb_google_seo_melph&utm_source=google&utm_medium=organic&utm_campaign=lmr,,+61 3 9224 1234,-37.8113526,144.9755666,False,,,,,,,,False,False,False,False,False,2608.0,4.6
Hospitality,Executive Stay,Serviced accommodation,"27 Little Collins St, Melbourne VIC 3000, Australia",Melbourne,https://www.google.com/maps/search/?api=1&query=Executive%20Stay&query_place_id=ChIJT7A8DV5D1moRhmC82eHuWl0,https://executivestay.com.au/,,+61 451 130 000,-37.81278,144.972668,False,,,,,,,,False,False,False,False,False,11.0,3.5
Hospitality,Tourism Accommodation Australia Victoria,Association / Organization,"Level 1/1 Little Collins St, Melbourne VIC 3000, Australia",Melbourne,https://www.google.com/maps/search/?api=1&query=Tourism%20Accommodation%20Australia%20Victoria&query_place_id=ChIJ-eZQYXND1moRgjOzrECawy8,http://taavic.com.au/,Enquiries@aavic.com.au,+61 3 8631 7904,-37.8125281,144.9733347,False,9 AM to 5 PM,9 AM to 5 PM,9 AM to 5 PM,9 AM to 5 PM,9 AM to 5 PM,Closed,Closed,False,True,False,False,False,,
Hospitality,Enter Via Laundry,Restaurant,"507 Nicholson St, Carlton North VIC 3054, Australia",Carlton North,https://www.google.com/maps/search/?api=1&query=Enter%20Via%20Laundry&query_place_id=ChIJSzBSfeJD1moR0st6EB74tmk,https://entervialaundry.com.au/,EnterViaLaundry_HiRes@Atti.Co,+61 483 373 804,-37.7875822,144.976443,False,Closed,Closed,6 to 10:30 PM,6 to 11 PM,6 to 11 PM,6 to 11 PM,Closed,False,False,False,False,False,241.0,4.4
Hospitality,Aunty Kim's,Event venue,"92-94 Johnston St, Collingwood VIC 3066, Australia",Collingwood,https://www.google.com/maps/search/?api=1&query=Aunty%20Kim's&query_place_id=ChIJycUhmh5D1moRDvG3WUIU1Sc,https://auntykims.com/,events@auntykims.com,+61 456 009 448,-37.7991786,144.9881128,False,12 to 10 PM,12 to 10 PM,12 to 10 PM,12 to 10 PM,12 to 10 PM,12 to 10 PM,12 to 10 PM,False,False,False,True,False,225.0,5.0
Hospitality,Forty Winks Thomastown,Mattress store,"18/24 Dalton Rd, Thomastown VIC 3074, Australia",Thomastown,https://www.google.com/maps/search/?api=1&query=Forty%20Winks%20Thomastown&query_place_id=ChIJ0xEKdEJP1moRXPR-WtD4fhA,https://www.fortywinks.com.au/?utm_source=google&utm_medium=organic&utm_campaign=google_my_business&utm_content=forty_winks_thomastown,,+61 3 9917 2352,-37.6910324,145.0274047,False,9 AM to 5:30 PM,9 AM to 5:30 PM,9 AM to 5:30 PM,9 AM to 5:30 PM,9 AM to 5:30 PM,9 AM to 5 PM,10 AM to 5 PM,False,True,True,False,False,154.0,4.5
Hospitality,The Smoke Pit,Restaurant,"267 Settlement Rd, Thomastown VIC 3074, Australia",Thomastown,https://www.google.com/maps/search/?api=1&query=The%20Smoke%20Pit&query_place_id=ChIJ5ds2db1J1moRSEK9i_Pdc_M,https://www.thesmokepit.com.au/,,+61 3 9939 3918,-37.691644,145.0285821,False,Closed,Closed,12 to 9 PM,12 to 9 PM,12 to 9 PM,12 to 9 PM,12 to 9 PM,False,True,True,True,True,709.0,4.4
Hospitality,Plough Hotel,Pub,"360 Childs Rd, Mill Park VIC 3082, Australia",Mill Park,https://www.google.com/maps/search/?api=1&query=Plough%20Hotel&query_place_id=ChIJv7hxyjpJ1moRI4lR1RtjyiM,https://www.theploughhotel.com.au/,plough.hotel@alhgroup.com.au,+61 3 9404 2611,-37.6675107,145.0613347,False,10 AM to 4 AM,10 AM to 4 AM,10 AM to 4 AM,10 AM to 4 AM,10 AM to 4 AM,10 AM to 4 AM,10 AM to 4 AM,False,True,True,True,False,535.0,4.0
Hospitality,"The StandardX, Melbourne",Hotel,"62 Rose St, Fitzroy VIC 3065, Australia",Fitzroy,https://www.google.com/maps/search/?api=1&query=The%20StandardX%2C%20Melbourne&query_place_id=ChIJKTNweHtD1moRl1bOZnhFS4c,https://www.hyatt.com/the-standardx/en-US/melsx-the-standardx-melbourne?src=corp_lclb_google_seo_melsx&utm_source=google&utm_medium=organic&utm_campaign=lmr,,+61 3 9124 4800,-37.7960459,144.9774903,False,,,,,,,,False,False,False,False,False,226.0,4.7
Hospitality,Royal Derby Hotel,Hotel,"446 Brunswick St, Fitzroy VIC 3065, Australia",Fitzroy,https://www.google.com/maps/search/?api=1&query=Royal%20Derby%20Hotel&query_place_id=ChIJT9jOwCND1moR77Kj0QbQC54,https://royalderbyhotel.com.au/,enquiries@royalderbyhotel.com.au,+61 3 9417 2321,-37.7936213,144.9795589,False,,,,,,,,False,True,False,True,False,389.0,4.2
Hospitality,Veriu Collingwood,Hotel,"25 Johnston St, Collingwood VIC 3066, Australia",Collingwood,https://www.google.com/maps/search/?api=1&query=Veriu%20Collingwood&query_place_id=ChIJlavdBsJD1moRgiHwlEAubjE,https://veriu.com.au/hotels/veriu-collingwood/,collingwood@veriu.com.au,+61 3 9989 8100,-37.7992537,144.985526,False,,,,,,,,False,False,False,False,False,245.0,4.5
Hospitality,Napier Quarter,Wine bar,"359 Napier St, Fitzroy VIC 3065, Australia",Fitzroy,https://www.google.com/maps/search/?api=1&query=Napier%20Quarter&query_place_id=ChIJy2gupCFD1moRxVIY1oZ-58Y,http://napierquarter.com.au/,HQ@napierquarter.com.au,+61 3 9416 0666,-37.796832,144.980839,False,8 AM to 10 PM,8 AM to 10 PM,8 AM to 10 PM,8 AM to 10 PM,8 AM to 10 PM,9 AM to 10 PM,12 to 6 PM,False,False,False,False,False,521.0,4.1
Hospitality,Hotel Collingwood,Pub,"376 Smith St, Collingwood VIC 3066, Australia",Collingwood,https://www.google.com/maps/search/?api=1&query=Hotel%20Collingwood&query_place_id=ChIJO2hLFR9D1moRof3yLDXcbN4,https://www.hotelcollingwood.com.au/,info@hotelcollingwood.com.au,+61 3 4714 0491,-37.7977269,144.9846628,False,12 PM to 1 AM,12 PM to 1 AM,12 PM to 1 AM,12 PM to 1 AM,12 PM to 1 AM,12 PM to 1 AM,12 PM to 1 AM,False,True,False,True,False,950.0,4.1
Hospitality,Brandon Hotel,Pub,"237 Station St, Carlton North VIC 3054, Australia",Carlton North,https://www.google.com/maps/search/?api=1&query=Brandon%20Hotel&query_place_id=ChIJh4ISrSVD1moREEo3LzmWUdY,http://www.brandonhotel.com.au/,info@brandonhotel.com.au,+61 3 9347 2382,-37.7913346,144.9748253,False,3 to 11 PM,3 to 11 PM,3 to 11 PM,3 to 11 PM,12 to 11 PM,12 to 11 PM,12 to 11 PM,False,True,True,True,False,381.0,4.3
Hospitality,Henry Sugar,Restaurant,"296-298 Rathdowne St, Carlton North VIC 3054, Australia",Carlton North,https://www.google.com/maps/search/?api=1&query=Henry%20Sugar&query_place_id=ChIJ3Y-XUC9D1moRjJNVBtUSSjs,http://www.henrysugar.com.au/,hello@henrysugar.com.au,+61 3 9448 8196,-37.7916206,144.9717598,False,5 to 10 PM,Closed,Closed,5 to 11 PM,5 to 11 PM,5 to 11 PM,12:30 to 10 PM,False,True,True,True,True,803.0,4.8
Hospitality,San Remo Ballroom,Wedding venue,"365 Nicholson St, Carlton North VIC 3054, Australia",Carlton North,https://www.google.com/maps/search/?api=1&query=San%20Remo%20Ballroom&query_place_id=ChIJMcEcWSRD1moR4ZeCblEgj7o,http://srbevents.melbourne/,events@sanremoballroom.com.au,,-37.7913603,144.9759017,False,Closed,9 AM to 5 PM,9 AM to 5 PM,9 AM to 5 PM,9 AM to 5 PM,9 AM to 5 PM,Closed,False,True,True,True,False,364.0,4.4
Hospitality,Nightelier Doncaster,Hotel,"845-855 Doncaster Rd, Doncaster VIC 3108, Australia",Doncaster,https://www.google.com/maps/search/?api=1&query=Nightelier%20Doncaster&query_place_id=ChIJj5e-WGI51moR3kVS4EaXYzo,https://nightelier.nighteliercollective.com.au/content/alh-hotels/nightelier/web/home/our-hotels/nightelier-doncaster,,+61 3 8848 1600,-37.7865316,145.1431847,False,,,,,,,,False,False,False,False,False,84.0,4.7
Hospitality,De Nova Group Pty Ltd.,Architecture firm,"9/857 Doncaster Rd, Doncaster East VIC 3108, Australia",Doncaster East,https://www.google.com/maps/search/?api=1&query=De%20Nova%20Group%20Pty%20Ltd.&query_place_id=ChIJ91-ZEvg41moREE77wj5WH2E,http://www.denovagroup.com.au/,email@denovagroup.com.au,+61 3 9848 8777,-37.7868253,145.1444673,False,9 AM to 5 PM,9 AM to 5 PM,9 AM to 5 PM,9 AM to 5 PM,9 AM to 4 PM,Closed,Closed,False,True,True,False,False,15.0,4.5
Hospitality,Retail Savvy Group,Corporate office,"25 Gwynne St, Cremorne VIC 3121, Australia",Cremorne,https://www.google.com/maps/search/?api=1&query=Retail%20Savvy%20Group&query_place_id=ChIJG-hSZINC1moRr-ulEDjpW2I,http://retailsavvygroup.com/,info@retailsavvygroup.com,+61 3 9825 8900,-37.827641,144.9934239,False,9 AM to 5 PM,9 AM to 5 PM,9 AM to 5 PM,9 AM to 5 PM,9 AM to 5 PM,Closed,Closed,False,True,False,False,False,5.0,2.6
Hospitality,Revstar Group,Consultant,"Level 2/65 Dover St, Cremorne VIC 3121, Australia",Cremorne,https://www.google.com/maps/search/?api=1&query=Revstar%20Group&query_place_id=ChIJx8OvX0hD1moRYFY-S2uWJ5c,https://www.revstargroup.com/,info@revstargroup.com,+61 1300 640 884,-37.827334,144.9920779,False,8 AM to 6 PM,8 AM to 6 PM,8 AM to 6 PM,8 AM to 6 PM,8 AM to 6 PM,Closed,Closed,False,False,False,False,False,4.0,5.0
Hospitality,OUTSOURCEY,Business to business service,"Bldg 1, Level 1/658 Church St, Cremorne VIC 3121, Australia",Cremorne,https://www.google.com/maps/search/?api=1&query=OUTSOURCEY&query_place_id=ChIJUys3D-ZD1moRtSouABH1GhE,https://outsourcey.com/?utm_source=google&utm_medium=organic&utm_campaign=google_business_profile,subscriptions@firstpage.com.au,+61 1300 854 808,-37.8328816,144.9954271,False,9 AM to 5:30 PM,9 AM to 5:30 PM,9 AM to 5:30 PM,9 AM to 5:30 PM,9 AM to 5:30 PM,Closed,Closed,False,False,False,True,True,21.0,5.0
Hospitality,The Grey Smith,Cafe,"126 Wellington Parade, East Melbourne VIC 3002, Australia",East Melbourne,https://www.google.com/maps/search/?api=1&query=The%20Grey%20Smith&query_place_id=ChIJP7G3MupC1moRPWpV_902P0s,https://thegreysmith.com.au/,booking@thegreysmith.com.au,+61 3 9997 9010,-37.8162958,144.9858732,False,6 AM to 4 PM,6 AM to 4 PM,6 AM to 4 PM,6 AM to 4 PM,6 AM to 4 PM,6:30 AM to 2:30 PM,Closed,False,True,False,False,True,127.0,4.1
Hospitality,Mt View Hotel,Pub,"68/70 Bridge Rd, Richmond VIC 3121, Australia",Richmond,https://www.google.com/maps/search/?api=1&query=Mt%20View%20Hotel&query_place_id=ChIJ2cdr2O1C1moRANQmeH32rzE,http://www.mtviewhotel.com.au/,605a7baede844d278b89dc95ae0a9123@sentry-next.wixpress.com,+61 3 9428 3973,-37.8180111,144.9921556,False,12 to 11 PM,12 to 11 PM,12 to 11 PM,12 to 11 PM,12 PM to 1 AM,12 PM to 1 AM,12 to 11 PM,False,True,False,True,False,1222.0,4.3
Hospitality,Georgian Court Inn,Bed & breakfast,"21 George St, East Melbourne VIC 3002, Australia",East Melbourne,https://www.google.com/maps/search/?api=1&query=Georgian%20Court%20Inn&query_place_id=ChIJzaO9sO5C1moR73dZL5azCGI,https://georgiancourt.com.au/,,+61 3 9415 8221,-37.815876,144.989385,False,,,,,,,,False,False,False,False,False,279.0,3.4
Hospitality,Quest East Melbourne,Hotel,"48 Wellington Parade, East Melbourne VIC 3002, Australia",East Melbourne,https://www.google.com/maps/search/?api=1&query=Quest%20East%20Melbourne&query_place_id=ChIJ8Z_Q_-tC1moR4dHlgmNdzOs,https://www.questapartments.com.au/properties/vic/east-melbourne/quest-east-melbourne/overview?utm_source=GoogleMyBusiness&utm_medium=organic&utm_campaign=eastmelbourne,,+61 3 9413 0000,-37.8165845,144.9885917,False,,,,,,,,False,False,False,False,False,186.0,4.0
Hospitality,The Kingston,Pub,"55 Highett St, Richmond VIC 3121, Australia",Richmond,https://www.google.com/maps/search/?api=1&query=The%20Kingston&query_place_id=ChIJ57xGxO9C1moRo0RIRQRirQc,https://www.thekingston.com.au/,bookings@thekingston.com.au,+61 3 9428 5841,-37.815,144.9933333,False,4 to 10 PM,12 to 10 PM,12 to 10 PM,12 to 11 PM,12 PM to 12 AM,12 PM to 12 AM,12 to 10 PM,False,False,False,True,False,961.0,4.4
Hospitality,Vermilion Ventures,,"9 Ormond Blvd, Bundoora VIC 3083, Australia",Bundoora,https://www.google.com/maps/search/?api=1&query=Vermilion%20Ventures&query_place_id=ChIJa5mIKCBJ1moR06dfglARUGk,https://vermiliong.com.au/about-us/,,+61 1300 000 000,-37.6789621,145.0712379,False,,,,,,,,False,False,False,False,False,,
Hospitality,"Degani Unihill, Bundoora",Cafe,"17 Janefield Dr, Bundoora VIC 3083, Australia",Bundoora,https://www.google.com/maps/search/?api=1&query=Degani%20Unihill%2C%20Bundoora&query_place_id=ChIJq7vgSeBI1moRRYFDYnnY75U,http://www.degani.com.au/,,+61 3 9000 5857,-37.6824235,145.0708525,False,6:45 AM to 4:30 PM,6:45 AM to 4:30 PM,6:45 AM to 4:30 PM,6:45 AM to 7:30 PM,6:45 AM to 7:30 PM,6:45 AM to 7:30 PM,6:45 AM to 4:30 PM,False,True,True,True,True,584.0,3.6
Hospitality,Prince Alfred Richmond,Hotel,"619 Church St, Richmond VIC 3121, Australia",Richmond,https://www.google.com/maps/search/?api=1&query=Prince%20Alfred%20Richmond&query_place_id=ChIJrU7tdY9C1moRiIq1ldibHQ0,https://www.princealfredhotel.com.au/?utm_source=google&utm_medium=organic&utm_campaign=gmb&utm_term=plcid_10106887829316314366,info@princealfredhotel.com.au,+61 3 8563 0046,-37.8324441,144.9969361,False,,,,,,,,False,True,False,True,False,1232.0,4.3
Hospitality,Operandio,Software company,"1 Yarra St, Richmond VIC 3121, Australia",Richmond,https://www.google.com/maps/search/?api=1&query=Operandio&query_place_id=ChIJlQjB5F5D1moRTeRghmO41WQ,https://operandio.com/,,+61 3 7057 1572,-37.8318525,144.9971318,False,Open 24 hours,Open 24 hours,Open 24 hours,Open 24 hours,Open 24 hours,Open 24 hours,Open 24 hours,False,False,False,False,False,3.0,5.0
Hospitality,Lounge Lovers,Furniture store,"587-593 Church St, Richmond VIC 3121, Australia",Richmond,https://www.google.com/maps/search/?api=1&query=Lounge%20Lovers&query_place_id=ChIJKUIfqdFD1moRTcodx41ZcZE,https://www.loungelovers.com.au/showrooms/richmond-showroom,richmond@loungelovers.com.au,+61 3 8488 7205,-37.831474,144.997088,False,10 AM to 6 PM,10 AM to 6 PM,10 AM to 6 PM,10 AM to 6 PM,10 AM to 6 PM,10 AM to 6 PM,10 AM to 6 PM,False,True,True,False,False,488.0,4.4
Hospitality,Woolworths The Pines,Supermarket,"181 Reynolds Rd, Doncaster East VIC 3109, Australia",Doncaster East,https://www.google.com/maps/search/?api=1&query=Woolworths%20The%20Pines&query_place_id=ChIJ3-jHqzs41moRWcTgdion3L0,https://www.woolworths.com.au/shop/storelocator/vic-doncaster-east-3301?utm_source=google&utm_medium=organic&utm_campaign=googleplaces&utm_content=woolworths_supermarkets_3301,,+61 3 8841 7630,-37.7622651,145.1686291,False,7 AM to 10 PM,7 AM to 10 PM,7 AM to 10 PM,7 AM to 10 PM,7 AM to 10 PM,7 AM to 9 PM,7 AM to 9 PM,False,True,True,False,False,426.0,4.0
Hospitality,Seng's Kitchen 點都好,Restaurant,"34 Tunstall Square, Doncaster East VIC 3109, Australia",Doncaster East,https://www.google.com/maps/search/?api=1&query=Seng's%20Kitchen%20%E9%BB%9E%E9%83%BD%E5%A5%BD&query_place_id=ChIJhTaoG4451moRqyqEXTG8BNU,https://sengskitchen.tuckerfox.com.au/,,+61 430 018 280,-37.7920261,145.170064,False,"11 AM to 3 PM, 5 to 9 PM","11 AM to 3 PM, 5 to 9 PM",Closed,"11 AM to 3 PM, 5 to 9 PM","11 AM to 3 PM, 5 to 9 PM","11 AM to 3 PM, 5 to 9 PM","11 AM to 3 PM, 5 to 9 PM",False,False,True,False,False,221.0,4.6
Hospitality,IKEA Restaurant,Swedish restaurant,"630 Victoria St, Richmond VIC 3121, Australia",Richmond,https://www.google.com/maps/search/?api=1&query=IKEA%20Restaurant&query_place_id=ChIJwSFDe5JD1moR49rP8orrszY,https://www.ikea.com/au/en/stores/richmond/?utm_source=gmb&utm_medium=richmond&utm_campaign=GMB,,+61 3 8523 2154,-37.8122418,145.0108122,False,9:30 AM to 8:30 PM,9:30 AM to 8:30 PM,9:30 AM to 8:30 PM,9:30 AM to 8:30 PM,9:30 AM to 8:30 PM,9:30 AM to 8:30 PM,9:30 AM to 6:30 PM,False,True,True,True,True,221.0,4.0
Hospitality,Ruckers Hill,French restaurant,"83 High St, Northcote VIC 3070, Australia",Northcote,https://www.google.com/maps/search/?api=1&query=Ruckers%20Hill&query_place_id=ChIJU40Lia5D1moRluIuZkzkuCU,https://ruckershillnorthcote.com.au/,info@ruckershill.au,+61 3 9826 9612,-37.780236,144.9964901,False,Closed,Closed,5 to 11 PM,5 to 11 PM,4:30 to 11 PM,4:30 to 11 PM,5 to 10 PM,False,True,False,False,False,362.0,4.9
Hospitality,Niche On Bridge,Cafe,"571 Bridge Rd, Richmond VIC 3121, Australia",Richmond,https://www.google.com/maps/search/?api=1&query=Niche%20On%20Bridge&query_place_id=ChIJeyGJ-1lC1moRDDE6SNPttUQ,http://nicheonbridge.com.au/,,+61 3 9421 4787,-37.8195639,145.0102079,False,7 AM to 3 PM,7 AM to 3 PM,7 AM to 3 PM,7 AM to 3 PM,7 AM to 3 PM,7 AM to 3 PM,7 AM to 3 PM,False,True,True,True,True,467.0,4.6
Hospitality,Commercial Club Hotel,Pub,"344 Nicholson St, Fitzroy VIC 3065, Australia",Fitzroy,https://www.google.com/maps/search/?api=1&query=Commercial%20Club%20Hotel&query_place_id=ChIJ4ZWAjSZD1moRVxGGYJ-Id1k,http://www.commercialclubhotel.com.au/,beer@cchfitzroy.com.au,+61 3 9419 1522,-37.7945363,144.975758,False,4 to 11 PM,4 to 11 PM,4 to 11 PM,12 to 11 PM,12 PM to 12 AM,12 PM to 12 AM,12 to 11 PM,False,True,True,True,False,196.0,4.6
Hospitality,Competitive Catering Equipment,Equipment rental agency,"16 Dunn Cres, Dandenong VIC 3175, Australia",Dandenong,https://www.google.com/maps/search/?api=1&query=Competitive%20Catering%20Equipment&query_place_id=ChIJ58IVhpAT1moRaEK-zRH_920,,,+61 3 9792 5766,-37.995791,145.1931975,False,8:30 AM to 4:30 PM,8:30 AM to 4:30 PM,8:30 AM to 4:30 PM,8:30 AM to 4:30 PM,8:30 AM to 4:30 PM,Closed,Closed,False,True,True,False,False,1.0,5.0
Hospitality,LOT 88 on the park,Cafe,"11-15 Smeaton Ave, Dandenong South VIC 3175, Australia",Dandenong South,https://www.google.com/maps/search/?api=1&query=LOT%2088%20on%20the%20park&query_place_id=ChIJxStW08kT1moRrzQa0m7tkuA,http://www.lot88onthepark.com.au/,info@lot88onthepark.com.au,+61 3 8783 0188,-38.0065405,145.2005469,False,6:30 AM to 3 PM,6:30 AM to 3 PM,6:30 AM to 3 PM,6:30 AM to 3 PM,6:30 AM to 3 PM,Closed,Closed,False,True,True,True,True,270.0,4.6
Hospitality,Vanrooy Machinery,Baking supply store,"14 Brindley St, Dandenong South VIC 3175, Australia",Dandenong South,https://www.google.com/maps/search/?api=1&query=Vanrooy%20Machinery&query_place_id=ChIJhb9cIDES1moRLikFHkjwJtU,http://www.vanrooy.com.au/,,+61 3 9768 3300,-38.0082349,145.196504,False,8 AM to 5 PM,8 AM to 5 PM,8 AM to 5 PM,8 AM to 5 PM,8 AM to 5 PM,Closed,Closed,False,True,True,True,True,70.0,4.8
Hospitality,Cafe Chairs Melbourne,Furniture store,"158 Cheltenham Rd, Dandenong VIC 3175, Australia",Dandenong,https://www.google.com/maps/search/?api=1&query=Cafe%20Chairs%20Melbourne&query_place_id=ChIJz0Pk7o8T1moRSPnGZ_N5ZFY,http://cafechairsmelbourne.com.au/,john@doe.com,+61 3 9088 4163,-37.9926545,145.1934926,False,9 AM to 5 PM,9 AM to 5 PM,9 AM to 5 PM,9 AM to 5 PM,9 AM to 5 PM,Closed,Closed,False,True,True,False,False,13.0,4.8
Hospitality,Martini and Co | Plenty Valley,Restaurant,"Westfield Plenty Valley, Shop R13, Unit 7 P/415 McDonalds Rd, South Morang VIC 3752, Australia",South Morang,https://www.google.com/maps/search/?api=1&query=Martini%20and%20Co%20%7C%20Plenty%20Valley&query_place_id=ChIJcflEBl1J1moRs__f3oPYN6k,https://www.martiniandco.com.au/plenty-valley/,enquiries@martiniandco.com.au,+61 3 9404 2013,-37.6499947,145.0690911,False,11 AM to 9:30 PM,11 AM to 9:30 PM,11 AM to 9:30 PM,11 AM to 10 PM,11 AM to 11 PM,9:30 AM to 11 PM,9:30 AM to 9:30 PM,False,True,True,True,True,1393.0,4.1
Hospitality,Melbourne Refrigeration & Catering Equipment,Restaurant supply store,"15 Station St, Dandenong South VIC 3175, Australia",Dandenong South,https://www.google.com/maps/search/?api=1&query=Melbourne%20Refrigeration%20%26%20Catering%20Equipment&query_place_id=ChIJtZ0B5Y4T1moRSofQlP5Ub88,https://melbournerefrigeration.com.au/,sales@melbournerefrigeration.com.au,+61 3 9794 8627,-37.99212,145.20903,False,9 AM to 5 PM,9 AM to 5 PM,9 AM to 5 PM,9 AM to 5 PM,9 AM to 5 PM,Closed,Closed,False,True,True,False,False,92.0,4.9
Hospitality,Degani,Coffee shop,"Shop 49/415 McDonalds Rd, South Morang VIC 3752, Australia",South Morang,https://www.google.com/maps/search/?api=1&query=Degani&query_place_id=ChIJVQrGjmdJ1moRfDVViLfpgWs,http://www.degani.com.au/,,+61 3 9436 5951,-37.6511327,145.071808,False,7 AM to 8 PM,7 AM to 8 PM,7 AM to 8 PM,7 AM to 9:30 PM,7 AM to 9:30 PM,7 AM to 9:30 PM,7 AM to 8 PM,False,True,True,True,True,778.0,3.9
Hospitality,Uniform Essentials - Corporate - Workwear - Work Boots,Uniform store,"158 Princes Hwy, Dandenong VIC 3175, Australia",Dandenong,https://www.google.com/maps/search/?api=1&query=Uniform%20Essentials%20-%20Corporate%20-%20Workwear%20-%20Work%20Boots&query_place_id=ChIJvy_-tWwU1moRr5dcWcluq8o,https://www.uniformessentials.com.au/?utm_source=google%20business%20profile&utm_medium=organic&utm_campaign=Google%20Business%20Profile,enquiries@uniformessentials.com.au,+61 3 9791 5977,-37.9744542,145.2033397,False,9 AM to 5 PM,9 AM to 5 PM,9 AM to 5 PM,9 AM to 5 PM,9 AM to 5 PM,10 AM to 1 PM,Closed,False,True,True,False,False,47.0,5.0
Hospitality,Mauritian Food,Takeout Restaurant,"66 Hemmings St, Dandenong VIC 3175, Australia",Dandenong,https://www.google.com/maps/search/?api=1&query=Mauritian%20Food&query_place_id=ChIJW6YwpnQU1moRGdszNfeZcQ8,http://mauritian-food.edan.io/,,+61 429 941 469,-37.9827267,145.203022,False,Closed,10 AM to 4:30 PM,10 AM to 4:30 PM,10 AM to 4:30 PM,10 AM to 4:30 PM,10 AM to 4:30 PM,Closed,False,False,True,False,False,83.0,4.6
Hospitality,Bengal Bites,Bangladeshi restaurant,"101-103 Foster St, Dandenong VIC 3175, Australia",Dandenong,https://www.google.com/maps/search/?api=1&query=Bengal%20Bites&query_place_id=ChIJRz_bPzAV1moRQwhPDoz7nuA,https://www.bengalbites.com.au/,,+61 413 025 937,-37.990027,145.213207,False,Closed,5:30 to 10:30 PM,5:30 to 10:30 PM,5:30 to 10:30 PM,5:30 to 10:30 PM,5:30 to 10:30 PM,5:30 to 10:30 PM,False,True,True,True,True,254.0,4.3
Hospitality,Quest Dandenong,Hotel,"2-6 James St, Dandenong VIC 3175, Australia",Dandenong,https://www.google.com/maps/search/?api=1&query=Quest%20Dandenong&query_place_id=ChIJ9QG1QBIU1moRJtWyVALaqPY,https://www.questapartments.com.au/properties/vic/dandenong/quest-dandenong,,+61 3 9797 2200,-37.9782906,145.2079137,False,,,,,,,,False,False,False,False,False,285.0,4.4
Hospitality,Comfort Hotel Dandenong,Hotel,"Bldg A/124 Princes Hwy, Dandenong VIC 3175, Australia",Dandenong,https://www.google.com/maps/search/?api=1&query=Comfort%20Hotel%20Dandenong&query_place_id=ChIJ_3L-8xIU1moRxkMb3JvPiHs,https://www.choicehotels.com/victoria/dandenong/comfort-inn-hotels/au409?mc=llgoxxap,,+61 3 9706 8611,-37.9770247,145.2068049,False,,,,,,,,False,False,False,False,False,565.0,3.4
Hospitality,Justice Specialty Coffee,Cafe,"1 Clow St, Dandenong VIC 3175, Australia",Dandenong,https://www.google.com/maps/search/?api=1&query=Justice%20Specialty%20Coffee&query_place_id=ChIJx-qm3w4U1moRAENvd9vFMl4,http://www.justicecoffee.com.au/,605a7baede844d278b89dc95ae0a9123@sentry-next.wixpress.com,+61 494 311 423,-37.9844107,145.2119508,False,7:45 AM to 2 PM,7:45 AM to 2 PM,7:45 AM to 2 PM,7:45 AM to 2 PM,7:45 AM to 2 PM,Closed,Closed,False,True,True,False,True,290.0,4.8
Hospitality,Chemist Warehouse Tunstall Square,Pharmacy,"Sh 67A/B Cnr Tunstall Rd &, Doncaster Rd, Doncaster East VIC 3109, Australia",Doncaster East,https://www.google.com/maps/search/?api=1&query=Chemist%20Warehouse%20Tunstall%20Square&query_place_id=ChIJ9akNg_c41moRbWoqZdkgjCs,https://www.chemistwarehouse.com.au/,prescriptions@chemistwarehouse.com.au,+61 3 9873 1187,-37.7906613,145.1720316,False,8 AM to 10 PM,8 AM to 10 PM,8 AM to 10 PM,8 AM to 10 PM,8 AM to 10 PM,8 AM to 10 PM,8 AM to 10 PM,False,True,True,False,False,243.0,3.3
Hospitality,Coles Tunstall Square,Supermarket,"Tunstall Square Shopping Centre, Doncaster Rd &, Tunstall Rd, Donvale VIC 3111, Australia",Donvale,https://www.google.com/maps/search/?api=1&query=Coles%20Tunstall%20Square&query_place_id=ChIJjc2i8_c41moRWYK3VXiP0bc,http://www.coles.com.au/find-stores/coles/vic/donvale-609,,+61 3 8841 1200,-37.7914264,145.171915,False,7 AM to 10 PM,7 AM to 10 PM,7 AM to 10 PM,7 AM to 10 PM,7 AM to 10 PM,7 AM to 10 PM,7 AM to 10 PM,False,True,True,False,False,1252.0,4.2
Hospitality,Design Field Interiors,Interior designer,"5 Barina Way, Mill Park VIC 3082, Australia",Mill Park,https://www.google.com/maps/search/?api=1&query=Design%20Field%20Interiors&query_place_id=ChIJF55Vd0RJ1moR-bsixTdwOHc,http://www.designfieldinteriors.com.au/,,+61 402 961 155,-37.6537116,145.0655264,False,,,,,,,,False,False,True,False,False,,
Hospitality,Le Ciel Events,Event venue,"Level 6/13 Cremorne St, Cremorne VIC 3121, Australia",Cremorne,https://www.google.com/maps/search/?api=1&query=Le%20Ciel%20Events&query_place_id=ChIJYVdknqFD1moRlWab3ecqiDI,http://www.leciel.com.au/,info@leciel.com.au,+61 433 540 076,-37.8257408,144.9912567,False,8 AM to 12 AM,8 AM to 12 AM,8 AM to 12 AM,8 AM to 12 AM,8 AM to 12 AM,8 AM to 12 AM,8 AM to 12 AM,False,True,False,True,False,133.0,3.7
Hospitality,Victorian Tamil Community Centre (VTCC) - Palmyra Hall,Function room facility,"40-44 Lonsdale St, Dandenong VIC 3175, Australia",Dandenong,https://www.google.com/maps/search/?api=1&query=Victorian%20Tamil%20Community%20Centre%20(VTCC)%20-%20Palmyra%20Hall&query_place_id=ChIJv0wd8-8T1moRDtrMCCUQWPc,http://www.vtcc.org.au/,,+61 3 8900 6498,-37.998154,145.2219598,False,Closed,5 to 7 PM,Closed,5 to 7 PM,Closed,10 AM to 12 PM,Closed,False,True,True,True,False,161.0,4.4
Hospitality,"Every Bit Counts, The Impact Agency",Marketing agency,"CreativeCubes, Level 1/333 Drummond St, Carlton VIC 3053, Australia",Carlton,https://www.google.com/maps/search/?api=1&query=Every%20Bit%20Counts%2C%20The%20Impact%20Agency&query_place_id=ChIJiduLVdoEP4IR8IySK1pqNa8,https://everybitcounts.co/,,,-37.7980217,144.9682799,False,9 AM to 5:30 PM,9 AM to 5:30 PM,9 AM to 5:30 PM,9 AM to 5:30 PM,9 AM to 5:30 PM,Closed,Closed,False,False,False,False,False,10.0,5.0
Hospitality,Jolt's Loft,Food and drink,"Level 1/328 Brunswick St, Fitzroy VIC 3065, Australia",Fitzroy,https://www.google.com/maps/search/?api=1&query=Jolt's%20Loft&query_place_id=ChIJETXD3CBD1moRs-OO7O_WY5U,,,+61 428 440 366,-37.797439,144.9788668,False,,,,,,,,False,False,False,False,False,1.0,5.0
Hospitality,Dandenong Hyundai,Hyundai dealer,"37 Lonsdale St, Dandenong VIC 3175, Australia",Dandenong,https://www.google.com/maps/search/?api=1&query=Dandenong%20Hyundai&query_place_id=ChIJbW74-GwU1moRLXuXjE8fGu0,https://www.dandenonghyundai.com.au/?utm_source=google&utm_medium=organic&utm_campaign=gmbwebsite,,+61 3 9771 9400,-37.9993095,145.2222632,False,8:30 AM to 5:30 PM,8:30 AM to 5:30 PM,8:30 AM to 5:30 PM,8:30 AM to 5:30 PM,8:30 AM to 5:30 PM,8:30 AM to 5 PM,Closed,False,True,True,False,False,811.0,4.7
Hospitality,Holiday Inn Dandenong by IHG,Hotel,"50-52 McCrae St, Dandenong VIC 3175, Australia",Dandenong,https://www.google.com/maps/search/?api=1&query=Holiday%20Inn%20Dandenong%20by%20IHG&query_place_id=ChIJ5TGtewYU1moR6EYA_s1Y10I,https://www.ihg.com/holidayinn/hotels/us/en/dandenong/meldg/hoteldetail?cm_mmc=GoogleMaps-_-HI-_-AU-_-MELDG,reception.meldg@ihg.com,+61 3 8908 0000,-37.9879817,145.2167139,False,,,,,,,,False,False,False,False,False,364.0,4.5
Hospitality,Ausspice Restaurant & Caters,Sri Lankan restaurant,"50 Menzies Ave, Dandenong North VIC 3175, Australia",Dandenong North,https://www.google.com/maps/search/?api=1&query=Ausspice%20Restaurant%20%26%20Caters&query_place_id=ChIJp0F-dGQX1moRMsKqzQ9se6g,https://ausspicerestaurantcaters.com.au/,,+61 3 9599 2775,-37.9662614,145.2089946,False,10 AM to 9 PM,Closed,10 AM to 9 PM,10 AM to 9 PM,10 AM to 9 PM,10 AM to 9 PM,10 AM to 8 PM,False,True,True,False,True,141.0,4.2
Hospitality,mycar Tyre & Auto Keysborough,Tire shop,"Kingsclere Ave, Keysborough VIC 3173, Australia",Keysborough,https://www.google.com/maps/search/?api=1&query=mycar%20Tyre%20%26%20Auto%20Keysborough&query_place_id=ChIJHb0gTXIT1moRT5jwSSZGnsA,https://www.mycar.com.au/stores/vic/keysborough?utm_source=google-business-profile&utm_medium=organic&utm_campaign=gbp-website&utm_content=keysborough,,+61 3 8585 7102,-37.9937021,145.1747831,False,8 AM to 5:30 PM,8 AM to 5:30 PM,8 AM to 5:30 PM,8 AM to 5:30 PM,8 AM to 5:30 PM,8 AM to 2 PM,Closed,False,True,True,False,False,1300.0,4.7
Hospitality,HARLEEN Fashion Hub,Clothing store,"Next to chemist warehouse, 277 Lonsdale St, Dandenong VIC 3175, Australia",Dandenong,https://www.google.com/maps/search/?api=1&query=HARLEEN%20Fashion%20Hub&query_place_id=ChIJM3Jg2ksV1moRB67zPLQdchE,https://www.facebook.com/Harleenfashionhub/,,+61 426 633 310,-37.987252,145.213855,False,Closed,Closed,11:30 AM to 5:30 PM,11:30 AM to 5:30 PM,11:30 AM to 5:30 PM,11:30 AM to 5:30 PM,11:30 AM to 5:30 PM,False,False,False,False,False,95.0,4.4
Hospitality,Tastish,Restaurant,"205 Lonsdale St, Dandenong VIC 3175, Australia",Dandenong,https://www.google.com/maps/search/?api=1&query=Tastish&query_place_id=ChIJjSrTagAV1moRqpBbdveSTSQ,https://www.tastish.com.au/,contact@tastish.com.au,+61 3 8774 1140,-37.9890335,145.214015,False,12 to 9 PM,Closed,12 to 9 PM,12 to 9 PM,12 to 11 PM,12 to 11 PM,12 to 10 PM,False,True,True,False,False,331.0,4.6
Hospitality,Full House Venues,Entertainment agency,"17 Atlantic Dr, Keysborough VIC 3173, Australia",Keysborough,https://www.google.com/maps/search/?api=1&query=Full%20House%20Venues&query_place_id=ChIJPaDxlpFn1moRybK0xAWOs4w,http://www.fullhousevenues.com.au/,,+61 1800 344 669,-38.0221759,145.1820499,False,9 AM to 5 AM,9 AM to 5 AM,9 AM to 5 AM,9 AM to 5 AM,9 AM to 5 AM,Closed,Closed,False,True,True,False,False,5.0,4.2
Hospitality,The Hub General Store,General store,"36 Cambridge St, Collingwood VIC 3066, Australia",Collingwood,https://www.google.com/maps/search/?api=1&query=The%20Hub%20General%20Store&query_place_id=ChIJK_0hEOdC1moRzkD6nWDuI5I,http://www.thehubgeneralstore.com.au/,,+61 466 081 711,-37.8078072,144.9852193,False,10 AM to 5 PM,10 AM to 5 PM,10 AM to 5 PM,10 AM to 5 PM,10 AM to 5 PM,10 AM to 5 PM,10 AM to 5 PM,False,False,False,False,False,133.0,4.8
Hospitality,Sora East Melbourne,Hotel,"90 Albert St, East Melbourne VIC 3002, Australia",East Melbourne,https://www.google.com/maps/search/?api=1&query=Sora%20East%20Melbourne&query_place_id=ChIJ54_tcuZC1moRMpHvIy4_yqc,,,+61 3 9418 6666,-37.810718,144.988036,False,,,,,,,,False,False,False,False,False,472.0,3.2
Hospitality,Launch Pad H,Food and beverage consultant,"191 Powlett St, East Melbourne VIC 3002, Australia",East Melbourne,https://www.google.com/maps/search/?api=1&query=Launch%20Pad%20H&query_place_id=ChIJIaNMvbVD1moRPyCXI06ctRE,http://launchpadh.net/,hi@typemade.mx,+61 400 523 272,-37.8100548,144.9860047,False,8 AM to 6 PM,8 AM to 6 PM,8 AM to 6 PM,8 AM to 6 PM,8 AM to 6 PM,8 AM to 6 PM,8 AM to 6 PM,False,False,False,False,False,,
Hospitality,AG Equipment,Commercial refrigerator supplier,"5/11 Garfield St, Richmond VIC 3121, Australia",Richmond,https://www.google.com/maps/search/?api=1&query=AG%20Equipment&query_place_id=ChIJFU7aaeNC1moRu6TpkDXpIb0,https://www.agequipment.com.au/,sales@agequipment.com.au,+61 3 9416 4667,-37.8116372,144.9926131,False,9 AM to 4 PM,9 AM to 4 PM,9 AM to 4 PM,9 AM to 4 PM,9 AM to 4 PM,Closed,Closed,False,False,False,False,False,43.0,3.8
Hospitality,Friendly Societies Hotel,Pub,"226/228 Langridge St, Abbotsford VIC 3067, Australia",Abbotsford,https://www.google.com/maps/search/?api=1&query=Friendly%20Societies%20Hotel&query_place_id=ChIJRUd5xHVD1moRDYNwtt1iIOg,https://www.friendlysocietieshotel.com.au/,605a7baede844d278b89dc95ae0a9123@sentry-next.wixpress.com,+61 483 367 713,-37.8071777,144.9934719,False,Closed,4 to 11 PM,4 to 11 PM,12 to 11 PM,12 PM to 12:30 AM,12 PM to 12:30 AM,12 to 10 PM,False,False,False,False,False,72.0,4.9
Hospitality,Mint Food Group,Caterer,"39-41 Rupert St, Collingwood VIC 3066, Australia",Collingwood,https://www.google.com/maps/search/?api=1&query=Mint%20Food%20Group&query_place_id=ChIJQUGOckJD1moRaouj30ugVj8,https://www.mintfoodgroup.com.au/,info@mintfoodgroup.com.au,+61 3 9416 4866,-37.8078077,144.9886729,False,,,,,,,,False,False,False,False,False,2.0,5.0
Hospitality,Muslim Relief Foundation Inc.,Charity,"9 Temple Ct, Noble Park VIC 3174, Australia",Noble Park,https://www.google.com/maps/search/?api=1&query=Muslim%20Relief%20Foundation%20Inc.&query_place_id=ChIJ8U-WtfYV1moRP_-3v_V85dE,,,+61 415 739 959,-37.9689347,145.1645276,False,8 AM to 5 PM,8 AM to 5 PM,8 AM to 5 PM,8 AM to 5 PM,8 AM to 5 PM,Closed,Closed,False,False,True,False,False,2.0,5.0
Hospitality,IHS Design (Global Alliance),Hotel supply store,"93/103 Pacific Dr, Keysborough VIC 3173, Australia",Keysborough,https://www.google.com/maps/search/?api=1&query=IHS%20Design%20(Global%20Alliance)&query_place_id=ChIJjQoCuIwT1moRxeT2--id1AU,https://ihs-design.com/,video-preview@2x-1920x914.jpg,+61 3 9765 4555,-38.0176315,145.1797943,False,8 AM to 5 PM,8 AM to 5 PM,8 AM to 5 PM,8 AM to 5 PM,8 AM to 5 PM,Closed,Closed,False,True,True,True,True,1.0,5.0
Hospitality,Receptions At Sapphire,Event venue,"11 Soden Rd, Bangholme VIC 3175, Australia",Bangholme,https://www.google.com/maps/search/?api=1&query=Receptions%20At%20Sapphire&query_place_id=ChIJSdSEJO5t1moREMYM9CHTtXY,https://receptionsatsapphire.com/,,+61 433 632 560,-38.0233688,145.1378173,False,,,,,,,,False,True,True,True,False,177.0,3.9
Hospitality,SL CHEF,Sri Lankan restaurant,"153 Cleeland St, Dandenong VIC 3175, Australia",Dandenong,https://www.google.com/maps/search/?api=1&query=SL%20CHEF&query_place_id=ChIJQ14Fva4V1moRaRLRHP8NFsE,https://www.slchef.com.au/,,+61 474 268 973,-37.9737842,145.2164054,False,9 AM to 9 PM,9 AM to 9 PM,9 AM to 9 PM,9 AM to 9 PM,9 AM to 12 AM,12:30 PM to 12 AM,12:30 PM to 12 AM,False,False,True,False,False,218.0,4.9
Hospitality,The Coffee Club Café - Parkmore VIC,Cafe,"Parkmore, k21/317 Cheltenham Rd, Keysborough VIC 3173, Australia",Keysborough,https://www.google.com/maps/search/?api=1&query=The%20Coffee%20Club%20Caf%C3%A9%20-%20Parkmore%20VIC&query_place_id=ChIJeTkzSXIT1moRSG0XcfwNZfo,https://www.coffeeclub.com.au/stores/parkmore-vic/?utm_content=The%20Coffee%20Club%20Caf%C3%A9%20-%20Parkmore%20VIC%20-%20Keysborough&utm_campaign=Google%20My%20Business&utm_medium=organic&utm_source=google&utm_term=plcid_13425474263920272139,1e425ea6c12d26a7de50ef7c73c9bf3610b9f1e8_200x@2x.png,+61 3 8784 1501,-37.9923026,145.1725211,False,8 AM to 5 PM,8 AM to 5 PM,8 AM to 5 PM,8 AM to 7 PM,8 AM to 7 PM,8 AM to 5 PM,8 AM to 5 PM,False,True,True,False,True,330.0,3.9
Hospitality,Castello Group,Pub,"55 Hudson Court, Keysborough VIC 3173, Australia",Keysborough,https://www.google.com/maps/search/?api=1&query=Castello%20Group&query_place_id=ChIJa6DjM7cT1moRTOzPhyTdqnM,https://castellos.com.au/,,+61 1300 227 835,-38.0056514,145.1839525,False,8:30 AM to 5 PM,8:30 AM to 5 PM,8:30 AM to 5 PM,8:30 AM to 5 PM,8:30 AM to 5 PM,Closed,Closed,False,True,True,True,False,,
Hospitality,Flexi Talent,Recruiter,"Unit 5/138 Indian Dr, Keysborough VIC 3173, Australia",Keysborough,https://www.google.com/maps/search/?api=1&query=Flexi%20Talent&query_place_id=ChIJ_VCMQJtviW8RNgjCdRXaqAA,https://www.flexitalent.com.au/,info@flexitalent.com.au,+61 1300 887 456,-38.0048986,145.1886197,False,Open 24 hours,Open 24 hours,Open 24 hours,Open 24 hours,Open 24 hours,Open 24 hours,Open 24 hours,False,False,True,False,False,,
Hospitality,EventBookings,Event ticket seller,"29 Pacific Dr, Keysborough VIC 3173, Australia",Keysborough,https://www.google.com/maps/search/?api=1&query=EventBookings&query_place_id=ChIJex97CaoT1moRaOa9raCfsnw,https://www.eventbookings.com/,,+61 1300 508 450,-38.0136138,145.1822074,False,9 AM to 5 PM,9 AM to 5 PM,9 AM to 5 PM,9 AM to 5 PM,9 AM to 5 PM,Closed,Closed,False,False,True,False,False,54.0,4.7
Hospitality,ONEzoo,Consultant,"Unit 3/64 Cambria Rd, Keysborough VIC 3163, Australia",Keysborough,https://www.google.com/maps/search/?api=1&query=ONEzoo&query_place_id=ChIJdWMx8aYT1moROqml3PaCfyo,http://onezoo.com.au/,,+61 434 201 204,-37.989317,145.189742,False,9 AM to 5 PM,9 AM to 5 PM,9 AM to 5 PM,9 AM to 5 PM,9 AM to 5 PM,Closed,Closed,False,False,True,False,False,,
Hospitality,Manningham Function Centre,Function room facility,"1/699 Doncaster Rd, Doncaster VIC 3108, Australia",Doncaster,https://www.google.com/maps/search/?api=1&query=Manningham%20Function%20Centre&query_place_id=ChIJDRfJXGNH1moRXfPj2Sp2UR8,http://www.manninghamfunctioncentre.com.au/,%20venues@manningham.vic.gov.au,+61 3 9840 9333,-37.786659,145.1324565,False,,,,,,,,False,True,True,True,False,107.0,4.5
Hospitality,Tasty Food House,Halal restaurant,"13 Douglas St, Noble Park VIC 3174, Australia",Noble Park,https://www.google.com/maps/search/?api=1&query=Tasty%20Food%20House&query_place_id=ChIJZyowPyoV1moRo8ktMdOPvLU,https://tastyfoodhouseonline.com.au/,,+61 447 194 020,-37.9657518,145.1739923,False,9 AM to 9 PM,Closed,9 AM to 9 PM,9 AM to 9 PM,9 AM to 9 PM,9 AM to 9 PM,9 AM to 9 PM,False,False,True,False,False,211.0,4.8
Hospitality,"WHITE HOUSE CAFE, BAR & RESTAURANT by AMBULA",Sri Lankan restaurant,"247 Princes Hwy, Dandenong VIC 3175, Australia",Dandenong,https://www.google.com/maps/search/?api=1&query=WHITE%20HOUSE%20CAFE%2C%20BAR%20%26%20RESTAURANT%20by%20AMBULA&query_place_id=ChIJe2GeB1sV1moRk4JcfiJf_ls,,,+61 477 990 099,-37.9705278,145.197556,False,Closed,10:59 AM to 8:59 PM,10:59 AM to 8:59 PM,10:59 AM to 9 PM,9 AM to 10 PM,9 AM to 10 PM,9 AM to 10 PM,False,True,True,False,False,143.0,4.3
Hospitality,Rosh Restaurant,Halal restaurant,"266 Railway Parade, Noble Park VIC 3174, Australia",Noble Park,https://www.google.com/maps/search/?api=1&query=Rosh%20Restaurant&query_place_id=ChIJsZ2185MV1moRKeg4pVGWD6U,https://www.facebook.com/roshrestaurent/,,+61 410 155 331,-37.973729,145.186416,False,Closed,Closed,Closed,Closed,Closed,9:30 AM to 1:30 PM,9:30 AM to 1:30 PM,False,True,True,True,True,234.0,4.3
Hospitality,Sandown Regency,Hotel,"477-481 Princes Hwy, Noble Park VIC 3174, Australia",Noble Park,https://www.google.com/maps/search/?api=1&query=Sandown%20Regency&query_place_id=ChIJeWshPfYU1moRJzHIdkYbrKg,https://sandownregency.com.au/,enquiries@sandownregency.com.au,+61 3 9548 3444,-37.9554888,145.1802909,False,,,,,,,,False,False,False,False,False,556.0,3.3
Hospitality,Sandown Heritage Motel Inn,Motel,"433 Princes Hwy, Noble Park VIC 3174, Australia",Noble Park,https://www.google.com/maps/search/?api=1&query=Sandown%20Heritage%20Motel%20Inn&query_place_id=ChIJHfl0KF8U1moRmXJnsQugkQk,https://sandownheritagemotel.com.au/,sandownheritage@hotmail.com,+61 3 9548 0866,-37.9584331,145.1838008,False,,,,,,,,False,False,False,False,False,185.0,3.8
Hospitality,Shamma Food and Catering Pty Ltd,Takeout Restaurant,"Unit 1/11 Wigstone St, Noble Park VIC 3174, Australia",Noble Park,https://www.google.com/maps/search/?api=1&query=Shamma%20Food%20and%20Catering%20Pty%20Ltd&query_place_id=ChIJC8rBZ2UT1moRxCGb2auCI3U,,,+61 404 897 013,-37.9688258,145.1812446,False,,,,,,,,False,False,False,False,False,226.0,4.8
Hospitality,Oscar's Commercial Catering Equipment,Restaurant supply store,"Unit 53/174 Bridge Rd, Keysborough VIC 3173, Australia",Keysborough,https://www.google.com/maps/search/?api=1&query=Oscar's%20Commercial%20Catering%20Equipment&query_place_id=ChIJy7cQ8ocT1moRq4XL7HOP1rw,https://www.oscarscommercialequipment.com.au/,oscarscomequi@optusnet.com.au,+61 3 9701 8055,-37.9838792,145.1916884,False,9 AM to 4 PM,9 AM to 4 PM,9 AM to 4 PM,9 AM to 4 PM,9 AM to 4 PM,Closed,Closed,False,False,True,False,False,1.0,1.0
Hospitality,Daddy's Deli,Cafe,"1/41 Popes Rd, Keysborough VIC 3173, Australia",Keysborough,https://www.google.com/maps/search/?api=1&query=Daddy's%20Deli&query_place_id=ChIJqXepUYcV1moRaN4oy8lV8d8,https://www.instagram.com/daddysdeli.melbourne?igsh=aW51dXJuYmNuM2sz,,+61 410 603 535,-37.9823102,145.1893756,False,7 AM to 2:30 PM,7 AM to 2:30 PM,7 AM to 2:30 PM,7 AM to 2:30 PM,7 AM to 2:30 PM,8 AM to 2:30 PM,8 AM to 2:30 PM,False,False,False,False,False,138.0,4.9
Hospitality,Sheppard Catering Equipment,Restaurant supply store,"450 Princes Hwy, Noble Park North VIC 3174, Australia",Noble Park North,https://www.google.com/maps/search/?api=1&query=Sheppard%20Catering%20Equipment&query_place_id=ChIJ__9vIigV1moRgTukN5WCOhU,,,,-37.9570157,145.1849748,False,,,,,,,,False,False,True,False,False,,
Hospitality,ibis budget Dandenong,Hotel,"185-193 Princes Hwy, Dandenong VIC 3175, Australia",Dandenong,https://www.google.com/maps/search/?api=1&query=ibis%20budget%20Dandenong&query_place_id=ChIJDynffGwU1moRR82su1sSRqQ,https://all.accor.com/hotel/3584/index.en.shtml,H3584@accor.com,+61 3 9708 5121,-37.973304,145.2007076,False,,,,,,,,False,False,False,False,False,752.0,3.4
Hospitality,The Bosphorus Receptions & Dining,Event venue,"396 Greens Rd, Keysborough VIC 3173, Australia",Keysborough,https://www.google.com/maps/search/?api=1&query=The%20Bosphorus%20Receptions%20%26%20Dining&query_place_id=ChIJ-1mZg8YT1moRwkoI9KM7QYY,https://www.thebosphorus.com.au/,%20info@thebosphorus.com.au,+61 447 444 214,-38.0125326,145.1776498,False,Closed,8 AM to 3:30 PM,8 AM to 3:30 PM,8 AM to 3:30 PM,8 AM to 3:30 PM,8 AM to 3 PM,Closed,False,True,True,True,False,29.0,4.9
Hospitality,Oh My Pizza,Pizza restaurant,"1/12 Kingsclere Ave, Keysborough VIC 3173, Australia",Keysborough,https://www.google.com/maps/search/?api=1&query=Oh%20My%20Pizza&query_place_id=ChIJCViyFWQT1moRu_nq1K8tXVo,https://orderonline.ohmypizza.com.au/?page=terms,,+61 3 9798 8570,-37.9807672,145.1664421,False,5 to 8:30 PM,Closed,5 to 9 PM,5 to 9:30 PM,5 to 10 PM,5 to 10 PM,5 to 9 PM,False,True,True,True,False,337.0,4.4
